{"returned_dict": {"loss": 0.019479280337691307, "r2": 0.019479280337691307, "status": "ok", "start_time": 1671741683.490022, "duration": 2.102881908416748}, "current_params": {"N": 100, "b": 0.5035038811750691, "c": 0.42578164241205396, "iss": 0.9, "lr": 0.9385365458738635, "reg": 0.12308365745396725, "sr": 9.112700037886858}}