{"returned_dict": {"loss": 0.01830870658159256, "r2": 0.01830870658159256, "status": "ok", "start_time": 1671741659.80003, "duration": 2.1234753131866455}, "current_params": {"N": 100, "b": 0.421886222277436, "c": 0.6444280748132841, "iss": 0.9, "lr": 0.93581233269006, "reg": 0.16807111726952617, "sr": 8.422240565691235}}