{"returned_dict": {"loss": 0.019522784277796745, "r2": 0.019522784277796745, "status": "ok", "start_time": 1671744758.6292899, "duration": 2.407599925994873}, "current_params": {"N": 100, "b": 0.9431505109392719, "c": 0.1211018117597973, "iss": 0.9, "lr": 0.9349616902731771, "reg": 0.14636489702035183, "sr": 6.234224875478414}}