{"returned_dict": {"loss": 0.017600402235984802, "r2": 0.017600402235984802, "status": "ok", "start_time": 1671745211.3839698, "duration": 2.2430505752563477}, "current_params": {"N": 100, "b": 0.6044523749395848, "c": 0.15035204150578035, "iss": 0.9, "lr": 0.9612768920381901, "reg": 0.1432944156426563, "sr": 9.81156031435673}}