{"returned_dict": {"loss": 0.02495075762271881, "r2": 0.02495075762271881, "status": "ok", "start_time": 1671740618.3390994, "duration": 2.224257469177246}, "current_params": {"N": 200, "b": 0.6044523749395848, "c": 0.15035204150578035, "iss": 0.9, "lr": 0.9612768920381901, "reg": 0.1432944156426563, "sr": 9.81156031435673}}