{"returned_dict": {"loss": 0.026597721502184868, "r2": 0.026597721502184868, "status": "ok", "start_time": 1671738101.3128343, "duration": 2.0546114444732666}, "current_params": {"N": 300, "b": 0.23341137458297537, "c": 0.12686979726095268, "iss": 0.9, "lr": 0.0011872500467318813, "reg": 0.6760626187426886, "sr": 1.0093454081206334}}