{"returned_dict": {"loss": 0.0293144341558218, "r2": 0.0293144341558218, "status": "ok", "start_time": 1671741055.5267682, "duration": 2.140631914138794}, "current_params": {"N": 100, "b": 0.31115546345723355, "c": 0.7551091843151386, "iss": 0.9, "lr": 0.4681113689690687, "reg": 0.6562706866167949, "sr": 6.405726789059624}}