{"returned_dict": {"loss": 0.029782729223370552, "r2": 0.029782729223370552, "status": "ok", "start_time": 1671738349.4541101, "duration": 1.9922056198120117}, "current_params": {"N": 100, "b": 0.7315751941150844, "c": 0.17249377936536917, "iss": 0.9, "lr": 0.006647816540382772, "reg": 0.5864928534695854, "sr": 0.025903128816384208}}