{"returned_dict": {"loss": 0.027480199933052063, "r2": 0.027480199933052063, "status": "ok", "start_time": 1671738208.0114515, "duration": 1.9637887477874756}, "current_params": {"N": 100, "b": 0.157145556951399, "c": 0.12872392798188392, "iss": 0.9, "lr": 0.8604068782578704, "reg": 0.1658740365690581, "sr": 3.9223906338840515}}