{"returned_dict": {"loss": 0.02918410860002041, "r2": 0.02918410860002041, "status": "ok", "start_time": 1671744944.4875731, "duration": 2.136359453201294}, "current_params": {"N": 100, "b": 0.2826070838346628, "c": 0.16408199492855197, "iss": 0.9, "lr": 0.0037871077443508176, "reg": 0.5004910513888042, "sr": 1.253526653839631}}