{"returned_dict": {"loss": 0.026751624420285225, "r2": 0.026751624420285225, "status": "ok", "start_time": 1671737505.478838, "duration": 2.069946050643921}, "current_params": {"N": 300, "b": 0.12889709577519592, "c": 0.9417767109667982, "iss": 0.9, "lr": 0.0011253563603354569, "reg": 0.8048809259897817, "sr": 0.04981749804245153}}