{"returned_dict": {"loss": 0.0240959320217371, "r2": 0.0240959320217371, "status": "ok", "start_time": 1671737654.7670803, "duration": 2.0778276920318604}, "current_params": {"N": 100, "b": 0.6933696596224541, "c": 0.8380074883822615, "iss": 0.9, "lr": 0.001009158010588956, "reg": 0.261306053247962, "sr": 0.07326940168674866}}