{"returned_dict": {"loss": 0.02994229830801487, "r2": 0.02994229830801487, "status": "ok", "start_time": 1671737774.472157, "duration": 2.0067248344421387}, "current_params": {"N": 200, "b": 0.5160098803990281, "c": 0.13636328468024606, "iss": 0.9, "lr": 0.005584438526231021, "reg": 0.8039329534337806, "sr": 0.11855799312403709}}