{"returned_dict": {"loss": 0.029717514291405678, "r2": 0.029717514291405678, "status": "ok", "start_time": 1671738020.9531295, "duration": 2.122105360031128}, "current_params": {"N": 200, "b": 0.1825517277903088, "c": 0.5085606768407495, "iss": 0.9, "lr": 0.0014990692927709303, "reg": 0.11788150580860186, "sr": 0.759096639204377}}