{"returned_dict": {"loss": 0.02877029962837696, "r2": 0.02877029962837696, "status": "ok", "start_time": 1671737954.6552615, "duration": 2.0359866619110107}, "current_params": {"N": 100, "b": 0.12095045555427175, "c": 0.2993213454618205, "iss": 0.9, "lr": 0.0034091289862712786, "reg": 0.672001797061605, "sr": 0.08635014198845391}}