{"returned_dict": {"loss": 0.02309185266494751, "r2": 0.02309185266494751, "status": "ok", "start_time": 1671740997.6253004, "duration": 2.439293622970581}, "current_params": {"N": 300, "b": 0.20324602862700883, "c": 0.8204226542144097, "iss": 0.9, "lr": 0.001090166684906375, "reg": 0.9897998180488529, "sr": 3.8940892471264044}}