{"returned_dict": {"loss": 0.029956495389342308, "r2": 0.029956495389342308, "status": "ok", "start_time": 1671742169.3266463, "duration": 2.0244140625}, "current_params": {"N": 100, "b": 0.1270973851470171, "c": 0.2199283886817674, "iss": 0.9, "lr": 0.0015693281126234, "reg": 0.10438670075290443, "sr": 1.375055252758791}}