{"returned_dict": {"loss": 0.022720567882061005, "r2": 0.022720567882061005, "status": "ok", "start_time": 1671740944.3997893, "duration": 2.357537031173706}, "current_params": {"N": 300, "b": 0.6053433923685445, "c": 0.10208838043159156, "iss": 0.9, "lr": 0.001524642909822111, "reg": 0.9988859961635723, "sr": 3.5853652061905894}}