{"returned_dict": {"loss": 0.029546471312642097, "r2": 0.029546471312642097, "status": "ok", "start_time": 1671737488.9819973, "duration": 2.0648837089538574}, "current_params": {"N": 300, "b": 0.32078260785556023, "c": 0.7402116503813236, "iss": 0.9, "lr": 0.0017588986916506517, "reg": 0.9930868012926426, "sr": 1.2509379966926149}}