{"returned_dict": {"loss": 0.02888629585504532, "r2": 0.02888629585504532, "status": "ok", "start_time": 1671740614.1558714, "duration": 2.093411684036255}, "current_params": {"N": 200, "b": 0.43947239415332684, "c": 0.22011021102387257, "iss": 0.9, "lr": 0.0041823948500414754, "reg": 0.2726561823932927, "sr": 1.9304094121914932}}