{"returned_dict": {"loss": 0.027312619611620903, "r2": 0.027312619611620903, "status": "ok", "start_time": 1671742034.454949, "duration": 1.9843745231628418}, "current_params": {"N": 100, "b": 0.11123453147420849, "c": 0.11886030284355494, "iss": 0.9, "lr": 0.0019278323633980428, "reg": 0.6058721504125727, "sr": 1.1774682190855787}}