{"returned_dict": {"loss": 0.029234647750854492, "r2": 0.029234647750854492, "status": "ok", "start_time": 1671742145.3632157, "duration": 2.220667839050293}, "current_params": {"N": 100, "b": 0.9043259728402443, "c": 0.12242753732805128, "iss": 0.9, "lr": 0.49548956757009177, "reg": 0.5971856130109828, "sr": 8.881947204781438}}