{"returned_dict": {"loss": 0.029517782852053642, "r2": 0.029517782852053642, "status": "ok", "start_time": 1671737627.5012586, "duration": 2.1509945392608643}, "current_params": {"N": 300, "b": 0.1465535090096269, "c": 0.14059426681233755, "iss": 0.9, "lr": 0.0013818551895319936, "reg": 0.21191776766423057, "sr": 0.5693766752526699}}