{"returned_dict": {"loss": 0.027978138998150826, "r2": 0.027978138998150826, "status": "ok", "start_time": 1671740275.355565, "duration": 2.2237536907196045}, "current_params": {"N": 300, "b": 0.22635976404643185, "c": 0.1166672435702602, "iss": 0.9, "lr": 0.0012469785034749062, "reg": 0.18746490341558442, "sr": 2.3813529710414376}}