{"returned_dict": {"loss": 0.028518209233880043, "r2": 0.028518209233880043, "status": "ok", "start_time": 1671737503.538961, "duration": 1.9378836154937744}, "current_params": {"N": 100, "b": 0.5737914491430051, "c": 0.7622541731518608, "iss": 0.9, "lr": 0.0018473770505347527, "reg": 0.29318960327766436, "sr": 0.015931944006093716}}