{"returned_dict": {"loss": 0.029919013381004333, "r2": 0.029919013381004333, "status": "ok", "start_time": 1671740582.1766703, "duration": 2.124422311782837}, "current_params": {"N": 200, "b": 0.3060714635837668, "c": 0.1833109740245481, "iss": 0.9, "lr": 0.006529444090461366, "reg": 0.7876458820457561, "sr": 1.177688953733054}}