{"returned_dict": {"loss": 0.024979615584015846, "r2": 0.024979615584015846, "status": "ok", "start_time": 1671742192.873964, "duration": 2.1638906002044678}, "current_params": {"N": 100, "b": 0.2972806216676554, "c": 0.11353808296923022, "iss": 0.9, "lr": 0.7068540515119667, "reg": 0.19486667696001037, "sr": 7.605093247770413}}