{"returned_dict": {"loss": 0.026372531428933144, "r2": 0.026372531428933144, "status": "ok", "start_time": 1671745237.8063443, "duration": 2.199845314025879}, "current_params": {"N": 100, "b": 0.12053266979879558, "c": 0.22156048826913843, "iss": 0.9, "lr": 0.8751835067223517, "reg": 0.2711662289588448, "sr": 4.472486849467424}}