{"returned_dict": {"loss": 0.029628125950694084, "r2": 0.029628125950694084, "status": "ok", "start_time": 1671738055.7690113, "duration": 2.0303168296813965}, "current_params": {"N": 200, "b": 0.21842005890682653, "c": 0.20135396307451925, "iss": 0.9, "lr": 0.0012886730024120618, "reg": 0.14779206148132157, "sr": 0.12405437552058099}}