{"returned_dict": {"loss": 0.02699255757033825, "r2": 0.02699255757033825, "status": "ok", "start_time": 1671737831.4737976, "duration": 1.9976253509521484}, "current_params": {"N": 200, "b": 0.15825593228295018, "c": 0.4724186768231733, "iss": 0.9, "lr": 0.0014402248070585332, "reg": 0.6712110295843444, "sr": 0.3554664959628415}}