{"returned_dict": {"loss": 0.026701271533966064, "r2": 0.026701271533966064, "status": "ok", "start_time": 1671737623.0291798, "duration": 2.2119061946868896}, "current_params": {"N": 100, "b": 0.4055655450198396, "c": 0.4137438654046264, "iss": 0.9, "lr": 0.6954288762234998, "reg": 0.9324794235328215, "sr": 6.834465647289928}}