{"returned_dict": {"loss": 0.029940418899059296, "r2": 0.029940418899059296, "status": "ok", "start_time": 1671737956.6962354, "duration": 2.061673164367676}, "current_params": {"N": 100, "b": 0.15305641968822614, "c": 0.4963644397662678, "iss": 0.9, "lr": 0.0051941246369474675, "reg": 0.30237326940581316, "sr": 0.07000726789545537}}