{"returned_dict": {"loss": 0.029536044225096703, "r2": 0.029536044225096703, "status": "ok", "start_time": 1671740763.325696, "duration": 2.135606050491333}, "current_params": {"N": 100, "b": 0.39904638952380606, "c": 0.6208223306046636, "iss": 0.9, "lr": 0.005087030064230837, "reg": 0.7854475290204841, "sr": 1.0984940468701225}}