{"returned_dict": {"loss": 0.026851722970604897, "r2": 0.026851722970604897, "status": "ok", "start_time": 1671737772.5092762, "duration": 1.9497685432434082}, "current_params": {"N": 100, "b": 0.3823012151887656, "c": 0.2280727333349167, "iss": 0.9, "lr": 0.8619303140116903, "reg": 0.19338671506913432, "sr": 4.881086179748358}}