{"returned_dict": {"loss": 0.02917037345468998, "r2": 0.02917037345468998, "status": "ok", "start_time": 1671745148.792344, "duration": 2.247950315475464}, "current_params": {"N": 100, "b": 0.11777426690454676, "c": 0.37042396631580904, "iss": 0.9, "lr": 0.0019670071265591306, "reg": 0.4922051243973134, "sr": 1.122677672782868}}