{"returned_dict": {"loss": 0.029560662806034088, "r2": 0.029560662806034088, "status": "ok", "start_time": 1671737589.4980893, "duration": 2.0757057666778564}, "current_params": {"N": 300, "b": 0.15456355165159094, "c": 0.28004323229983275, "iss": 0.9, "lr": 0.001490692182461561, "reg": 0.341853743259133, "sr": 0.01695935124689556}}