{"returned_dict": {"loss": 0.02890625037252903, "r2": 0.02890625037252903, "status": "ok", "start_time": 1671737919.3349261, "duration": 1.967503547668457}, "current_params": {"N": 100, "b": 0.5281128163953739, "c": 0.44578659962894707, "iss": 0.9, "lr": 0.001019604112788759, "reg": 0.1089632195916686, "sr": 0.048121935421030784}}