{"returned_dict": {"loss": 0.027772078290581703, "r2": 0.027772078290581703, "status": "ok", "start_time": 1671742401.6779075, "duration": 1.9722871780395508}, "current_params": {"N": 100, "b": 0.18184643566099104, "c": 0.42654024807626884, "iss": 0.9, "lr": 0.001350765380672023, "reg": 0.1592668387189418, "sr": 1.8488588104109045}}