{"returned_dict": {"loss": 0.029712488874793053, "r2": 0.029712488874793053, "status": "ok", "start_time": 1671738049.6834514, "duration": 1.930511236190796}, "current_params": {"N": 100, "b": 0.27783588945596516, "c": 0.8307993513539023, "iss": 0.9, "lr": 0.0023907620849884367, "reg": 0.15177924529298878, "sr": 0.033885524879217685}}