{"returned_dict": {"loss": 0.028773233294487, "r2": 0.028773233294487, "status": "ok", "start_time": 1671742289.684337, "duration": 2.0445635318756104}, "current_params": {"N": 100, "b": 0.22635626973131368, "c": 0.4474757608633799, "iss": 0.9, "lr": 0.0032389677125462956, "reg": 0.7373600371403147, "sr": 1.0660458648695528}}