{"returned_dict": {"loss": 0.029611187055706978, "r2": 0.029611187055706978, "status": "ok", "start_time": 1671740558.490079, "duration": 2.1474931240081787}, "current_params": {"N": 300, "b": 0.11777426690454676, "c": 0.37042396631580904, "iss": 0.9, "lr": 0.0019670071265591306, "reg": 0.4922051243973134, "sr": 1.122677672782868}}