{"returned_dict": {"loss": 0.028034701943397522, "r2": 0.028034701943397522, "status": "ok", "start_time": 1671741508.6315143, "duration": 2.1338841915130615}, "current_params": {"N": 100, "b": 0.2977528122390124, "c": 0.41008524473739666, "iss": 0.9, "lr": 0.0015415307981808321, "reg": 0.6331932248008456, "sr": 1.0262381293031686}}