{"returned_dict": {"loss": 0.02829821966588497, "r2": 0.02829821966588497, "status": "ok", "start_time": 1671737821.259854, "duration": 1.9520606994628906}, "current_params": {"N": 100, "b": 0.2677535435229133, "c": 0.2314993617629025, "iss": 0.9, "lr": 0.001817436335305465, "reg": 0.3863839825804039, "sr": 0.5391304566113871}}