{"returned_dict": {"loss": 0.029626967385411263, "r2": 0.029626967385411263, "status": "ok", "start_time": 1671738149.530721, "duration": 2.0526766777038574}, "current_params": {"N": 100, "b": 0.3827183001140004, "c": 0.7262322746941332, "iss": 0.9, "lr": 0.0051414341871688215, "reg": 0.6684149450355451, "sr": 0.011559766656576766}}