{"returned_dict": {"loss": 0.0277063250541687, "r2": 0.0277063250541687, "status": "ok", "start_time": 1671737513.9459445, "duration": 1.9654123783111572}, "current_params": {"N": 100, "b": 0.22349360283401046, "c": 0.2613140062201146, "iss": 0.9, "lr": 0.002422315386294973, "reg": 0.7077093386013356, "sr": 0.0544052294998603}}