{"returned_dict": {"loss": 0.02516142837703228, "r2": 0.02516142837703228, "status": "ok", "start_time": 1671738004.0727584, "duration": 2.160813331604004}, "current_params": {"N": 300, "b": 0.15755372250124675, "c": 0.43950149273215067, "iss": 0.9, "lr": 0.0014462292557666065, "reg": 0.294214946520445, "sr": 5.327874893565982}}