{"returned_dict": {"loss": 0.023339709267020226, "r2": 0.023339709267020226, "status": "ok", "start_time": 1671740842.2651584, "duration": 2.099087953567505}, "current_params": {"N": 100, "b": 0.12991880844295, "c": 0.32028704136836816, "iss": 0.9, "lr": 0.769810840838405, "reg": 0.5830608007185725, "sr": 9.490685757178609}}