{"returned_dict": {"loss": 0.029465699568390846, "r2": 0.029465699568390846, "status": "ok", "start_time": 1671738472.3107753, "duration": 2.1215410232543945}, "current_params": {"N": 300, "b": 0.5378061726479668, "c": 0.41189034167782335, "iss": 0.9, "lr": 0.002917610057864252, "reg": 0.627098762722535, "sr": 0.5852145070502792}}