{"returned_dict": {"loss": 0.029206790030002594, "r2": 0.029206790030002594, "status": "ok", "start_time": 1671740384.43057, "duration": 2.03959059715271}, "current_params": {"N": 100, "b": 0.26797209792673493, "c": 0.6150850575096882, "iss": 0.9, "lr": 0.00398609258790173, "reg": 0.825688476597226, "sr": 1.0795288218241201}}