{"returned_dict": {"loss": 0.02987668104469776, "r2": 0.02987668104469776, "status": "ok", "start_time": 1671738428.4966009, "duration": 2.001897096633911}, "current_params": {"N": 200, "b": 0.41688132093513397, "c": 0.1165060156804446, "iss": 0.9, "lr": 0.002385000819432965, "reg": 0.26646094538783094, "sr": 0.03632289719568176}}