{"returned_dict": {"loss": 0.02246638387441635, "r2": 0.02246638387441635, "status": "ok", "start_time": 1671744948.783896, "duration": 2.114551544189453}, "current_params": {"N": 100, "b": 0.123924017663555, "c": 0.12854730820831434, "iss": 0.9, "lr": 0.9218534144690987, "reg": 0.9619270063533313, "sr": 5.657079559990437}}