{"returned_dict": {"loss": 0.02861403115093708, "r2": 0.02861403115093708, "status": "ok", "start_time": 1671745011.3242497, "duration": 2.1002590656280518}, "current_params": {"N": 100, "b": 0.15054809356270255, "c": 0.5849508750505626, "iss": 0.9, "lr": 0.5744555263071301, "reg": 0.2057495381674696, "sr": 5.724584954282676}}