{"returned_dict": {"loss": 0.02998673915863037, "r2": 0.02998673915863037, "status": "ok", "start_time": 1671738374.3422945, "duration": 1.9692130088806152}, "current_params": {"N": 100, "b": 0.25220801155156886, "c": 0.587998862893945, "iss": 0.9, "lr": 0.005637122924748199, "reg": 0.17450939088036224, "sr": 0.897069820917501}}