{"returned_dict": {"loss": 0.02964697778224945, "r2": 0.02964697778224945, "status": "ok", "start_time": 1671738191.5152874, "duration": 2.0751852989196777}, "current_params": {"N": 200, "b": 0.44885531241314114, "c": 0.7471733619914357, "iss": 0.9, "lr": 0.0016599469297046768, "reg": 0.11428958820236489, "sr": 1.5946586754215286}}