{"returned_dict": {"loss": 0.028200283646583557, "r2": 0.028200283646583557, "status": "ok", "start_time": 1671741996.7334032, "duration": 2.0444369316101074}, "current_params": {"N": 100, "b": 0.2819386119135461, "c": 0.14746411986111918, "iss": 0.9, "lr": 0.5155379536211393, "reg": 0.10282547820155967, "sr": 5.951357385430863}}