{"returned_dict": {"loss": 0.021736910566687584, "r2": 0.021736910566687584, "status": "ok", "start_time": 1671742151.876617, "duration": 2.1720333099365234}, "current_params": {"N": 100, "b": 0.371152890440591, "c": 0.8724934440929939, "iss": 0.9, "lr": 0.8320929033490913, "reg": 0.12236906820324675, "sr": 6.546586081738077}}