{"returned_dict": {"loss": 0.02987852692604065, "r2": 0.02987852692604065, "status": "ok", "start_time": 1671737929.8020277, "duration": 2.0583713054656982}, "current_params": {"N": 300, "b": 0.2396109345946111, "c": 0.5115148745248707, "iss": 0.9, "lr": 0.001952013025035884, "reg": 0.12098730349167153, "sr": 0.7933353452348222}}