{"returned_dict": {"loss": 0.028473442420363426, "r2": 0.028473442420363426, "status": "ok", "start_time": 1671740819.8016226, "duration": 2.190843343734741}, "current_params": {"N": 200, "b": 0.11123453147420849, "c": 0.11886030284355494, "iss": 0.9, "lr": 0.0019278323633980428, "reg": 0.6058721504125727, "sr": 1.1774682190855787}}