{"returned_dict": {"loss": 0.029287593439221382, "r2": 0.029287593439221382, "status": "ok", "start_time": 1671742270.4331884, "duration": 2.153718948364258}, "current_params": {"N": 100, "b": 0.8594482781448122, "c": 0.24030692174328205, "iss": 0.9, "lr": 0.4381983742298818, "reg": 0.9309687749671715, "sr": 7.09171407174884}}