{"returned_dict": {"loss": 0.02870410680770874, "r2": 0.02870410680770874, "status": "ok", "start_time": 1671737673.2632504, "duration": 2.0617480278015137}, "current_params": {"N": 300, "b": 0.10508086967619851, "c": 0.2069628692911127, "iss": 0.9, "lr": 0.0016930941327325617, "reg": 0.6835109095280938, "sr": 0.22191193501289097}}