{"returned_dict": {"loss": 0.02998153120279312, "r2": 0.02998153120279312, "status": "ok", "start_time": 1671738436.7901852, "duration": 2.0812056064605713}, "current_params": {"N": 300, "b": 0.13429170807828084, "c": 0.37858023787571243, "iss": 0.9, "lr": 0.004503537630220337, "reg": 0.5853504213224423, "sr": 0.02689043587123}}