{"returned_dict": {"loss": 0.02647680789232254, "r2": 0.02647680789232254, "status": "ok", "start_time": 1671740148.5414715, "duration": 2.2789008617401123}, "current_params": {"N": 300, "b": 0.12889709577519592, "c": 0.9417767109667982, "iss": 0.9, "lr": 0.0011253563603354569, "reg": 0.8048809259897817, "sr": 1.7078929171866586}}