{"returned_dict": {"loss": 0.029852068051695824, "r2": 0.029852068051695824, "status": "ok", "start_time": 1671741185.5326877, "duration": 2.415436029434204}, "current_params": {"N": 300, "b": 0.182022981270597, "c": 0.5930371543730358, "iss": 0.9, "lr": 0.009319567676996886, "reg": 0.33404868983732866, "sr": 1.5023053097585373}}