{"returned_dict": {"loss": 0.026422997936606407, "r2": 0.026422997936606407, "status": "ok", "start_time": 1671737802.7738137, "duration": 2.029383420944214}, "current_params": {"N": 200, "b": 0.5035038811750691, "c": 0.42578164241205396, "iss": 0.9, "lr": 0.9385365458738635, "reg": 0.12308365745396725, "sr": 7.567304757039052}}