{"returned_dict": {"loss": 0.02857706882059574, "r2": 0.02857706882059574, "status": "ok", "start_time": 1671740248.6115787, "duration": 2.1737749576568604}, "current_params": {"N": 300, "b": 0.3611735838365703, "c": 0.19393864224790094, "iss": 0.9, "lr": 0.0012105913148246156, "reg": 0.21170079608340778, "sr": 1.997067385574824}}