{"returned_dict": {"loss": 0.0294595155864954, "r2": 0.0294595155864954, "status": "ok", "start_time": 1671737894.278953, "duration": 2.1273860931396484}, "current_params": {"N": 300, "b": 0.11777426690454676, "c": 0.37042396631580904, "iss": 0.9, "lr": 0.0019670071265591306, "reg": 0.4922051243973134, "sr": 0.014150287283851684}}