{"returned_dict": {"loss": 0.027599645778536797, "r2": 0.027599645778536797, "status": "ok", "start_time": 1671740288.5508285, "duration": 2.0837604999542236}, "current_params": {"N": 200, "b": 0.2977528122390124, "c": 0.41008524473739666, "iss": 0.9, "lr": 0.0015415307981808321, "reg": 0.6331932248008456, "sr": 1.0262381293031686}}