{"returned_dict": {"loss": 0.027725949883461, "r2": 0.027725949883461, "status": "ok", "start_time": 1671738258.168424, "duration": 2.101386785507202}, "current_params": {"N": 300, "b": 0.6053433923685445, "c": 0.10208838043159156, "iss": 0.9, "lr": 0.001524642909822111, "reg": 0.9988859961635723, "sr": 0.460893091959014}}