{"returned_dict": {"loss": 0.02552899532020092, "r2": 0.02552899532020092, "status": "ok", "start_time": 1671737952.640394, "duration": 2.011876106262207}, "current_params": {"N": 200, "b": 0.6044523749395848, "c": 0.15035204150578035, "iss": 0.9, "lr": 0.9612768920381901, "reg": 0.1432944156426563, "sr": 9.445266883589115}}