{"returned_dict": {"loss": 0.02865692786872387, "r2": 0.02865692786872387, "status": "ok", "start_time": 1671741093.4712553, "duration": 2.2145166397094727}, "current_params": {"N": 100, "b": 0.34099109296986574, "c": 0.22777838316023968, "iss": 0.9, "lr": 0.465857678500625, "reg": 0.10476951497525444, "sr": 7.860267807158553}}