{"returned_dict": {"loss": 0.027079299092292786, "r2": 0.027079299092292786, "status": "ok", "start_time": 1671741410.0935447, "duration": 2.04282808303833}, "current_params": {"N": 100, "b": 0.17482038591298715, "c": 0.7431380026416207, "iss": 0.9, "lr": 0.5093800439838344, "reg": 0.16694025196505888, "sr": 8.232915006506074}}