{"returned_dict": {"loss": 0.022710224613547325, "r2": 0.022710224613547325, "status": "ok", "start_time": 1671737780.5224216, "duration": 2.04675555229187}, "current_params": {"N": 100, "b": 0.421886222277436, "c": 0.6444280748132841, "iss": 0.9, "lr": 0.93581233269006, "reg": 0.16807111726952617, "sr": 5.9742435894426436}}