{"returned_dict": {"loss": 0.023983603343367577, "r2": 0.023983603343367577, "status": "ok", "start_time": 1671741493.7426732, "duration": 2.1536948680877686}, "current_params": {"N": 100, "b": 0.4055655450198396, "c": 0.4137438654046264, "iss": 0.9, "lr": 0.6954288762234998, "reg": 0.9324794235328215, "sr": 8.808491135902718}}