{"returned_dict": {"loss": 0.027460133656859398, "r2": 0.027460133656859398, "status": "ok", "start_time": 1671742355.6536057, "duration": 2.065009832382202}, "current_params": {"N": 100, "b": 0.1265165383491759, "c": 0.12046569845257696, "iss": 0.9, "lr": 0.6148604094980725, "reg": 0.5186383913014839, "sr": 5.869123999503469}}