{"returned_dict": {"loss": 0.028767317533493042, "r2": 0.028767317533493042, "status": "ok", "start_time": 1671741528.0697203, "duration": 2.095414161682129}, "current_params": {"N": 100, "b": 0.20753570708472466, "c": 0.3407104582731828, "iss": 0.9, "lr": 0.003573156992234659, "reg": 0.7078478802388791, "sr": 1.1678692981078105}}