{"returned_dict": {"loss": 0.02511986531317234, "r2": 0.02511986531317234, "status": "ok", "start_time": 1671738307.9714549, "duration": 2.134629487991333}, "current_params": {"N": 300, "b": 0.20324602862700883, "c": 0.8204226542144097, "iss": 0.9, "lr": 0.001090166684906375, "reg": 0.9897998180488529, "sr": 0.5904970090276837}}