{"returned_dict": {"loss": 0.029370546340942383, "r2": 0.029370546340942383, "status": "ok", "start_time": 1671737906.7481782, "duration": 2.076202869415283}, "current_params": {"N": 200, "b": 0.2228410941698721, "c": 0.25201362433128505, "iss": 0.9, "lr": 0.0026600589333919127, "reg": 0.4672603934018851, "sr": 0.8809511170448545}}