{"returned_dict": {"loss": 0.02880912832915783, "r2": 0.02880912832915783, "status": "ok", "start_time": 1671737950.599332, "duration": 2.0368967056274414}, "current_params": {"N": 200, "b": 0.37841629305036983, "c": 0.2516944589534234, "iss": 0.9, "lr": 0.0022413456835949823, "reg": 0.6921016833030303, "sr": 0.17783617122599135}}