{"returned_dict": {"loss": 0.029934361577033997, "r2": 0.029934361577033997, "status": "ok", "start_time": 1671738463.9378793, "duration": 2.066800832748413}, "current_params": {"N": 300, "b": 0.5479557544144761, "c": 0.5101365941099031, "iss": 0.9, "lr": 0.0028135088357644574, "reg": 0.6714866850796948, "sr": 0.12365098930633842}}