{"returned_dict": {"loss": 0.029538879171013832, "r2": 0.029538879171013832, "status": "ok", "start_time": 1671737563.9933064, "duration": 2.0412774085998535}, "current_params": {"N": 100, "b": 0.6679947996440662, "c": 0.2731187939825182, "iss": 0.9, "lr": 0.0016156588507471406, "reg": 0.1660077364316075, "sr": 0.03073430140568509}}