{"returned_dict": {"loss": 0.02480834163725376, "r2": 0.02480834163725376, "status": "ok", "start_time": 1671740462.2599761, "duration": 2.146333694458008}, "current_params": {"N": 200, "b": 0.5035038811750691, "c": 0.42578164241205396, "iss": 0.9, "lr": 0.9385365458738635, "reg": 0.12308365745396725, "sr": 9.112700037886858}}