{"returned_dict": {"loss": 0.029968349263072014, "r2": 0.029968349263072014, "status": "ok", "start_time": 1671737557.7664638, "duration": 2.064563751220703}, "current_params": {"N": 200, "b": 0.11717945830777778, "c": 0.306789009398213, "iss": 0.9, "lr": 0.0041878954202570285, "reg": 0.20509990571183287, "sr": 0.7656474307799984}}