{"returned_dict": {"loss": 0.02962433733046055, "r2": 0.02962433733046055, "status": "ok", "start_time": 1671737656.8518815, "duration": 2.022447109222412}, "current_params": {"N": 200, "b": 0.20753570708472466, "c": 0.3407104582731828, "iss": 0.9, "lr": 0.003573156992234659, "reg": 0.7078478802388791, "sr": 0.015928787718820343}}