{"returned_dict": {"loss": 0.029910661280155182, "r2": 0.029910661280155182, "status": "ok", "start_time": 1671738272.6354377, "duration": 2.05125093460083}, "current_params": {"N": 200, "b": 0.1270973851470171, "c": 0.2199283886817674, "iss": 0.9, "lr": 0.0015693281126234, "reg": 0.10438670075290443, "sr": 0.02599922774334515}}