{"returned_dict": {"loss": 0.029095463454723358, "r2": 0.029095463454723358, "status": "ok", "start_time": 1671740307.5234423, "duration": 2.1418352127075195}, "current_params": {"N": 200, "b": 0.20753570708472466, "c": 0.3407104582731828, "iss": 0.9, "lr": 0.003573156992234659, "reg": 0.7078478802388791, "sr": 1.1678692981078105}}