{"returned_dict": {"loss": 0.02344333566725254, "r2": 0.02344333566725254, "status": "ok", "start_time": 1671738162.2324104, "duration": 2.020416498184204}, "current_params": {"N": 100, "b": 0.12991880844295, "c": 0.32028704136836816, "iss": 0.9, "lr": 0.769810840838405, "reg": 0.5830608007185725, "sr": 8.54855640468951}}