{"returned_dict": {"loss": 0.02947307378053665, "r2": 0.02947307378053665, "status": "ok", "start_time": 1671738351.450797, "duration": 2.043862819671631}, "current_params": {"N": 200, "b": 0.19492678144242448, "c": 0.7331204773872377, "iss": 0.9, "lr": 0.0011995224021639774, "reg": 0.16766333610031053, "sr": 0.05561446877523706}}