{"returned_dict": {"loss": 0.029500426724553108, "r2": 0.029500426724553108, "status": "ok", "start_time": 1671738293.2845993, "duration": 2.1239664554595947}, "current_params": {"N": 300, "b": 0.11081573029853599, "c": 0.5164442363107706, "iss": 0.9, "lr": 0.0014310564717101193, "reg": 0.2855150722064059, "sr": 0.13806739959039055}}