{"returned_dict": {"loss": 0.0289806816726923, "r2": 0.0289806816726923, "status": "ok", "start_time": 1671737549.5643365, "duration": 2.101484537124634}, "current_params": {"N": 200, "b": 0.15012636913267152, "c": 0.22239181869103514, "iss": 0.9, "lr": 0.0017068361591199817, "reg": 0.2780223766130997, "sr": 0.7839491567314942}}