{"returned_dict": {"loss": 0.029134484007954597, "r2": 0.029134484007954597, "status": "ok", "start_time": 1671738347.400774, "duration": 2.049345016479492}, "current_params": {"N": 300, "b": 0.10090704631153774, "c": 0.5152731117359162, "iss": 0.9, "lr": 0.0023017548762809597, "reg": 0.6729615987805105, "sr": 0.31262073395652634}}