{"returned_dict": {"loss": 0.029338868334889412, "r2": 0.029338868334889412, "status": "ok", "start_time": 1671742042.7773929, "duration": 2.075584888458252}, "current_params": {"N": 100, "b": 0.3827183001140004, "c": 0.7262322746941332, "iss": 0.9, "lr": 0.0051414341871688215, "reg": 0.6684149450355451, "sr": 1.0495014006613854}}