{"returned_dict": {"loss": 0.0276706013828516, "r2": 0.0276706013828516, "status": "ok", "start_time": 1671742074.0373795, "duration": 2.070081949234009}, "current_params": {"N": 100, "b": 0.8191619030908228, "c": 0.24522295562119517, "iss": 0.9, "lr": 0.5598775886323107, "reg": 0.9335716662062428, "sr": 6.209114394005783}}