{"returned_dict": {"loss": 0.0298612043261528, "r2": 0.0298612043261528, "status": "ok", "start_time": 1671737703.2002034, "duration": 1.960763692855835}, "current_params": {"N": 200, "b": 0.2826070838346628, "c": 0.16408199492855197, "iss": 0.9, "lr": 0.0037871077443508176, "reg": 0.5004910513888042, "sr": 0.0196970287356267}}