{"returned_dict": {"loss": 0.026133587583899498, "r2": 0.026133587583899498, "status": "ok", "start_time": 1671741733.1377125, "duration": 2.1906566619873047}, "current_params": {"N": 100, "b": 0.4480867836774068, "c": 0.4912901184562317, "iss": 0.9, "lr": 0.7766456097348575, "reg": 0.8080321494301728, "sr": 6.967839052737121}}