{"returned_dict": {"loss": 0.02986963652074337, "r2": 0.02986963652074337, "status": "ok", "start_time": 1671742251.0405731, "duration": 2.130068302154541}, "current_params": {"N": 100, "b": 0.19492678144242448, "c": 0.7331204773872377, "iss": 0.9, "lr": 0.0011995224021639774, "reg": 0.16766333610031053, "sr": 1.7717234405175115}}