{"returned_dict": {"loss": 0.029920190572738647, "r2": 0.029920190572738647, "status": "ok", "start_time": 1671737985.3724506, "duration": 2.0928540229797363}, "current_params": {"N": 300, "b": 0.13732241855809105, "c": 0.29721934441971665, "iss": 0.9, "lr": 0.00400717474529995, "reg": 0.6193055412806869, "sr": 0.049710188059256144}}