{"returned_dict": {"loss": 0.029690949246287346, "r2": 0.029690949246287346, "status": "ok", "start_time": 1671738183.1672366, "duration": 1.9834935665130615}, "current_params": {"N": 200, "b": 0.29231253737391216, "c": 0.9127204045028746, "iss": 0.9, "lr": 0.0011970839811347202, "reg": 0.15492885309622204, "sr": 0.09186674366643302}}