{"returned_dict": {"loss": 0.028559261932969093, "r2": 0.028559261932969093, "status": "ok", "start_time": 1671738229.0242786, "duration": 2.1522250175476074}, "current_params": {"N": 100, "b": 0.39564071557208796, "c": 0.849023446228197, "iss": 0.9, "lr": 0.5478929470312114, "reg": 0.9223905046493376, "sr": 6.385491942812451}}