{"returned_dict": {"loss": 0.027501828968524933, "r2": 0.027501828968524933, "status": "ok", "start_time": 1671737935.9938943, "duration": 2.1674327850341797}, "current_params": {"N": 200, "b": 0.16831095674944374, "c": 0.31549492065203166, "iss": 0.9, "lr": 0.001431171798793166, "reg": 0.5924643712358629, "sr": 0.07078120370124376}}