{"returned_dict": {"loss": 0.029590919613838196, "r2": 0.029590919613838196, "status": "ok", "start_time": 1671745173.1658962, "duration": 2.208178758621216}, "current_params": {"N": 100, "b": 0.3060714635837668, "c": 0.1833109740245481, "iss": 0.9, "lr": 0.006529444090461366, "reg": 0.7876458820457561, "sr": 1.177688953733054}}