{"returned_dict": {"loss": 0.02942306362092495, "r2": 0.02942306362092495, "status": "ok", "start_time": 1671737966.8802528, "duration": 1.9691622257232666}, "current_params": {"N": 100, "b": 0.7052255576219617, "c": 0.6421269613430052, "iss": 0.9, "lr": 0.0035248520280593454, "reg": 0.40137326261305695, "sr": 0.03184366228291154}}