{"returned_dict": {"loss": 0.029905488714575768, "r2": 0.029905488714575768, "status": "ok", "start_time": 1671738176.8797007, "duration": 2.0460619926452637}, "current_params": {"N": 100, "b": 0.1319012940910559, "c": 0.38554729928388065, "iss": 0.9, "lr": 0.00664632906689143, "reg": 0.2970254125442147, "sr": 1.121051422000462}}