{"returned_dict": {"loss": 0.029769690707325935, "r2": 0.029769690707325935, "status": "ok", "start_time": 1671738388.9581842, "duration": 2.0981640815734863}, "current_params": {"N": 300, "b": 0.22635626973131368, "c": 0.4474757608633799, "iss": 0.9, "lr": 0.0032389677125462956, "reg": 0.7373600371403147, "sr": 0.012115118591864824}}