{"returned_dict": {"loss": 0.02929520606994629, "r2": 0.02929520606994629, "status": "ok", "start_time": 1671738359.9138725, "duration": 1.9962351322174072}, "current_params": {"N": 100, "b": 0.6260504332994168, "c": 0.5523072430258966, "iss": 0.9, "lr": 0.45744487264479583, "reg": 0.6456531785307473, "sr": 5.938093096204924}}