{"returned_dict": {"loss": 0.02942514978349209, "r2": 0.02942514978349209, "status": "ok", "start_time": 1671737768.4893239, "duration": 1.9285192489624023}, "current_params": {"N": 100, "b": 0.11207768238488905, "c": 0.5021283836628881, "iss": 0.9, "lr": 0.005199088611116443, "reg": 0.7236121107339822, "sr": 0.16300115584611943}}