{"returned_dict": {"loss": 0.02541637234389782, "r2": 0.02541637234389782, "status": "ok", "start_time": 1671738041.5283716, "duration": 2.056995391845703}, "current_params": {"N": 100, "b": 0.16876139496921155, "c": 0.2293949687310976, "iss": 0.9, "lr": 0.0017229512081109878, "reg": 0.6924630048124206, "sr": 3.9228417131803943}}