{"returned_dict": {"loss": 0.029936494305729866, "r2": 0.029936494305729866, "status": "ok", "start_time": 1671742248.915916, "duration": 2.117291212081909}, "current_params": {"N": 100, "b": 0.7315751941150844, "c": 0.17249377936536917, "iss": 0.9, "lr": 0.006647816540382772, "reg": 0.5864928534695854, "sr": 1.3733589911278494}}