{"returned_dict": {"loss": 0.028750965371727943, "r2": 0.028750965371727943, "status": "ok", "start_time": 1671738035.4055562, "duration": 2.0378870964050293}, "current_params": {"N": 100, "b": 0.25930653532098613, "c": 0.10359047234209853, "iss": 0.9, "lr": 0.001419804498824, "reg": 0.17031666943258858, "sr": 0.46000866913703187}}