{"returned_dict": {"loss": 0.029269279912114143, "r2": 0.029269279912114143, "status": "ok", "start_time": 1671740237.5814142, "duration": 2.2267696857452393}, "current_params": {"N": 300, "b": 0.15456355165159094, "c": 0.28004323229983275, "iss": 0.9, "lr": 0.001490692182461561, "reg": 0.341853743259133, "sr": 1.1925311856124432}}