{"returned_dict": {"loss": 0.027718855068087578, "r2": 0.027718855068087578, "status": "ok", "start_time": 1671737638.1478915, "duration": 2.0629961490631104}, "current_params": {"N": 200, "b": 0.2977528122390124, "c": 0.41008524473739666, "iss": 0.9, "lr": 0.0015415307981808321, "reg": 0.6331932248008456, "sr": 0.0108079776956026}}