{"returned_dict": {"loss": 0.028506090864539146, "r2": 0.028506090864539146, "status": "ok", "start_time": 1671738141.1416469, "duration": 1.9814341068267822}, "current_params": {"N": 200, "b": 0.11123453147420849, "c": 0.11886030284355494, "iss": 0.9, "lr": 0.0019278323633980428, "reg": 0.6058721504125727, "sr": 0.016324789196334597}}