{"returned_dict": {"loss": 0.029823532328009605, "r2": 0.029823532328009605, "status": "ok", "start_time": 1671740960.0471137, "duration": 2.09476900100708}, "current_params": {"N": 200, "b": 0.1270973851470171, "c": 0.2199283886817674, "iss": 0.9, "lr": 0.0015693281126234, "reg": 0.10438670075290443, "sr": 1.375055252758791}}