{"returned_dict": {"loss": 0.026977410539984703, "r2": 0.026977410539984703, "status": "ok", "start_time": 1671741826.3102198, "duration": 2.2638723850250244}, "current_params": {"N": 100, "b": 0.16831095674944374, "c": 0.31549492065203166, "iss": 0.9, "lr": 0.001431171798793166, "reg": 0.5924643712358629, "sr": 1.9200210112468787}}