{"returned_dict": {"loss": 0.029501497745513916, "r2": 0.029501497745513916, "status": "ok", "start_time": 1671738088.8355098, "duration": 2.002682685852051}, "current_params": {"N": 100, "b": 0.39904638952380606, "c": 0.6208223306046636, "iss": 0.9, "lr": 0.005087030064230837, "reg": 0.7854475290204841, "sr": 0.013255408707761393}}