{"returned_dict": {"loss": 0.02130124904215336, "r2": 0.02130124904215336, "status": "ok", "start_time": 1671740430.5544794, "duration": 2.2000973224639893}, "current_params": {"N": 100, "b": 0.3823012151887656, "c": 0.2280727333349167, "iss": 0.9, "lr": 0.8619303140116903, "reg": 0.19338671506913432, "sr": 7.873578440839651}}