{"returned_dict": {"loss": 0.029981501400470734, "r2": 0.029981501400470734, "status": "ok", "start_time": 1671738330.76236, "duration": 2.0581107139587402}, "current_params": {"N": 200, "b": 0.8924341177678581, "c": 0.1347151713029541, "iss": 0.9, "lr": 0.0019423548359328022, "reg": 0.324232729191941, "sr": 0.43205154797079964}}