{"returned_dict": {"loss": 0.029918333515524864, "r2": 0.029918333515524864, "status": "ok", "start_time": 1671738145.275446, "duration": 2.122892379760742}, "current_params": {"N": 200, "b": 0.45602193607051733, "c": 0.35938501064992945, "iss": 0.9, "lr": 0.002939212416955198, "reg": 0.3508303790006891, "sr": 0.06628269177646086}}