{"returned_dict": {"loss": 0.02968762256205082, "r2": 0.02968762256205082, "status": "ok", "start_time": 1671737782.5833697, "duration": 1.95210862159729}, "current_params": {"N": 100, "b": 0.32478177895657784, "c": 0.9598943842622467, "iss": 0.9, "lr": 0.006521274464604564, "reg": 0.8459272733558301, "sr": 0.585864823414778}}