{"returned_dict": {"loss": 0.02598651498556137, "r2": 0.02598651498556137, "status": "ok", "start_time": 1671738470.242589, "duration": 2.051414728164673}, "current_params": {"N": 300, "b": 0.5902511379328823, "c": 0.49119917262859, "iss": 0.9, "lr": 0.0011081719028516583, "reg": 0.7674380988618066, "sr": 0.9007219262356616}}