{"returned_dict": {"loss": 0.029204562306404114, "r2": 0.029204562306404114, "status": "ok", "start_time": 1671740990.9999633, "duration": 2.1570932865142822}, "current_params": {"N": 100, "b": 0.2856555147938794, "c": 0.12553096813318618, "iss": 0.9, "lr": 0.926433149014114, "reg": 0.11238040169720812, "sr": 3.4351685649876114}}