{"returned_dict": {"loss": 0.02857835590839386, "r2": 0.02857835590839386, "status": "ok", "start_time": 1671742203.649937, "duration": 2.1678659915924072}, "current_params": {"N": 100, "b": 0.15299617866108467, "c": 0.2870887187976614, "iss": 0.9, "lr": 0.6516118163952263, "reg": 0.45533478456626786, "sr": 5.170933214632831}}