{"returned_dict": {"loss": 0.029942432418465614, "r2": 0.029942432418465614, "status": "ok", "start_time": 1671738099.1841552, "duration": 2.125180721282959}, "current_params": {"N": 300, "b": 0.5801601994412748, "c": 0.2620934163105642, "iss": 0.9, "lr": 0.0011651970279849455, "reg": 0.17262373814905782, "sr": 0.7922636398439238}}