{"returned_dict": {"loss": 0.029913298785686493, "r2": 0.029913298785686493, "status": "ok", "start_time": 1671738455.7398844, "duration": 1.9938316345214844}, "current_params": {"N": 200, "b": 0.8647175138533394, "c": 0.2893994546665233, "iss": 0.9, "lr": 0.0026894561349567188, "reg": 0.2654386584858759, "sr": 0.5039186768900017}}