{"returned_dict": {"loss": 0.02950947731733322, "r2": 0.02950947731733322, "status": "ok", "start_time": 1671744918.790973, "duration": 2.251800298690796}, "current_params": {"N": 100, "b": 0.29965786781481785, "c": 0.16189386865149674, "iss": 0.9, "lr": 0.0077355403142878795, "reg": 0.8127461507562608, "sr": 1.3883588397812614}}