{"returned_dict": {"loss": 0.028373606503009796, "r2": 0.028373606503009796, "status": "ok", "start_time": 1671737685.2379563, "duration": 2.041424036026001}, "current_params": {"N": 300, "b": 0.4799012259354159, "c": 0.38138725588591577, "iss": 0.9, "lr": 0.0010387024872592213, "reg": 0.23806367075707752, "sr": 1.0616387878921083}}