{"returned_dict": {"loss": 0.0230182483792305, "r2": 0.0230182483792305, "status": "ok", "start_time": 1671741952.608869, "duration": 2.153045654296875}, "current_params": {"N": 100, "b": 0.4307352382459176, "c": 0.38479763985031534, "iss": 0.9, "lr": 0.7203541244560187, "reg": 0.26989869805676514, "sr": 9.31701808948894}}