{"returned_dict": {"loss": 0.02992657758295536, "r2": 0.02992657758295536, "status": "ok", "start_time": 1671737792.628209, "duration": 1.9239015579223633}, "current_params": {"N": 100, "b": 0.18551283485482498, "c": 0.3037602486478769, "iss": 0.9, "lr": 0.0026215829905024274, "reg": 0.10451018161666008, "sr": 0.30993658351244163}}