{"returned_dict": {"loss": 0.029977403581142426, "r2": 0.029977403581142426, "status": "ok", "start_time": 1671737725.6950393, "duration": 1.921276330947876}, "current_params": {"N": 100, "b": 0.23552474537703172, "c": 0.6686305802308408, "iss": 0.9, "lr": 0.007413342720100155, "reg": 0.5619238664902432, "sr": 0.0925852425060542}}