{"returned_dict": {"loss": 0.029059773311018944, "r2": 0.029059773311018944, "status": "ok", "start_time": 1671737729.645447, "duration": 1.9776628017425537}, "current_params": {"N": 100, "b": 0.26797209792673493, "c": 0.6150850575096882, "iss": 0.9, "lr": 0.00398609258790173, "reg": 0.825688476597226, "sr": 0.012580639725311055}}