{"returned_dict": {"loss": 0.02397625893354416, "r2": 0.02397625893354416, "status": "ok", "start_time": 1671741376.906875, "duration": 2.037606716156006}, "current_params": {"N": 100, "b": 0.12889709577519592, "c": 0.9417767109667982, "iss": 0.9, "lr": 0.0011253563603354569, "reg": 0.8048809259897817, "sr": 1.7078929171866586}}