{"returned_dict": {"loss": 0.029750637710094452, "r2": 0.029750637710094452, "status": "ok", "start_time": 1671738068.292536, "duration": 2.0157663822174072}, "current_params": {"N": 100, "b": 0.14926005516281537, "c": 0.6671014702833908, "iss": 0.9, "lr": 0.0033233220461256173, "reg": 0.22810500793867272, "sr": 0.06972118576109071}}