{"returned_dict": {"loss": 0.024886926636099815, "r2": 0.024886926636099815, "status": "ok", "start_time": 1671742057.404101, "duration": 2.0786359310150146}, "current_params": {"N": 100, "b": 0.2962545454132178, "c": 0.3489993930683319, "iss": 0.9, "lr": 0.7085852050415095, "reg": 0.22332004562205915, "sr": 8.923560400580197}}