{"returned_dict": {"loss": 0.02611996792256832, "r2": 0.02611996792256832, "status": "ok", "start_time": 1671741519.445306, "duration": 2.113173246383667}, "current_params": {"N": 100, "b": 0.4508644751490646, "c": 0.2620204607426556, "iss": 0.9, "lr": 0.7699157917998888, "reg": 0.2855786562250756, "sr": 5.8415070871355725}}