{"returned_dict": {"loss": 0.02967613935470581, "r2": 0.02967613935470581, "status": "ok", "start_time": 1671741084.6006052, "duration": 2.271432638168335}, "current_params": {"N": 300, "b": 0.22635626973131368, "c": 0.4474757608633799, "iss": 0.9, "lr": 0.0032389677125462956, "reg": 0.7373600371403147, "sr": 1.0660458648695528}}