{"returned_dict": {"loss": 0.02863042987883091, "r2": 0.02863042987883091, "status": "ok", "start_time": 1671740264.2743518, "duration": 2.101443290710449}, "current_params": {"N": 100, "b": 0.6818925298763268, "c": 0.6872009032517008, "iss": 0.9, "lr": 0.001117795359631473, "reg": 0.2780607113925239, "sr": 1.0202239202771222}}