{"returned_dict": {"loss": 0.02704031765460968, "r2": 0.02704031765460968, "status": "ok", "start_time": 1671740913.4593194, "duration": 2.209404468536377}, "current_params": {"N": 100, "b": 0.39564071557208796, "c": 0.849023446228197, "iss": 0.9, "lr": 0.5478929470312114, "reg": 0.9223905046493376, "sr": 8.611222028900977}}