{"returned_dict": {"loss": 0.02549026347696781, "r2": 0.02549026347696781, "status": "ok", "start_time": 1671737614.5721707, "duration": 2.0566763877868652}, "current_params": {"N": 100, "b": 0.6818925298763268, "c": 0.6872009032517008, "iss": 0.9, "lr": 0.001117795359631473, "reg": 0.2780607113925239, "sr": 0.01061907053409471}}