{"returned_dict": {"loss": 0.02976425737142563, "r2": 0.02976425737142563, "status": "ok", "start_time": 1671737677.423303, "duration": 1.9219770431518555}, "current_params": {"N": 200, "b": 0.11983991993935068, "c": 0.12648708388604232, "iss": 0.9, "lr": 0.0022976484367460367, "reg": 0.13046926426864755, "sr": 1.1658340735577974}}