{"returned_dict": {"loss": 0.028665773570537567, "r2": 0.028665773570537567, "status": "ok", "start_time": 1671737566.03859, "duration": 2.2908554077148438}, "current_params": {"N": 200, "b": 0.16014733296504582, "c": 0.4701226863622331, "iss": 0.9, "lr": 0.002569219109514612, "reg": 0.9536794001890089, "sr": 0.05675258102871897}}