{"returned_dict": {"loss": 0.020555861294269562, "r2": 0.020555861294269562, "status": "ok", "start_time": 1671742102.482026, "duration": 2.2184929847717285}, "current_params": {"N": 100, "b": 0.157145556951399, "c": 0.12872392798188392, "iss": 0.9, "lr": 0.8604068782578704, "reg": 0.1658740365690581, "sr": 7.3200988830516645}}