{"returned_dict": {"loss": 0.026354992762207985, "r2": 0.026354992762207985, "status": "ok", "start_time": 1671744837.6959898, "duration": 2.2750191688537598}, "current_params": {"N": 100, "b": 0.6865512836675557, "c": 0.14360459917201532, "iss": 0.9, "lr": 0.8156304946175555, "reg": 0.17108565891674388, "sr": 4.700456126269777}}