{"returned_dict": {"loss": 0.03156648948788643, "r2": 0.03156648948788643, "status": "ok", "start_time": 1671738468.1044233, "duration": 2.133126974105835}, "current_params": {"N": 300, "b": 0.10614524481926702, "c": 0.1489210585259753, "iss": 0.9, "lr": 0.027529354667117274, "reg": 0.8338425856275485, "sr": 0.6512344608916639}}