{"returned_dict": {"loss": 0.038885463029146194, "r2": 0.038885463029146194, "status": "ok", "start_time": 1671745052.0324857, "duration": 2.085855722427368}, "current_params": {"N": 100, "b": 0.18283690194258137, "c": 0.11473500764064805, "iss": 0.9, "lr": 0.22834501963548867, "reg": 0.3279421401691065, "sr": 6.94763580238176}}