{"returned_dict": {"loss": 0.03000551275908947, "r2": 0.03000551275908947, "status": "ok", "start_time": 1671738343.3465438, "duration": 1.9854743480682373}, "current_params": {"N": 100, "b": 0.13636945347924315, "c": 0.16480302582815895, "iss": 0.9, "lr": 0.012057323966497589, "reg": 0.12186105450708876, "sr": 0.056206910083087654}}