{"returned_dict": {"loss": 0.030747009441256523, "r2": 0.030747009441256523, "status": "ok", "start_time": 1671737640.2169724, "duration": 2.1081795692443848}, "current_params": {"N": 300, "b": 0.11233499753485296, "c": 0.30855923867568347, "iss": 0.9, "lr": 0.02143015081924661, "reg": 0.37837099924810697, "sr": 0.02572013644212619}}