{"returned_dict": {"loss": 0.03550342097878456, "r2": 0.03550342097878456, "status": "ok", "start_time": 1671738092.9407136, "duration": 2.0782833099365234}, "current_params": {"N": 100, "b": 0.5384483268397504, "c": 0.11733102659234183, "iss": 0.9, "lr": 0.15889132945529327, "reg": 0.19960269179950244, "sr": 0.0728285622070859}}