{"returned_dict": {"loss": 0.03149934858083725, "r2": 0.03149934858083725, "status": "ok", "start_time": 1671737788.4972126, "duration": 2.0142502784729004}, "current_params": {"N": 200, "b": 0.812026644047988, "c": 0.4336196532956704, "iss": 0.9, "lr": 0.026813811448575312, "reg": 0.10311449055772393, "sr": 0.037479785587162716}}