{"returned_dict": {"loss": 0.035531070083379745, "r2": 0.035531070083379745, "status": "ok", "start_time": 1671744849.1340153, "duration": 2.238071918487549}, "current_params": {"N": 100, "b": 0.3573397562497969, "c": 0.20162535125264183, "iss": 0.9, "lr": 0.27036282441620346, "reg": 0.6079117397902739, "sr": 1.5939825559945855}}