{"returned_dict": {"loss": 0.030183948576450348, "r2": 0.030183948576450348, "status": "ok", "start_time": 1671738504.376248, "duration": 1.9780611991882324}, "current_params": {"N": 100, "b": 0.8598588759104803, "c": 0.26770925566209786, "iss": 0.9, "lr": 0.007074529025669013, "reg": 0.11067557081406618, "sr": 0.018647855835688253}}