{"returned_dict": {"loss": 0.035220593214035034, "r2": 0.035220593214035034, "status": "ok", "start_time": 1671737578.9368193, "duration": 2.024596929550171}, "current_params": {"N": 100, "b": 0.25377471480910047, "c": 0.815098433720649, "iss": 0.9, "lr": 0.2183850802283866, "reg": 0.39202531665844476, "sr": 0.22833541526599072}}