{"returned_dict": {"loss": 0.030017467215657234, "r2": 0.030017467215657234, "status": "ok", "start_time": 1671737968.8524103, "duration": 2.1119744777679443}, "current_params": {"N": 200, "b": 0.5790112388199796, "c": 0.9614913790361318, "iss": 0.9, "lr": 0.006469194761786968, "reg": 0.731501943371035, "sr": 0.04948724588873849}}