{"returned_dict": {"loss": 0.03552607074379921, "r2": 0.03552607074379921, "status": "ok", "start_time": 1671738488.4426594, "duration": 1.9661011695861816}, "current_params": {"N": 200, "b": 0.6307819536941268, "c": 0.6492516889102475, "iss": 0.9, "lr": 0.4891303392356736, "reg": 0.1923378481958052, "sr": 0.27510081564800976}}