{"returned_dict": {"loss": 0.030238943174481392, "r2": 0.030238943174481392, "status": "ok", "start_time": 1671738438.8758838, "duration": 2.0986058712005615}, "current_params": {"N": 300, "b": 0.996207477338563, "c": 0.9848687413300607, "iss": 0.9, "lr": 0.00776502341393606, "reg": 0.20324772066149888, "sr": 0.01867044514324084}}