{"returned_dict": {"loss": 0.03205239772796631, "r2": 0.03205239772796631, "status": "ok", "start_time": 1671745071.0932326, "duration": 2.099001884460449}, "current_params": {"N": 100, "b": 0.3827981755768622, "c": 0.8123396576686104, "iss": 0.9, "lr": 0.3079726626930137, "reg": 0.2034368770840364, "sr": 8.25017928312204}}