{"returned_dict": {"loss": 0.030703961849212646, "r2": 0.030703961849212646, "status": "ok", "start_time": 1671737642.331451, "duration": 1.9747748374938965}, "current_params": {"N": 100, "b": 0.8558564081440149, "c": 0.4923032910167209, "iss": 0.9, "lr": 0.034601111100789846, "reg": 0.7154787610807147, "sr": 0.17537309143779847}}