{"returned_dict": {"loss": 0.03493155539035797, "r2": 0.03493155539035797, "status": "ok", "start_time": 1671741902.3882148, "duration": 2.0692577362060547}, "current_params": {"N": 100, "b": 0.5910119860220345, "c": 0.7126862606246719, "iss": 0.9, "lr": 0.14712344912732483, "reg": 0.9937794755784374, "sr": 1.9516023647421152}}