{"returned_dict": {"loss": 0.030237503349781036, "r2": 0.030237503349781036, "status": "ok", "start_time": 1671738494.300354, "duration": 1.9181251525878906}, "current_params": {"N": 100, "b": 0.607562328548828, "c": 0.12754829805044496, "iss": 0.9, "lr": 0.005863017562287192, "reg": 0.21707262526299742, "sr": 0.9561754716647209}}