{"returned_dict": {"loss": 0.034238431602716446, "r2": 0.034238431602716446, "status": "ok", "start_time": 1671742393.6377554, "duration": 2.024740695953369}, "current_params": {"N": 100, "b": 0.796138445601469, "c": 0.3867420762679411, "iss": 0.9, "lr": 0.00928539748962012, "reg": 0.5345224488983576, "sr": 1.7810509938424988}}