{"returned_dict": {"loss": 0.03464844450354576, "r2": 0.03464844450354576, "status": "ok", "start_time": 1671738372.200145, "duration": 2.1374411582946777}, "current_params": {"N": 300, "b": 0.5711666813192412, "c": 0.5259556874447437, "iss": 0.9, "lr": 0.10901037651819462, "reg": 0.9260046228354265, "sr": 0.01492989859635377}}