{"returned_dict": {"loss": 0.03240217640995979, "r2": 0.03240217640995979, "status": "ok", "start_time": 1671737875.5259466, "duration": 2.084665060043335}, "current_params": {"N": 300, "b": 0.12246935470844499, "c": 0.3140919476445768, "iss": 0.9, "lr": 0.047125995444646136, "reg": 0.9308945677328839, "sr": 0.02045819673305219}}