{"returned_dict": {"loss": 0.03258123621344566, "r2": 0.03258123621344566, "status": "ok", "start_time": 1671740799.417374, "duration": 2.127201557159424}, "current_params": {"N": 100, "b": 0.1265854544148647, "c": 0.1366413530231493, "iss": 0.9, "lr": 0.8336783433353326, "reg": 0.5794142996760155, "sr": 2.5075628796467844}}