{"returned_dict": {"loss": 0.03453238308429718, "r2": 0.03453238308429718, "status": "ok", "start_time": 1671738209.9794533, "duration": 2.0269696712493896}, "current_params": {"N": 100, "b": 0.27578529099352167, "c": 0.2919883540200578, "iss": 0.9, "lr": 0.14201423848476005, "reg": 0.8703132554139531, "sr": 0.038515631565309016}}