{"returned_dict": {"loss": 0.03497491776943207, "r2": 0.03497491776943207, "status": "ok", "start_time": 1671738418.0024846, "duration": 2.0010993480682373}, "current_params": {"N": 100, "b": 0.3742780397491226, "c": 0.5980170058048793, "iss": 0.9, "lr": 0.3565338474324972, "reg": 0.9215432422497646, "sr": 0.024934733414872335}}