{"returned_dict": {"loss": 0.03041185438632965, "r2": 0.03041185438632965, "status": "ok", "start_time": 1671742364.2404757, "duration": 2.0832722187042236}, "current_params": {"N": 100, "b": 0.11772693587719174, "c": 0.7288810736363986, "iss": 0.9, "lr": 0.418414379337582, "reg": 0.13165975103360333, "sr": 7.852268701812493}}