{"returned_dict": {"loss": 0.03132770583033562, "r2": 0.03132770583033562, "status": "ok", "start_time": 1671737879.5770054, "duration": 2.1129491329193115}, "current_params": {"N": 100, "b": 0.11987796576865244, "c": 0.37999338105832325, "iss": 0.9, "lr": 0.001358642199806875, "reg": 0.16401402663548173, "sr": 4.09065463051235}}