{"returned_dict": {"loss": 0.03862086310982704, "r2": 0.03862086310982704, "status": "ok", "start_time": 1671745022.0416393, "duration": 2.153366804122925}, "current_params": {"N": 100, "b": 0.2915306198586762, "c": 0.3351367347624756, "iss": 0.9, "lr": 0.5269856938769651, "reg": 0.9528276727337425, "sr": 2.317131712680418}}