{"returned_dict": {"loss": 0.03114067018032074, "r2": 0.03114067018032074, "status": "ok", "start_time": 1671738195.7162592, "duration": 2.0152995586395264}, "current_params": {"N": 100, "b": 0.40109285781590104, "c": 0.5215423458986714, "iss": 0.9, "lr": 0.03296478470926053, "reg": 0.28091772772047585, "sr": 0.03560369860893571}}