{"returned_dict": {"loss": 0.0351870097219944, "r2": 0.0351870097219944, "status": "ok", "start_time": 1671740215.326173, "duration": 2.223027229309082}, "current_params": {"N": 300, "b": 0.7999912132586771, "c": 0.36551287072476213, "iss": 0.9, "lr": 0.08451910338656304, "reg": 0.225716081107576, "sr": 1.2701108724184307}}