{"returned_dict": {"loss": 0.03558460995554924, "r2": 0.03558460995554924, "status": "ok", "start_time": 1671738117.7398705, "duration": 2.1427547931671143}, "current_params": {"N": 200, "b": 0.2413304696140625, "c": 0.2426424585488989, "iss": 0.9, "lr": 0.2646820007676102, "reg": 0.1253049796569689, "sr": 0.02524933157064845}}