{"returned_dict": {"loss": 0.030633939430117607, "r2": 0.030633939430117607, "status": "ok", "start_time": 1671740139.7133183, "duration": 2.2589111328125}, "current_params": {"N": 300, "b": 0.8936240981280368, "c": 0.9011154723582826, "iss": 0.9, "lr": 0.0063822566002939346, "reg": 0.10996648854671207, "sr": 1.0831869918250125}}