{"returned_dict": {"loss": 0.0344848670065403, "r2": 0.0344848670065403, "status": "ok", "start_time": 1671737892.2032855, "duration": 2.0724878311157227}, "current_params": {"N": 100, "b": 0.15646629084850977, "c": 0.33558604269795417, "iss": 0.9, "lr": 0.1019392333699251, "reg": 0.35394720058810003, "sr": 0.7289372022962555}}