{"returned_dict": {"loss": 0.031135955825448036, "r2": 0.031135955825448036, "status": "ok", "start_time": 1671740601.4734454, "duration": 2.0547170639038086}, "current_params": {"N": 200, "b": 0.16831095674944374, "c": 0.31549492065203166, "iss": 0.9, "lr": 0.001431171798793166, "reg": 0.5924643712358629, "sr": 1.9200210112468787}}