{"returned_dict": {"loss": 0.03766387328505516, "r2": 0.03766387328505516, "status": "ok", "start_time": 1671740703.74246, "duration": 2.214285373687744}, "current_params": {"N": 100, "b": 0.572421047939292, "c": 0.17167685844689373, "iss": 0.9, "lr": 0.09789180901999919, "reg": 0.680315398575885, "sr": 3.011411400186368}}