{"returned_dict": {"loss": 0.030032992362976074, "r2": 0.030032992362976074, "status": "ok", "start_time": 1671738289.1206377, "duration": 2.020963191986084}, "current_params": {"N": 200, "b": 0.12341258919760595, "c": 0.8421698788631394, "iss": 0.9, "lr": 0.011236511825371144, "reg": 0.366678698892483, "sr": 0.3524228957245114}}