{"returned_dict": {"loss": 0.030901039019227028, "r2": 0.030901039019227028, "status": "ok", "start_time": 1671737841.4995282, "duration": 1.9475908279418945}, "current_params": {"N": 100, "b": 0.44603217235657633, "c": 0.8341603090529488, "iss": 0.9, "lr": 0.03495869536083056, "reg": 0.4226267783471237, "sr": 0.01769587598402526}}