{"returned_dict": {"loss": 0.035319190472364426, "r2": 0.035319190472364426, "status": "ok", "start_time": 1671737591.596915, "duration": 2.124335527420044}, "current_params": {"N": 200, "b": 0.20374808389483057, "c": 0.6891537123949979, "iss": 0.9, "lr": 0.023226759313516834, "reg": 0.2634815949563998, "sr": 1.7986325141052375}}