{"returned_dict": {"loss": 0.030626675114035606, "r2": 0.030626675114035606, "status": "ok", "start_time": 1671740541.7845345, "duration": 2.1122312545776367}, "current_params": {"N": 200, "b": 0.9241201023221761, "c": 0.8897032942552892, "iss": 0.9, "lr": 0.012192269780560696, "reg": 0.13964530448106274, "sr": 1.5092962025046335}}