{"returned_dict": {"loss": 0.035629209131002426, "r2": 0.035629209131002426, "status": "ok", "start_time": 1671737717.471027, "duration": 2.076878786087036}, "current_params": {"N": 300, "b": 0.6438853119635191, "c": 0.337857266571169, "iss": 0.9, "lr": 0.20878183455914584, "reg": 0.18724656659049088, "sr": 0.02857977758285706}}