{"returned_dict": {"loss": 0.03222646191716194, "r2": 0.03222646191716194, "status": "ok", "start_time": 1671741900.3311234, "duration": 2.050110340118408}, "current_params": {"N": 100, "b": 0.41504107445342237, "c": 0.24384953120776412, "iss": 0.9, "lr": 0.03290077560884781, "reg": 0.40812479831816617, "sr": 1.2054796028264656}}