{"returned_dict": {"loss": 0.030021682381629944, "r2": 0.030021682381629944, "status": "ok", "start_time": 1671738239.4200366, "duration": 1.9594731330871582}, "current_params": {"N": 100, "b": 0.11267804398333306, "c": 0.94100892957428, "iss": 0.9, "lr": 0.013969676950582407, "reg": 0.12831876688339908, "sr": 0.010487760095235783}}