{"returned_dict": {"loss": 0.030905043706297874, "r2": 0.030905043706297874, "status": "ok", "start_time": 1671741158.9612052, "duration": 2.1021883487701416}, "current_params": {"N": 100, "b": 0.3832557326631677, "c": 0.1996655668553178, "iss": 0.9, "lr": 0.009243666398564372, "reg": 0.11418671266874716, "sr": 1.4026604781048888}}