{"returned_dict": {"loss": 0.03507351502776146, "r2": 0.03507351502776146, "status": "ok", "start_time": 1671738476.4552863, "duration": 1.9913582801818848}, "current_params": {"N": 100, "b": 0.12103961725749056, "c": 0.8112207377210026, "iss": 0.9, "lr": 0.2957869623001439, "reg": 0.15521313280584187, "sr": 0.027373230535488142}}