{"returned_dict": {"loss": 0.035542987287044525, "r2": 0.035542987287044525, "status": "ok", "start_time": 1671737979.1452787, "duration": 2.1192212104797363}, "current_params": {"N": 200, "b": 0.3536485954186093, "c": 0.1555059268458777, "iss": 0.9, "lr": 0.26170469884206, "reg": 0.2507608239009111, "sr": 0.036918677414819426}}