{"returned_dict": {"loss": 0.03535797819495201, "r2": 0.03535797819495201, "status": "ok", "start_time": 1671737515.9148543, "duration": 2.0705642700195312}, "current_params": {"N": 300, "b": 0.18214628767075908, "c": 0.1697601678671181, "iss": 0.9, "lr": 0.8472268156639913, "reg": 0.5164693121905806, "sr": 0.21977120274747475}}