{"returned_dict": {"loss": 0.033419474959373474, "r2": 0.033419474959373474, "status": "ok", "start_time": 1671738247.7864182, "duration": 2.12410569190979}, "current_params": {"N": 200, "b": 0.22316863952863536, "c": 0.3590805052366266, "iss": 0.9, "lr": 0.02844879018572424, "reg": 0.10423236923266309, "sr": 0.011156234619967837}}