{"returned_dict": {"loss": 0.035300981253385544, "r2": 0.035300981253385544, "status": "ok", "start_time": 1671742244.5258524, "duration": 2.2619287967681885}, "current_params": {"N": 100, "b": 0.30442798306202734, "c": 0.25299095857941484, "iss": 0.9, "lr": 0.1730112904040807, "reg": 0.6995000257197175, "sr": 1.6415855719099048}}