{"returned_dict": {"loss": 0.03531521558761597, "r2": 0.03531521558761597, "status": "ok", "start_time": 1671738266.397588, "duration": 2.060582399368286}, "current_params": {"N": 300, "b": 0.7603555736462574, "c": 0.12483429611942473, "iss": 0.9, "lr": 0.4196746905216896, "reg": 0.8868765713663254, "sr": 0.3833248019954529}}