{"returned_dict": {"loss": 0.0399286113679409, "r2": 0.0399286113679409, "status": "ok", "start_time": 1671741866.7100377, "duration": 2.149815559387207}, "current_params": {"N": 100, "b": 0.10933866243880748, "c": 0.22437109653143728, "iss": 0.9, "lr": 0.021902116904373225, "reg": 0.17278832040305017, "sr": 1.5339721945171707}}