{"returned_dict": {"loss": 0.03475932404398918, "r2": 0.03475932404398918, "status": "ok", "start_time": 1671740144.0934935, "duration": 2.2455499172210693}, "current_params": {"N": 300, "b": 0.6438481690785132, "c": 0.16476678811527198, "iss": 0.9, "lr": 0.06719120770962762, "reg": 0.5370807668823528, "sr": 1.9193798802347617}}