{"returned_dict": {"loss": 0.03008909337222576, "r2": 0.03008909337222576, "status": "ok", "start_time": 1671737948.564229, "duration": 2.031275987625122}, "current_params": {"N": 200, "b": 0.43947239415332684, "c": 0.22011021102387257, "iss": 0.9, "lr": 0.0041823948500414754, "reg": 0.2726561823932927, "sr": 0.07193633028995108}}