{"returned_dict": {"loss": 0.030008291825652122, "r2": 0.030008291825652122, "status": "ok", "start_time": 1671742310.9689517, "duration": 2.110361099243164}, "current_params": {"N": 100, "b": 0.12673553653113864, "c": 0.16920311194996474, "iss": 0.9, "lr": 0.007714162414031809, "reg": 0.34964542813760985, "sr": 1.36582150013762}}