{"returned_dict": {"loss": 0.033397942781448364, "r2": 0.033397942781448364, "status": "ok", "start_time": 1671737817.2210085, "duration": 1.9312310218811035}, "current_params": {"N": 100, "b": 0.9946799632677185, "c": 0.6548361302723514, "iss": 0.9, "lr": 0.07816106311699307, "reg": 0.49574559667488266, "sr": 0.8542795536342306}}