{"returned_dict": {"loss": 0.032456494867801666, "r2": 0.032456494867801666, "status": "ok", "start_time": 1671738143.145954, "duration": 2.125501871109009}, "current_params": {"N": 300, "b": 0.2522660886319988, "c": 0.12305486658093537, "iss": 0.9, "lr": 0.030277284489947397, "reg": 0.39911444040549926, "sr": 0.39448380655504406}}