{"returned_dict": {"loss": 0.035516832023859024, "r2": 0.035516832023859024, "status": "ok", "start_time": 1671744959.4970956, "duration": 2.1520707607269287}, "current_params": {"N": 100, "b": 0.6438853119635191, "c": 0.337857266571169, "iss": 0.9, "lr": 0.20878183455914584, "reg": 0.18724656659049088, "sr": 1.4191216147780341}}