{"returned_dict": {"loss": 0.031892936676740646, "r2": 0.031892936676740646, "status": "ok", "start_time": 1671742255.2760828, "duration": 2.1156647205352783}, "current_params": {"N": 100, "b": 0.48092079663087367, "c": 0.1116018876867025, "iss": 0.9, "lr": 0.009783113995213916, "reg": 0.4090771205531145, "sr": 2.0076555997915446}}