{"returned_dict": {"loss": 0.030488470569252968, "r2": 0.030488470569252968, "status": "ok", "start_time": 1671737794.5669687, "duration": 2.089160203933716}, "current_params": {"N": 300, "b": 0.38344459929786306, "c": 0.10061117424222098, "iss": 0.9, "lr": 0.021333081512378033, "reg": 0.5930197798767851, "sr": 0.011405319213458769}}