{"returned_dict": {"loss": 0.03421282395720482, "r2": 0.03421282395720482, "status": "ok", "start_time": 1671738245.7333066, "duration": 2.0491220951080322}, "current_params": {"N": 100, "b": 0.39967382688044056, "c": 0.16139342353896796, "iss": 0.9, "lr": 0.10773120550251909, "reg": 0.9823820981504195, "sr": 0.18529125653179365}}