{"returned_dict": {"loss": 0.03505057096481323, "r2": 0.03505057096481323, "status": "ok", "start_time": 1671740848.9063714, "duration": 2.1748626232147217}, "current_params": {"N": 100, "b": 0.8044892262370267, "c": 0.8978812766669968, "iss": 0.9, "lr": 0.40215745584324186, "reg": 0.1249598396417677, "sr": 4.281326636105704}}