{"returned_dict": {"loss": 0.034281253814697266, "r2": 0.034281253814697266, "status": "ok", "start_time": 1671745043.4238782, "duration": 2.195462942123413}, "current_params": {"N": 100, "b": 0.3455526162202248, "c": 0.18592793632987165, "iss": 0.9, "lr": 0.0839574815743966, "reg": 0.8444140104282702, "sr": 1.1750315648639347}}