{"returned_dict": {"loss": 0.030402550473809242, "r2": 0.030402550473809242, "status": "ok", "start_time": 1671738045.609262, "duration": 2.0380496978759766}, "current_params": {"N": 200, "b": 0.425476580107788, "c": 0.8921121537404121, "iss": 0.9, "lr": 0.02564931417238596, "reg": 0.9692263312512682, "sr": 0.051722661753842894}}