{"returned_dict": {"loss": 0.03372175619006157, "r2": 0.03372175619006157, "status": "ok", "start_time": 1671737689.1894748, "duration": 2.0814785957336426}, "current_params": {"N": 300, "b": 0.982769185300499, "c": 0.22233734934549945, "iss": 0.9, "lr": 0.09201940994765088, "reg": 0.3855145376295804, "sr": 0.03414048410383786}}