{"returned_dict": {"loss": 0.03007381595671177, "r2": 0.03007381595671177, "status": "ok", "start_time": 1671740946.7633467, "duration": 2.205836772918701}, "current_params": {"N": 200, "b": 0.8287558182004472, "c": 0.2815077876583124, "iss": 0.9, "lr": 0.0012829880059392325, "reg": 0.20911150410311632, "sr": 2.469752968642589}}