{"returned_dict": {"loss": 0.035019855946302414, "r2": 0.035019855946302414, "status": "ok", "start_time": 1671742313.0900764, "duration": 2.170703649520874}, "current_params": {"N": 100, "b": 0.7471437037378343, "c": 0.2626710736848194, "iss": 0.9, "lr": 0.2878355703689299, "reg": 0.4287995718523492, "sr": 2.1824630919858685}}