{"returned_dict": {"loss": 0.030237087979912758, "r2": 0.030237087979912758, "status": "ok", "start_time": 1671737723.6732438, "duration": 2.0108983516693115}, "current_params": {"N": 200, "b": 0.674153960920098, "c": 0.1819538966686035, "iss": 0.9, "lr": 0.01122030491707982, "reg": 0.18815190272566462, "sr": 0.06204230622513381}}