{"returned_dict": {"loss": 0.03214307501912117, "r2": 0.03214307501912117, "status": "ok", "start_time": 1671740984.4034963, "duration": 2.2499849796295166}, "current_params": {"N": 300, "b": 0.2972806216676554, "c": 0.11353808296923022, "iss": 0.9, "lr": 0.7068540515119667, "reg": 0.19486667696001037, "sr": 7.605093247770413}}