{"returned_dict": {"loss": 0.03404657170176506, "r2": 0.03404657170176506, "status": "ok", "start_time": 1671742268.229856, "duration": 2.1951122283935547}, "current_params": {"N": 100, "b": 0.2991278087174283, "c": 0.18213645157412894, "iss": 0.9, "lr": 0.774706809513997, "reg": 0.4340446417402504, "sr": 2.459661444291979}}