{"returned_dict": {"loss": 0.03556361794471741, "r2": 0.03556361794471741, "status": "ok", "start_time": 1671738168.6437085, "duration": 1.975440263748169}, "current_params": {"N": 100, "b": 0.8044892262370267, "c": 0.8978812766669968, "iss": 0.9, "lr": 0.40215745584324186, "reg": 0.1249598396417677, "sr": 0.7847568015278048}}