{"returned_dict": {"loss": 0.035604074597358704, "r2": 0.035604074597358704, "status": "ok", "start_time": 1671740409.158735, "duration": 2.1825551986694336}, "current_params": {"N": 200, "b": 0.692978132645329, "c": 0.6227352249551078, "iss": 0.9, "lr": 0.7725304602957939, "reg": 0.20126292732228476, "sr": 1.3784434979510813}}