{"returned_dict": {"loss": 0.0363260917365551, "r2": 0.0363260917365551, "status": "ok", "start_time": 1671742391.6136744, "duration": 2.017097234725952}, "current_params": {"N": 100, "b": 0.6307819536941268, "c": 0.6492516889102475, "iss": 0.9, "lr": 0.4891303392356736, "reg": 0.1923378481958052, "sr": 3.0187741748409507}}