{"returned_dict": {"loss": 0.03086049295961857, "r2": 0.03086049295961857, "status": "ok", "start_time": 1671737495.181829, "duration": 2.102754592895508}, "current_params": {"N": 300, "b": 0.44954148964098073, "c": 0.5059808227620789, "iss": 0.9, "lr": 0.02018337832903292, "reg": 0.30238285884767574, "sr": 0.09442721440119983}}