{"returned_dict": {"loss": 0.031642913818359375, "r2": 0.031642913818359375, "status": "ok", "start_time": 1671740633.873703, "duration": 2.035896062850952}, "current_params": {"N": 100, "b": 0.7052255576219617, "c": 0.6421269613430052, "iss": 0.9, "lr": 0.0035248520280593454, "reg": 0.40137326261305695, "sr": 1.4712088762138036}}