{"returned_dict": {"loss": 0.0315362811088562, "r2": 0.0315362811088562, "status": "ok", "start_time": 1671737871.4161682, "duration": 2.0140044689178467}, "current_params": {"N": 200, "b": 0.13566531645923985, "c": 0.8419343339605643, "iss": 0.9, "lr": 0.026818040062708853, "reg": 0.2583083935046456, "sr": 0.08930926502440488}}