{"returned_dict": {"loss": 0.03554023057222366, "r2": 0.03554023057222366, "status": "ok", "start_time": 1671737711.275529, "duration": 2.0347213745117188}, "current_params": {"N": 300, "b": 0.2592760022534301, "c": 0.7068101167401535, "iss": 0.9, "lr": 0.08352474609695261, "reg": 0.1427733138122855, "sr": 0.15216710715138818}}