{"returned_dict": {"loss": 0.031374648213386536, "r2": 0.031374648213386536, "status": "ok", "start_time": 1671737940.247173, "duration": 2.1409971714019775}, "current_params": {"N": 300, "b": 0.3529823792477291, "c": 0.7132231917056493, "iss": 0.9, "lr": 0.022172000243238923, "reg": 0.2735012355727521, "sr": 0.051935699633357466}}