{"returned_dict": {"loss": 0.03503470867872238, "r2": 0.03503470867872238, "status": "ok", "start_time": 1671737942.3923838, "duration": 1.955488681793213}, "current_params": {"N": 100, "b": 0.16644811534466825, "c": 0.10961567250492082, "iss": 0.9, "lr": 0.278227703601653, "reg": 0.2545692045083526, "sr": 0.053659555855635865}}