{"returned_dict": {"loss": 0.03016883134841919, "r2": 0.03016883134841919, "status": "ok", "start_time": 1671741728.8185155, "duration": 2.0834407806396484}, "current_params": {"N": 100, "b": 0.9012034554769001, "c": 0.39206345917935004, "iss": 0.9, "lr": 0.838222159127335, "reg": 0.272237312978545, "sr": 4.183767983561546}}