{"returned_dict": {"loss": 0.03070949763059616, "r2": 0.03070949763059616, "status": "ok", "start_time": 1671738378.5045404, "duration": 2.0693678855895996}, "current_params": {"N": 300, "b": 0.9691348519354525, "c": 0.7855769153042802, "iss": 0.9, "lr": 0.0036941798248421487, "reg": 0.28059863958319403, "sr": 0.1846654624400016}}