{"returned_dict": {"loss": 0.03111395426094532, "r2": 0.03111395426094532, "status": "ok", "start_time": 1671737760.1722193, "duration": 1.9856595993041992}, "current_params": {"N": 200, "b": 0.1271069100346036, "c": 0.5443903896539936, "iss": 0.9, "lr": 0.03687802163588743, "reg": 0.7929480659205592, "sr": 0.04328771757628486}}