{"returned_dict": {"loss": 0.033907946199178696, "r2": 0.033907946199178696, "status": "ok", "start_time": 1671742091.6632674, "duration": 2.121527671813965}, "current_params": {"N": 100, "b": 0.17515611882263238, "c": 0.719502009377423, "iss": 0.9, "lr": 0.06070308020907581, "reg": 0.22873364398776821, "sr": 1.0156830644275148}}