{"returned_dict": {"loss": 0.03495614975690842, "r2": 0.03495614975690842, "status": "ok", "start_time": 1671741372.682511, "duration": 2.0985219478607178}, "current_params": {"N": 100, "b": 0.6438481690785132, "c": 0.16476678811527198, "iss": 0.9, "lr": 0.06719120770962762, "reg": 0.5370807668823528, "sr": 1.9193798802347617}}