{"returned_dict": {"loss": 0.030742019414901733, "r2": 0.030742019414901733, "status": "ok", "start_time": 1671738260.2748, "duration": 2.0433266162872314}, "current_params": {"N": 200, "b": 0.8287558182004472, "c": 0.2815077876583124, "iss": 0.9, "lr": 0.0012829880059392325, "reg": 0.20911150410311632, "sr": 0.15064702111351116}}