{"returned_dict": {"loss": 0.03575059399008751, "r2": 0.03575059399008751, "status": "ok", "start_time": 1671738426.407393, "duration": 2.0842199325561523}, "current_params": {"N": 100, "b": 0.5832944713986241, "c": 0.1402357629100783, "iss": 0.9, "lr": 0.16104031784598544, "reg": 0.7748111870139991, "sr": 2.442195039787732}}