{"returned_dict": {"loss": 0.03552991524338722, "r2": 0.03552991524338722, "status": "ok", "start_time": 1671738301.5290453, "duration": 2.0510220527648926}, "current_params": {"N": 100, "b": 0.2856555147938794, "c": 0.12553096813318618, "iss": 0.9, "lr": 0.926433149014114, "reg": 0.11238040169720812, "sr": 0.4053630497646052}}