{"returned_dict": {"loss": 0.033380184322595596, "r2": 0.033380184322595596, "status": "ok", "start_time": 1671745032.8283277, "duration": 2.1868627071380615}, "current_params": {"N": 100, "b": 0.6466735422122148, "c": 0.1884659390429127, "iss": 0.9, "lr": 0.062196381712238125, "reg": 0.7685036278184737, "sr": 1.0453483209116388}}