{"returned_dict": {"loss": 0.033955857157707214, "r2": 0.033955857157707214, "status": "ok", "start_time": 1671737873.4331355, "duration": 2.088812828063965}, "current_params": {"N": 300, "b": 0.1390602979545292, "c": 0.5284369304324074, "iss": 0.9, "lr": 0.02801415255330273, "reg": 0.12112019327704544, "sr": 0.2090196583408564}}