{"returned_dict": {"loss": 0.035679541528224945, "r2": 0.035679541528224945, "status": "ok", "start_time": 1671740458.0220075, "duration": 2.0463674068450928}, "current_params": {"N": 100, "b": 0.17502290305289997, "c": 0.33994258610589634, "iss": 0.9, "lr": 0.586941971470369, "reg": 0.22098948895467893, "sr": 1.4464716756512048}}