{"returned_dict": {"loss": 0.030797937884926796, "r2": 0.030797937884926796, "status": "ok", "start_time": 1671738008.400219, "duration": 1.9652845859527588}, "current_params": {"N": 100, "b": 0.41504107445342237, "c": 0.24384953120776412, "iss": 0.9, "lr": 0.03290077560884781, "reg": 0.40812479831816617, "sr": 0.017517801425108337}}