{"returned_dict": {"loss": 0.03074590675532818, "r2": 0.03074590675532818, "status": "ok", "start_time": 1671740182.4492142, "duration": 2.2490079402923584}, "current_params": {"N": 300, "b": 0.7799546427348932, "c": 0.15360340985588955, "iss": 0.9, "lr": 0.008316425906674767, "reg": 0.451455391619245, "sr": 1.4003084005812518}}