{"returned_dict": {"loss": 0.03872842341661453, "r2": 0.03872842341661453, "status": "ok", "start_time": 1671740862.0441656, "duration": 2.3231680393218994}, "current_params": {"N": 300, "b": 0.8191619030908228, "c": 0.24522295562119517, "iss": 0.9, "lr": 0.5598775886323107, "reg": 0.9335716662062428, "sr": 6.209114394005783}}