{"returned_dict": {"loss": 0.03545565903186798, "r2": 0.03545565903186798, "status": "ok", "start_time": 1671737587.3868878, "duration": 2.1071555614471436}, "current_params": {"N": 200, "b": 0.1795236177703398, "c": 0.5101731969792479, "iss": 0.9, "lr": 0.08645762464145056, "reg": 0.11368727785747672, "sr": 0.013953269187234588}}