{"returned_dict": {"loss": 0.03543102368712425, "r2": 0.03543102368712425, "status": "ok", "start_time": 1671741815.7332828, "duration": 2.159635543823242}, "current_params": {"N": 100, "b": 0.6237259763251832, "c": 0.11562142833101972, "iss": 0.9, "lr": 0.7880985854044901, "reg": 0.33502065769347716, "sr": 1.3193560111755815}}