{"returned_dict": {"loss": 0.03460017964243889, "r2": 0.03460017964243889, "status": "ok", "start_time": 1671737933.968682, "duration": 2.022219181060791}, "current_params": {"N": 200, "b": 0.13263177988324867, "c": 0.85249214657402, "iss": 0.9, "lr": 0.043857026135082675, "reg": 0.1154470976011134, "sr": 0.011633704719195411}}