{"returned_dict": {"loss": 0.03552272170782089, "r2": 0.03552272170782089, "status": "ok", "start_time": 1671742399.7032204, "duration": 1.9657130241394043}, "current_params": {"N": 100, "b": 0.1732737872804425, "c": 0.17459973329919917, "iss": 0.9, "lr": 0.8249901206449037, "reg": 0.3758394647945613, "sr": 1.465302571123205}}