{"returned_dict": {"loss": 0.033017825335264206, "r2": 0.033017825335264206, "status": "ok", "start_time": 1671740554.352277, "duration": 2.0243022441864014}, "current_params": {"N": 100, "b": 0.28333773798751105, "c": 0.2769636229766109, "iss": 0.9, "lr": 0.034786994421431135, "reg": 0.18870286763982, "sr": 1.3663045045387285}}