{"returned_dict": {"loss": 0.0357682928442955, "r2": 0.0357682928442955, "status": "ok", "start_time": 1671740371.6125057, "duration": 2.233320474624634}, "current_params": {"N": 300, "b": 0.6438853119635191, "c": 0.337857266571169, "iss": 0.9, "lr": 0.20878183455914584, "reg": 0.18724656659049088, "sr": 1.4191216147780341}}