{"returned_dict": {"loss": 0.03023565001785755, "r2": 0.03023565001785755, "status": "ok", "start_time": 1671738084.827873, "duration": 2.022534132003784}, "current_params": {"N": 100, "b": 0.9835561232520175, "c": 0.7536512199660045, "iss": 0.9, "lr": 0.011272253615222839, "reg": 0.21705678095622122, "sr": 0.11184881283870544}}