{"returned_dict": {"loss": 0.034098029136657715, "r2": 0.034098029136657715, "status": "ok", "start_time": 1671738139.1044402, "duration": 2.0333971977233887}, "current_params": {"N": 200, "b": 0.4296439848177494, "c": 0.8476792425212076, "iss": 0.9, "lr": 0.06752581801795417, "reg": 0.6553361151263352, "sr": 0.5854471472637369}}