{"returned_dict": {"loss": 0.0352790392935276, "r2": 0.0352790392935276, "status": "ok", "start_time": 1671737800.6789303, "duration": 2.0798728466033936}, "current_params": {"N": 300, "b": 0.3645108506646468, "c": 0.3647243450424229, "iss": 0.9, "lr": 0.12251552188440558, "reg": 0.5410339403941541, "sr": 0.020788245498133077}}