{"returned_dict": {"loss": 0.03000645339488983, "r2": 0.03000645339488983, "status": "ok", "start_time": 1671738031.3576462, "duration": 2.0476365089416504}, "current_params": {"N": 100, "b": 0.11376127470830975, "c": 0.22276571301331402, "iss": 0.9, "lr": 0.0065466241047420414, "reg": 0.27904986817294086, "sr": 0.03305651438207593}}