{"returned_dict": {"loss": 0.030184248462319374, "r2": 0.030184248462319374, "status": "ok", "start_time": 1671737997.8224187, "duration": 2.0537497997283936}, "current_params": {"N": 200, "b": 0.5264674757174114, "c": 0.32640995582667226, "iss": 0.9, "lr": 0.012234370834034261, "reg": 0.39658495482354345, "sr": 0.13677791609997997}}