{"returned_dict": {"loss": 0.035656917840242386, "r2": 0.035656917840242386, "status": "ok", "start_time": 1671744996.2821724, "duration": 2.1029067039489746}, "current_params": {"N": 100, "b": 0.692978132645329, "c": 0.6227352249551078, "iss": 0.9, "lr": 0.7725304602957939, "reg": 0.20126292732228476, "sr": 1.3784434979510813}}