{"returned_dict": {"loss": 0.03566432371735573, "r2": 0.03566432371735573, "status": "ok", "start_time": 1671740646.5121572, "duration": 2.2362592220306396}, "current_params": {"N": 200, "b": 0.3536485954186093, "c": 0.1555059268458777, "iss": 0.9, "lr": 0.26170469884206, "reg": 0.2507608239009111, "sr": 1.545546388996287}}