{"returned_dict": {"loss": 0.032731521874666214, "r2": 0.032731521874666214, "status": "ok", "start_time": 1671740326.8955257, "duration": 2.097808361053467}, "current_params": {"N": 200, "b": 0.2222270381259225, "c": 0.8601746545982152, "iss": 0.9, "lr": 0.04017882290811124, "reg": 0.9826726275286644, "sr": 1.1302611176632902}}