{"returned_dict": {"loss": 0.033742476254701614, "r2": 0.033742476254701614, "status": "ok", "start_time": 1671738053.8088167, "duration": 1.9549472332000732}, "current_params": {"N": 100, "b": 0.7063607431604215, "c": 0.6311785729452114, "iss": 0.9, "lr": 0.07269665299339613, "reg": 0.4066799763542243, "sr": 0.9835702046048429}}