{"returned_dict": {"loss": 0.030325686559081078, "r2": 0.030325686559081078, "status": "ok", "start_time": 1671737625.2649553, "duration": 2.230295419692993}, "current_params": {"N": 300, "b": 0.22635976404643185, "c": 0.1166672435702602, "iss": 0.9, "lr": 0.0012469785034749062, "reg": 0.18746490341558442, "sr": 0.13504276379966784}}