{"returned_dict": {"loss": 0.03334519639611244, "r2": 0.03334519639611244, "status": "ok", "start_time": 1671740844.3712459, "duration": 2.232473611831665}, "current_params": {"N": 300, "b": 0.2962545454132178, "c": 0.3489993930683319, "iss": 0.9, "lr": 0.7085852050415095, "reg": 0.22332004562205915, "sr": 8.923560400580197}}