{"returned_dict": {"loss": 0.030118009075522423, "r2": 0.030118009075522423, "status": "ok", "start_time": 1671738199.8474464, "duration": 2.0139522552490234}, "current_params": {"N": 100, "b": 0.7487963004554876, "c": 0.2452363339732475, "iss": 0.9, "lr": 0.009149810797854293, "reg": 0.3052801155498569, "sr": 0.05720767712505525}}