{"returned_dict": {"loss": 0.037360869348049164, "r2": 0.037360869348049164, "status": "ok", "start_time": 1671740616.255541, "duration": 2.0790557861328125}, "current_params": {"N": 200, "b": 0.37841629305036983, "c": 0.2516944589534234, "iss": 0.9, "lr": 0.0022413456835949823, "reg": 0.6921016833030303, "sr": 2.610197482774561}}