{"returned_dict": {"loss": 0.03529593348503113, "r2": 0.03529593348503113, "status": "ok", "start_time": 1671738353.4997187, "duration": 2.106459140777588}, "current_params": {"N": 100, "b": 0.34278499169814225, "c": 0.27447266547785754, "iss": 0.9, "lr": 0.7951180117484006, "reg": 0.19380527923719948, "sr": 0.2527849477923006}}