{"returned_dict": {"loss": 0.03589734807610512, "r2": 0.03589734807610512, "status": "ok", "start_time": 1671741062.0143785, "duration": 2.2750093936920166}, "current_params": {"N": 200, "b": 0.2991278087174283, "c": 0.18213645157412894, "iss": 0.9, "lr": 0.774706809513997, "reg": 0.4340446417402504, "sr": 2.459661444291979}}