{"returned_dict": {"loss": 0.03586350753903389, "r2": 0.03586350753903389, "status": "ok", "start_time": 1671738014.6802795, "duration": 2.1041982173919678}, "current_params": {"N": 300, "b": 0.7652303739745431, "c": 0.12155008789588174, "iss": 0.9, "lr": 0.4589596869564032, "reg": 0.12528126051470714, "sr": 0.8361142665850512}}