{"returned_dict": {"loss": 0.034829165786504745, "r2": 0.034829165786504745, "status": "ok", "start_time": 1671738018.9453368, "duration": 2.0037992000579834}, "current_params": {"N": 100, "b": 0.7805271826370735, "c": 0.20659794721829927, "iss": 0.9, "lr": 0.7585427422320523, "reg": 0.6195998109482778, "sr": 0.14387485291842203}}