{"returned_dict": {"loss": 0.03553222119808197, "r2": 0.03553222119808197, "status": "ok", "start_time": 1671741532.3566113, "duration": 2.1477060317993164}, "current_params": {"N": 100, "b": 0.37673304994418944, "c": 0.7945593478375447, "iss": 0.9, "lr": 0.6751854428024655, "reg": 0.10728488250394906, "sr": 1.7117156767281798}}