{"returned_dict": {"loss": 0.03512362763285637, "r2": 0.03512362763285637, "status": "ok", "start_time": 1671744814.8914156, "duration": 2.113478422164917}, "current_params": {"N": 100, "b": 0.3231308178162537, "c": 0.7814226544001762, "iss": 0.9, "lr": 0.4998199364339672, "reg": 0.2285614258018188, "sr": 2.355750002754293}}