{"returned_dict": {"loss": 0.035488516092300415, "r2": 0.035488516092300415, "status": "ok", "start_time": 1671744983.2791078, "duration": 2.271057605743408}, "current_params": {"N": 100, "b": 0.40568362315907314, "c": 0.2554785268670671, "iss": 0.9, "lr": 0.2756809572318929, "reg": 0.6445830201510564, "sr": 1.4072291553877936}}