{"returned_dict": {"loss": 0.03007991798222065, "r2": 0.03007991798222065, "status": "ok", "start_time": 1671737328.9166052, "duration": 2.0721092224121094}, "current_params": {"N": 100, "b": 0.2178540216220906, "c": 0.22188022501356255, "iss": 0.9, "lr": 0.0072789537441323385, "reg": 0.1249236444725879, "sr": 0.3226348405474758}}