{"returned_dict": {"loss": 0.03423815965652466, "r2": 0.03423815965652466, "status": "ok", "start_time": 1671741150.006588, "duration": 2.113529920578003}, "current_params": {"N": 100, "b": 0.7772456227222968, "c": 0.435934054226638, "iss": 0.9, "lr": 0.06919308033611184, "reg": 0.14790441050898925, "sr": 1.2696389406751023}}