{"returned_dict": {"loss": 0.03071545995771885, "r2": 0.03071545995771885, "status": "ok", "start_time": 1671737989.5058115, "duration": 2.1402440071105957}, "current_params": {"N": 300, "b": 0.8616207397311954, "c": 0.2466247647080829, "iss": 0.9, "lr": 0.026383797287459904, "reg": 0.33178816530950644, "sr": 0.013245074282018337}}