{"returned_dict": {"loss": 0.035877056419849396, "r2": 0.035877056419849396, "status": "ok", "start_time": 1671740650.9438617, "duration": 2.1414031982421875}, "current_params": {"N": 200, "b": 0.5432433399783323, "c": 0.14771467482780695, "iss": 0.9, "lr": 0.22476451933947378, "reg": 0.11610750521740211, "sr": 1.5784462422657086}}