{"returned_dict": {"loss": 0.0352286733686924, "r2": 0.0352286733686924, "status": "ok", "start_time": 1671740605.660017, "duration": 2.178535223007202}, "current_params": {"N": 300, "b": 0.3529823792477291, "c": 0.7132231917056493, "iss": 0.9, "lr": 0.022172000243238923, "reg": 0.2735012355727521, "sr": 1.73176382008979}}