{"returned_dict": {"loss": 0.03834055736660957, "r2": 0.03834055736660957, "status": "ok", "start_time": 1671741978.0047302, "duration": 2.052997589111328}, "current_params": {"N": 100, "b": 0.9835561232520175, "c": 0.7536512199660045, "iss": 0.9, "lr": 0.011272253615222839, "reg": 0.21705678095622122, "sr": 2.2363706962739935}}