{"returned_dict": {"loss": 0.03562009707093239, "r2": 0.03562009707093239, "status": "ok", "start_time": 1671742319.4438791, "duration": 2.1238625049591064}, "current_params": {"N": 100, "b": 0.3742780397491226, "c": 0.5980170058048793, "iss": 0.9, "lr": 0.3565338474324972, "reg": 0.9215432422497646, "sr": 1.356026707220904}}