{"returned_dict": {"loss": 0.03568529710173607, "r2": 0.03568529710173607, "status": "ok", "start_time": 1671740191.245567, "duration": 2.216144561767578}, "current_params": {"N": 200, "b": 0.24373502666682006, "c": 0.1329081380869878, "iss": 0.9, "lr": 0.35065431611638165, "reg": 0.5581838632787743, "sr": 1.0548985558871398}}