{"returned_dict": {"loss": 0.03536766394972801, "r2": 0.03536766394972801, "status": "ok", "start_time": 1671738095.0241406, "duration": 2.0899736881256104}, "current_params": {"N": 300, "b": 0.2993935727722088, "c": 0.9885744094562058, "iss": 0.9, "lr": 0.22725011719595567, "reg": 0.9794483788104307, "sr": 0.1362379672768399}}