{"returned_dict": {"loss": 0.03314715996384621, "r2": 0.03314715996384621, "status": "ok", "start_time": 1671741950.474434, "duration": 2.126452922821045}, "current_params": {"N": 100, "b": 0.194559324404902, "c": 0.97007582444055, "iss": 0.9, "lr": 0.054894454525267304, "reg": 0.8114847371816096, "sr": 1.2401558481578057}}