{"returned_dict": {"loss": 0.035599786788225174, "r2": 0.035599786788225174, "status": "ok", "start_time": 1671742378.960674, "duration": 2.091191053390503}, "current_params": {"N": 100, "b": 0.12103961725749056, "c": 0.8112207377210026, "iss": 0.9, "lr": 0.2957869623001439, "reg": 0.15521313280584187, "sr": 1.398863542613596}}