{"returned_dict": {"loss": 0.035955917090177536, "r2": 0.035955917090177536, "status": "ok", "start_time": 1671745102.350057, "duration": 2.1896748542785645}, "current_params": {"N": 100, "b": 0.17636936179495005, "c": 0.15770661245464823, "iss": 0.9, "lr": 0.31008930988824535, "reg": 0.5391753821565773, "sr": 2.0358796709147833}}