{"returned_dict": {"loss": 0.03559505566954613, "r2": 0.03559505566954613, "status": "ok", "start_time": 1671740964.415952, "duration": 2.32375431060791}, "current_params": {"N": 200, "b": 0.3897544244351114, "c": 0.2033517965982081, "iss": 0.9, "lr": 0.9337516329319143, "reg": 0.49315015713495064, "sr": 1.2175388747725577}}