{"returned_dict": {"loss": 0.03106711246073246, "r2": 0.03106711246073246, "status": "ok", "start_time": 1671741937.967036, "duration": 2.0470130443573}, "current_params": {"N": 100, "b": 0.425476580107788, "c": 0.8921121537404121, "iss": 0.9, "lr": 0.02564931417238596, "reg": 0.9692263312512682, "sr": 1.7293927028952456}}