{"returned_dict": {"loss": 0.03573960065841675, "r2": 0.03573960065841675, "status": "ok", "start_time": 1671741201.23317, "duration": 2.279324531555176}, "current_params": {"N": 300, "b": 0.1732737872804425, "c": 0.17459973329919917, "iss": 0.9, "lr": 0.8249901206449037, "reg": 0.3758394647945613, "sr": 1.465302571123205}}