{"returned_dict": {"loss": 0.035284724086523056, "r2": 0.035284724086523056, "status": "ok", "start_time": 1671737606.183063, "duration": 1.9748382568359375}, "current_params": {"N": 100, "b": 0.22357666148836536, "c": 0.5908183419306297, "iss": 0.9, "lr": 0.1676676651988696, "reg": 0.20037505293073954, "sr": 0.28327116807958513}}