{"returned_dict": {"loss": 0.03493834286928177, "r2": 0.03493834286928177, "status": "ok", "start_time": 1671737776.5110183, "duration": 1.9999463558197021}, "current_params": {"N": 200, "b": 0.2915306198586762, "c": 0.3351367347624756, "iss": 0.9, "lr": 0.5269856938769651, "reg": 0.9528276727337425, "sr": 0.12440910427817788}}