{"returned_dict": {"loss": 0.03360658884048462, "r2": 0.03360658884048462, "status": "ok", "start_time": 1671745190.9646149, "duration": 2.2874157428741455}, "current_params": {"N": 100, "b": 0.13263177988324867, "c": 0.85249214657402, "iss": 0.9, "lr": 0.043857026135082675, "reg": 0.1154470976011134, "sr": 1.0517342381920005}}