{"returned_dict": {"loss": 0.03507130220532417, "r2": 0.03507130220532417, "status": "ok", "start_time": 1671737410.192022, "duration": 1.9956364631652832}, "current_params": {"N": 100, "b": 0.3665122802853828, "c": 0.11479849355977963, "iss": 0.9, "lr": 0.38264094967620665, "reg": 0.40574124937936856, "sr": 0.07966435869333038}}