{"returned_dict": {"loss": 0.03641879931092262, "r2": 0.03641879931092262, "status": "ok", "start_time": 1671745000.562242, "duration": 2.19277286529541}, "current_params": {"N": 100, "b": 0.9660850551391233, "c": 0.9457929740733246, "iss": 0.9, "lr": 0.36345335286724, "reg": 0.2294158979458879, "sr": 7.323633012309028}}