{"returned_dict": {"loss": 0.03277711942791939, "r2": 0.03277711942791939, "status": "ok", "start_time": 1671740721.3444445, "duration": 2.0892493724823}, "current_params": {"N": 100, "b": 0.27783588945596516, "c": 0.8307993513539023, "iss": 0.9, "lr": 0.0023907620849884367, "reg": 0.15177924529298878, "sr": 1.5020050945247758}}