{"returned_dict": {"loss": 0.03587133809924126, "r2": 0.03587133809924126, "status": "ok", "start_time": 1671737561.9169676, "duration": 2.0733447074890137}, "current_params": {"N": 200, "b": 0.6784161935144015, "c": 0.9780875884995625, "iss": 0.9, "lr": 0.18948823050344044, "reg": 0.8960046279002518, "sr": 1.9577985037865833}}