{"returned_dict": {"loss": 0.037441205233335495, "r2": 0.037441205233335495, "status": "ok", "start_time": 1671740716.9751227, "duration": 2.2322006225585938}, "current_params": {"N": 200, "b": 0.425476580107788, "c": 0.8921121537404121, "iss": 0.9, "lr": 0.02564931417238596, "reg": 0.9692263312512682, "sr": 1.7293927028952456}}