{"returned_dict": {"loss": 0.03553399816155434, "r2": 0.03553399816155434, "status": "ok", "start_time": 1671738328.6554875, "duration": 2.101688861846924}, "current_params": {"N": 300, "b": 0.28001583555145365, "c": 0.2663262849148458, "iss": 0.9, "lr": 0.28326522129337195, "reg": 0.26448963167188727, "sr": 0.32215881438195565}}