{"returned_dict": {"loss": 0.0315241701900959, "r2": 0.0315241701900959, "status": "ok", "start_time": 1671742345.1227937, "duration": 2.0723161697387695}, "current_params": {"N": 100, "b": 0.24483766117777306, "c": 0.40774929731107784, "iss": 0.9, "lr": 0.531972638220443, "reg": 0.15079139100863342, "sr": 5.795703575575043}}