{"returned_dict": {"loss": 0.033967580646276474, "r2": 0.033967580646276474, "status": "ok", "start_time": 1671737501.421102, "duration": 2.114863872528076}, "current_params": {"N": 300, "b": 0.6438481690785132, "c": 0.16476678811527198, "iss": 0.9, "lr": 0.06719120770962762, "reg": 0.5370807668823528, "sr": 0.07071032186253305}}