{"returned_dict": {"loss": 0.0399056114256382, "r2": 0.0399056114256382, "status": "ok", "start_time": 1671738080.7674809, "duration": 1.9827585220336914}, "current_params": {"N": 100, "b": 0.3256074064661304, "c": 0.4555686959267685, "iss": 0.9, "lr": 0.2767485225240801, "reg": 0.17026902601526456, "sr": 4.747787753734963}}