{"returned_dict": {"loss": 0.03568992391228676, "r2": 0.03568992391228676, "status": "ok", "start_time": 1671737735.6652975, "duration": 2.0479190349578857}, "current_params": {"N": 300, "b": 0.24511409857248895, "c": 0.8726492315364878, "iss": 0.9, "lr": 0.3594469868947467, "reg": 0.16176923357804016, "sr": 0.9533191226235032}}