{"returned_dict": {"loss": 0.030040184035897255, "r2": 0.030040184035897255, "status": "ok", "start_time": 1671738498.2521286, "duration": 2.0489983558654785}, "current_params": {"N": 300, "b": 0.18184643566099104, "c": 0.42654024807626884, "iss": 0.9, "lr": 0.001350765380672023, "reg": 0.1592668387189418, "sr": 0.06319915062248692}}