{"returned_dict": {"loss": 0.03216852620244026, "r2": 0.03216852620244026, "status": "ok", "start_time": 1671741724.350891, "duration": 2.1871492862701416}, "current_params": {"N": 100, "b": 0.44603217235657633, "c": 0.8341603090529488, "iss": 0.9, "lr": 0.03495869536083056, "reg": 0.4226267783471237, "sr": 1.2095505464568697}}