{"returned_dict": {"loss": 0.03540462628006935, "r2": 0.03540462628006935, "status": "ok", "start_time": 1671737863.3538845, "duration": 2.0434086322784424}, "current_params": {"N": 300, "b": 0.1981525118671267, "c": 0.798388057758011, "iss": 0.9, "lr": 0.2824375992376589, "reg": 0.2513147433966016, "sr": 0.014132040674737733}}