{"returned_dict": {"loss": 0.03462265059351921, "r2": 0.03462265059351921, "status": "ok", "start_time": 1671740348.2793255, "duration": 2.041914224624634}, "current_params": {"N": 200, "b": 0.5127140841909754, "c": 0.12602192823375516, "iss": 0.9, "lr": 0.0789861315016965, "reg": 0.9115623501057134, "sr": 1.5217969786463987}}