{"returned_dict": {"loss": 0.037486396729946136, "r2": 0.037486396729946136, "status": "ok", "start_time": 1671741192.5401661, "duration": 2.1318442821502686}, "current_params": {"N": 200, "b": 0.6307819536941268, "c": 0.6492516889102475, "iss": 0.9, "lr": 0.4891303392356736, "reg": 0.1923378481958052, "sr": 3.0187741748409507}}