{"returned_dict": {"loss": 0.035805586725473404, "r2": 0.035805586725473404, "status": "ok", "start_time": 1671740177.8530753, "duration": 2.251255750656128}, "current_params": {"N": 200, "b": 0.5966301811482172, "c": 0.2800772268990516, "iss": 0.9, "lr": 0.3682245588875041, "reg": 0.5802777942221449, "sr": 1.329168134856491}}