{"returned_dict": {"loss": 0.03486435115337372, "r2": 0.03486435115337372, "status": "ok", "start_time": 1671737847.495824, "duration": 2.0339972972869873}, "current_params": {"N": 300, "b": 0.9982273897432326, "c": 0.2127771001215661, "iss": 0.9, "lr": 0.22465500878777253, "reg": 0.6063725449776021, "sr": 0.09835763510258089}}