{"returned_dict": {"loss": 0.03476041555404663, "r2": 0.03476041555404663, "status": "ok", "start_time": 1671737798.6828148, "duration": 1.9810073375701904}, "current_params": {"N": 100, "b": 0.17502290305289997, "c": 0.33994258610589634, "iss": 0.9, "lr": 0.586941971470369, "reg": 0.22098948895467893, "sr": 0.030264242037118992}}