{"returned_dict": {"loss": 0.035364780575037, "r2": 0.035364780575037, "status": "ok", "start_time": 1671737784.5488393, "duration": 1.9650497436523438}, "current_params": {"N": 200, "b": 0.10399559906997562, "c": 0.3514116347800789, "iss": 0.9, "lr": 0.1927391235133892, "reg": 0.16599826974275553, "sr": 0.017275455370965257}}