{"returned_dict": {"loss": 0.034197647124528885, "r2": 0.034197647124528885, "status": "ok", "start_time": 1671737414.1560652, "duration": 2.077894687652588}, "current_params": {"N": 100, "b": 0.11855409109698968, "c": 0.5063607288068672, "iss": 0.9, "lr": 0.05989081733494548, "reg": 0.16301107708185072, "sr": 0.1626795681245935}}