{"returned_dict": {"loss": 0.03540140390396118, "r2": 0.03540140390396118, "status": "ok", "start_time": 1671741167.766422, "duration": 2.2647035121917725}, "current_params": {"N": 300, "b": 0.2037399896182394, "c": 0.7928369963450768, "iss": 0.9, "lr": 0.12910301946029626, "reg": 0.47428177840350655, "sr": 1.3719803737017455}}