{"returned_dict": {"loss": 0.033121149986982346, "r2": 0.033121149986982346, "status": "ok", "start_time": 1671740644.2765112, "duration": 2.229034900665283}, "current_params": {"N": 200, "b": 0.12053266979879558, "c": 0.22156048826913843, "iss": 0.9, "lr": 0.8751835067223517, "reg": 0.2711662289588448, "sr": 4.472486849467424}}