{"returned_dict": {"loss": 0.03267225623130798, "r2": 0.03267225623130798, "status": "ok", "start_time": 1671742293.8902907, "duration": 2.1911611557006836}, "current_params": {"N": 100, "b": 0.7015277392131855, "c": 0.16784359819850744, "iss": 0.9, "lr": 0.02969670618241005, "reg": 0.47048558121713285, "sr": 2.643520839694951}}