{"returned_dict": {"loss": 0.03622933104634285, "r2": 0.03622933104634285, "status": "ok", "start_time": 1671742197.2298062, "duration": 2.173532485961914}, "current_params": {"N": 100, "b": 0.586821465833443, "c": 0.5215782321281691, "iss": 0.9, "lr": 0.4828512616534377, "reg": 0.11734282164494221, "sr": 2.6892899615315917}}