{"returned_dict": {"loss": 0.034051623195409775, "r2": 0.034051623195409775, "status": "ok", "start_time": 1671737796.6723645, "duration": 1.9963819980621338}, "current_params": {"N": 200, "b": 0.3455526162202248, "c": 0.18592793632987165, "iss": 0.9, "lr": 0.0839574815743966, "reg": 0.8444140104282702, "sr": 0.016223651162329426}}