{"returned_dict": {"loss": 0.03556106239557266, "r2": 0.03556106239557266, "status": "ok", "start_time": 1671741082.449458, "duration": 2.1438207626342773}, "current_params": {"N": 100, "b": 0.1901967358139486, "c": 0.3772774757114954, "iss": 0.9, "lr": 0.5203205459000363, "reg": 0.23488254898046296, "sr": 1.5097489541180675}}