{"returned_dict": {"loss": 0.032792482525110245, "r2": 0.032792482525110245, "status": "ok", "start_time": 1671740548.0344203, "duration": 2.222321033477783}, "current_params": {"N": 300, "b": 0.7737298836312899, "c": 0.34239282351411304, "iss": 0.9, "lr": 0.0016821487193693313, "reg": 0.1887251587323588, "sr": 1.1727820851740411}}