{"returned_dict": {"loss": 0.037420373409986496, "r2": 0.037420373409986496, "status": "ok", "start_time": 1671740171.0364408, "duration": 2.2855238914489746}, "current_params": {"N": 300, "b": 0.6751747509741388, "c": 0.7318207026550549, "iss": 0.9, "lr": 0.6156368875066841, "reg": 0.18762863498422364, "sr": 5.509338260967064}}