{"returned_dict": {"loss": 0.034791719168424606, "r2": 0.034791719168424606, "status": "ok", "start_time": 1671740406.9885619, "duration": 2.166069507598877}, "current_params": {"N": 200, "b": 0.22003080954962512, "c": 0.8966867733003693, "iss": 0.9, "lr": 0.03942187518677715, "reg": 0.5543519460888694, "sr": 1.5326580887640198}}