{"returned_dict": {"loss": 0.035420406609773636, "r2": 0.035420406609773636, "status": "ok", "start_time": 1671737574.717848, "duration": 2.1425955295562744}, "current_params": {"N": 300, "b": 0.4443910388605285, "c": 0.19239732904706308, "iss": 0.9, "lr": 0.42979608081480786, "reg": 0.3206188911946868, "sr": 0.020006202812672045}}