{"returned_dict": {"loss": 0.03528837859630585, "r2": 0.03528837859630585, "status": "ok", "start_time": 1671738172.6393974, "duration": 2.143324375152588}, "current_params": {"N": 300, "b": 0.8311712074438798, "c": 0.23736345169748735, "iss": 0.9, "lr": 0.09921275105886494, "reg": 0.1619455692295904, "sr": 0.04945541388734963}}