{"returned_dict": {"loss": 0.030368870124220848, "r2": 0.030368870124220848, "status": "ok", "start_time": 1671741129.5640619, "duration": 2.146554708480835}, "current_params": {"N": 200, "b": 0.519742693837922, "c": 0.5565817218208267, "iss": 0.9, "lr": 0.009790643578971699, "reg": 0.41504532316280984, "sr": 1.0416474108266593}}