{"returned_dict": {"loss": 0.03482018783688545, "r2": 0.03482018783688545, "status": "ok", "start_time": 1671741455.7449903, "duration": 2.0068066120147705}, "current_params": {"N": 100, "b": 0.30413645603062983, "c": 0.16171469724981855, "iss": 0.9, "lr": 0.07729401267577381, "reg": 0.47627438340683814, "sr": 2.768109331793993}}