{"returned_dict": {"loss": 0.030525917187333107, "r2": 0.030525917187333107, "status": "ok", "start_time": 1671741649.009413, "duration": 2.0924875736236572}, "current_params": {"N": 100, "b": 0.6235117037324777, "c": 0.16404610050705865, "iss": 0.9, "lr": 0.012213382575706437, "reg": 0.17187170454456094, "sr": 1.163914694549101}}