{"returned_dict": {"loss": 0.03611097112298012, "r2": 0.03611097112298012, "status": "ok", "start_time": 1671740719.2123246, "duration": 2.126858949661255}, "current_params": {"N": 200, "b": 0.7607247853471313, "c": 0.10187142939203417, "iss": 0.9, "lr": 0.09308548117509577, "reg": 0.26618181010272873, "sr": 2.428136240192105}}