{"returned_dict": {"loss": 0.03504621237516403, "r2": 0.03504621237516403, "status": "ok", "start_time": 1671738391.0604603, "duration": 2.0277888774871826}, "current_params": {"N": 200, "b": 0.11924204141279537, "c": 0.4574857568264334, "iss": 0.9, "lr": 0.2220066883677793, "reg": 0.6057110987515739, "sr": 0.11485106425846733}}