{"returned_dict": {"loss": 0.035718075931072235, "r2": 0.035718075931072235, "status": "ok", "start_time": 1671740311.887363, "duration": 2.1654319763183594}, "current_params": {"N": 300, "b": 0.37673304994418944, "c": 0.7945593478375447, "iss": 0.9, "lr": 0.6751854428024655, "reg": 0.10728488250394906, "sr": 1.7117156767281798}}