{"returned_dict": {"loss": 0.03547567129135132, "r2": 0.03547567129135132, "status": "ok", "start_time": 1671737520.1534588, "duration": 2.079347610473633}, "current_params": {"N": 200, "b": 0.9777455670909221, "c": 0.23730502986739818, "iss": 0.9, "lr": 0.14684610291088662, "reg": 0.14192477609769236, "sr": 1.0993945835225665}}