{"returned_dict": {"loss": 0.035768721252679825, "r2": 0.035768721252679825, "status": "ok", "start_time": 1671740316.1727457, "duration": 2.120818853378296}, "current_params": {"N": 200, "b": 0.15444049945520633, "c": 0.9238047468820222, "iss": 0.9, "lr": 0.5494681828865381, "reg": 0.1104603834948258, "sr": 1.1235657719661352}}