{"returned_dict": {"loss": 0.030066266655921936, "r2": 0.030066266655921936, "status": "ok", "start_time": 1671738424.3447826, "duration": 2.0576248168945312}, "current_params": {"N": 200, "b": 0.2085378556601877, "c": 0.15318359821094882, "iss": 0.9, "lr": 0.008986470115451558, "reg": 0.35126848591840243, "sr": 0.45773945073544947}}