{"returned_dict": {"loss": 0.03410271182656288, "r2": 0.03410271182656288, "status": "ok", "start_time": 1671738033.4090405, "duration": 1.9915270805358887}, "current_params": {"N": 100, "b": 0.572421047939292, "c": 0.17167685844689373, "iss": 0.9, "lr": 0.09789180901999919, "reg": 0.680315398575885, "sr": 0.27309281271513014}}