{"returned_dict": {"loss": 0.03568068519234657, "r2": 0.03568068519234657, "status": "ok", "start_time": 1671737983.3535342, "duration": 2.0148422718048096}, "current_params": {"N": 200, "b": 0.5432433399783323, "c": 0.14771467482780695, "iss": 0.9, "lr": 0.22476451933947378, "reg": 0.11610750521740211, "sr": 0.039326870369583995}}