{"returned_dict": {"loss": 0.035175446420907974, "r2": 0.035175446420907974, "status": "ok", "start_time": 1671737691.2789836, "duration": 1.935464859008789}, "current_params": {"N": 100, "b": 0.7885766008379518, "c": 0.12531976413481868, "iss": 0.9, "lr": 0.21207672046475814, "reg": 0.46439530898609777, "sr": 0.21354604962375795}}