{"returned_dict": {"loss": 0.03526131808757782, "r2": 0.03526131808757782, "status": "ok", "start_time": 1671740767.963594, "duration": 2.1304636001586914}, "current_params": {"N": 100, "b": 0.5384483268397504, "c": 0.11733102659234183, "iss": 0.9, "lr": 0.15889132945529327, "reg": 0.19960269179950244, "sr": 1.9383576475295472}}