{"returned_dict": {"loss": 0.03011646866798401, "r2": 0.03011646866798401, "status": "ok", "start_time": 1671738457.7394025, "duration": 1.940657377243042}, "current_params": {"N": 100, "b": 0.3832557326631677, "c": 0.1996655668553178, "iss": 0.9, "lr": 0.009243666398564372, "reg": 0.11418671266874716, "sr": 0.027596733582917296}}