{"returned_dict": {"loss": 0.03532617539167404, "r2": 0.03532617539167404, "status": "ok", "start_time": 1671738420.009089, "duration": 2.237123727798462}, "current_params": {"N": 300, "b": 0.2847133200607507, "c": 0.17416531511713473, "iss": 0.9, "lr": 0.0531981044003313, "reg": 0.11189345643766593, "sr": 0.0799578148112214}}