{"returned_dict": {"loss": 0.03557253256440163, "r2": 0.03557253256440163, "status": "ok", "start_time": 1671737707.1495383, "duration": 2.1887292861938477}, "current_params": {"N": 300, "b": 0.123924017663555, "c": 0.12854730820831434, "iss": 0.9, "lr": 0.9218534144690987, "reg": 0.9619270063533313, "sr": 1.8104096665308864}}