{"returned_dict": {"loss": 0.03132231533527374, "r2": 0.03132231533527374, "status": "ok", "start_time": 1671741803.1368804, "duration": 2.0395095348358154}, "current_params": {"N": 100, "b": 0.6932218580079781, "c": 0.24839233284726012, "iss": 0.9, "lr": 0.5983891337174984, "reg": 0.2143422697685973, "sr": 3.710286814255136}}