{"returned_dict": {"loss": 0.035123635083436966, "r2": 0.035123635083436966, "status": "ok", "start_time": 1671738270.5844357, "duration": 2.0470120906829834}, "current_params": {"N": 200, "b": 0.17059253181090905, "c": 0.3326145575379093, "iss": 0.9, "lr": 0.05852580969635415, "reg": 0.11866837658511009, "sr": 0.013476031368341815}}