{"returned_dict": {"loss": 0.03392092138528824, "r2": 0.03392092138528824, "status": "ok", "start_time": 1671741387.2984138, "duration": 2.0669689178466797}, "current_params": {"N": 100, "b": 0.18214628767075908, "c": 0.1697601678671181, "iss": 0.9, "lr": 0.8472268156639913, "reg": 0.5164693121905806, "sr": 2.801067631755739}}