{"returned_dict": {"loss": 0.0341479629278183, "r2": 0.0341479629278183, "status": "ok", "start_time": 1671741569.1347625, "duration": 2.185478448867798}, "current_params": {"N": 100, "b": 0.5127140841909754, "c": 0.12602192823375516, "iss": 0.9, "lr": 0.0789861315016965, "reg": 0.9115623501057134, "sr": 1.5217969786463987}}