{"returned_dict": {"loss": 0.030074328184127808, "r2": 0.030074328184127808, "status": "ok", "start_time": 1671738380.5784113, "duration": 2.0917861461639404}, "current_params": {"N": 300, "b": 0.13385360318544393, "c": 0.3591479542156364, "iss": 0.9, "lr": 0.00620778413125074, "reg": 0.30173660256967866, "sr": 0.025821741785248722}}