{"returned_dict": {"loss": 0.035576533526182175, "r2": 0.035576533526182175, "status": "ok", "start_time": 1671740509.520236, "duration": 2.228266477584839}, "current_params": {"N": 300, "b": 0.9982273897432326, "c": 0.2127771001215661, "iss": 0.9, "lr": 0.22465500878777253, "reg": 0.6063725449776021, "sr": 2.142574964752221}}