{"returned_dict": {"loss": 0.030413731932640076, "r2": 0.030413731932640076, "status": "ok", "start_time": 1671742385.3253067, "duration": 2.0720982551574707}, "current_params": {"N": 100, "b": 0.182022981270597, "c": 0.5930371543730358, "iss": 0.9, "lr": 0.009319567676996886, "reg": 0.33404868983732866, "sr": 1.5023053097585373}}