{"returned_dict": {"loss": 0.034464236348867416, "r2": 0.034464236348867416, "status": "ok", "start_time": 1671744799.0951152, "duration": 2.1995646953582764}, "current_params": {"N": 100, "b": 0.16014733296504582, "c": 0.4701226863622331, "iss": 0.9, "lr": 0.002569219109514612, "reg": 0.9536794001890089, "sr": 1.7837276281033014}}