{"returned_dict": {"loss": 0.035190995782613754, "r2": 0.035190995782613754, "status": "ok", "start_time": 1671737545.4222481, "duration": 2.0364325046539307}, "current_params": {"N": 200, "b": 0.24373502666682006, "c": 0.1329081380869878, "iss": 0.9, "lr": 0.35065431611638165, "reg": 0.5581838632787743, "sr": 0.011739026780685318}}