{"returned_dict": {"loss": 0.03336622565984726, "r2": 0.03336622565984726, "status": "ok", "start_time": 1671740631.7243664, "duration": 2.143019676208496}, "current_params": {"N": 200, "b": 0.2095096476792755, "c": 0.6976037940758745, "iss": 0.9, "lr": 0.005391003223566641, "reg": 0.3076313287947647, "sr": 1.7075820793895802}}