{"returned_dict": {"loss": 0.03141138330101967, "r2": 0.03141138330101967, "status": "ok", "start_time": 1671741906.5525696, "duration": 2.1455206871032715}, "current_params": {"N": 100, "b": 0.7652303739745431, "c": 0.12155008789588174, "iss": 0.9, "lr": 0.4589596869564032, "reg": 0.12528126051470714, "sr": 4.372755666873916}}