{"returned_dict": {"loss": 0.03504788503050804, "r2": 0.03504788503050804, "status": "ok", "start_time": 1671738151.5878906, "duration": 2.0411386489868164}, "current_params": {"N": 100, "b": 0.29812927086883206, "c": 0.9871003582394515, "iss": 0.9, "lr": 0.3433370565281825, "reg": 0.5971105166813662, "sr": 0.018126144328126276}}