{"returned_dict": {"loss": 0.03902614489197731, "r2": 0.03902614489197731, "status": "ok", "start_time": 1671744893.0501468, "duration": 2.0730535984039307}, "current_params": {"N": 100, "b": 0.6933696596224541, "c": 0.8380074883822615, "iss": 0.9, "lr": 0.001009158010588956, "reg": 0.261306053247962, "sr": 1.9422608149506602}}