{"returned_dict": {"loss": 0.03483577072620392, "r2": 0.03483577072620392, "status": "ok", "start_time": 1671738201.8653874, "duration": 1.952284812927246}, "current_params": {"N": 100, "b": 0.13841812352110508, "c": 0.35224154730877205, "iss": 0.9, "lr": 0.7809935032980998, "reg": 0.4699729264462095, "sr": 0.1128843385687396}}