{"returned_dict": {"loss": 0.036907974630594254, "r2": 0.036907974630594254, "status": "ok", "start_time": 1671740864.3733318, "duration": 2.133525848388672}, "current_params": {"N": 200, "b": 0.29231253737391216, "c": 0.9127204045028746, "iss": 0.9, "lr": 0.0011970839811347202, "reg": 0.15492885309622204, "sr": 2.0943669416405895}}