{"returned_dict": {"loss": 0.030868887901306152, "r2": 0.030868887901306152, "status": "ok", "start_time": 1671741029.2047055, "duration": 2.2823307514190674}, "current_params": {"N": 100, "b": 0.19435937923012855, "c": 0.14206310718375315, "iss": 0.9, "lr": 0.007557534403714485, "reg": 0.4877751860385107, "sr": 1.8180772617635927}}