{"returned_dict": {"loss": 0.03326673433184624, "r2": 0.03326673433184624, "status": "ok", "start_time": 1671738384.7092488, "duration": 2.1191458702087402}, "current_params": {"N": 300, "b": 0.4593088853129273, "c": 0.517892789401923, "iss": 0.9, "lr": 0.02656124145111163, "reg": 0.1414309301209633, "sr": 0.33080921554583603}}