{"returned_dict": {"loss": 0.03583410754799843, "r2": 0.03583410754799843, "status": "ok", "start_time": 1671741474.1903255, "duration": 2.035871982574463}, "current_params": {"N": 100, "b": 0.15988334745098587, "c": 0.3137526367160963, "iss": 0.9, "lr": 0.314305490263062, "reg": 0.5894817326458355, "sr": 2.09305042786521}}