{"returned_dict": {"loss": 0.035241950303316116, "r2": 0.035241950303316116, "status": "ok", "start_time": 1671741536.6467435, "duration": 2.0775046348571777}, "current_params": {"N": 100, "b": 0.15444049945520633, "c": 0.9238047468820222, "iss": 0.9, "lr": 0.5494681828865381, "reg": 0.1104603834948258, "sr": 1.1235657719661352}}