{"returned_dict": {"loss": 0.031131872907280922, "r2": 0.031131872907280922, "status": "ok", "start_time": 1671737849.5328128, "duration": 1.9434583187103271}, "current_params": {"N": 100, "b": 0.4480867836774068, "c": 0.4912901184562317, "iss": 0.9, "lr": 0.7766456097348575, "reg": 0.8080321494301728, "sr": 3.3829402834454134}}