{"returned_dict": {"loss": 0.03021191991865635, "r2": 0.03021191991865635, "status": "ok", "start_time": 1671737938.1653159, "duration": 2.077868938446045}, "current_params": {"N": 300, "b": 0.4456366561455288, "c": 0.15748193727422222, "iss": 0.9, "lr": 0.002692758085247875, "reg": 0.14289713403003407, "sr": 0.10481374774505735}}