{"returned_dict": {"loss": 0.03392454609274864, "r2": 0.03392454609274864, "status": "ok", "start_time": 1671738316.126122, "duration": 2.0945045948028564}, "current_params": {"N": 300, "b": 0.21242915453712113, "c": 0.35191814109060643, "iss": 0.9, "lr": 0.04988261099169484, "reg": 0.4804082735300303, "sr": 0.11841868401771673}}