{"returned_dict": {"loss": 0.03043115697801113, "r2": 0.03043115697801113, "status": "ok", "start_time": 1671742040.6767526, "duration": 2.091665744781494}, "current_params": {"N": 100, "b": 0.7342280723232246, "c": 0.30170850536865507, "iss": 0.9, "lr": 0.010318170452809632, "reg": 0.481099680313651, "sr": 1.2795757103443122}}