{"returned_dict": {"loss": 0.034906867891550064, "r2": 0.034906867891550064, "status": "ok", "start_time": 1671737819.1552308, "duration": 2.1017422676086426}, "current_params": {"N": 300, "b": 0.22589003861138518, "c": 0.7312890185229031, "iss": 0.9, "lr": 0.056175796579322756, "reg": 0.26390029229568324, "sr": 1.6346058937885937}}