{"returned_dict": {"loss": 0.03098001517355442, "r2": 0.03098001517355442, "status": "ok", "start_time": 1671742389.5366194, "duration": 2.0690760612487793}, "current_params": {"N": 100, "b": 0.2641746383974993, "c": 0.12727746900314385, "iss": 0.9, "lr": 0.023331131366917533, "reg": 0.9350111274632691, "sr": 1.379798142433526}}