{"returned_dict": {"loss": 0.03193024918437004, "r2": 0.03193024918437004, "status": "ok", "start_time": 1671737750.0031025, "duration": 2.062950611114502}, "current_params": {"N": 200, "b": 0.22003080954962512, "c": 0.8966867733003693, "iss": 0.9, "lr": 0.03942187518677715, "reg": 0.5543519460888694, "sr": 0.03600276409094317}}