{"returned_dict": {"loss": 0.03481085225939751, "r2": 0.03481085225939751, "status": "ok", "start_time": 1671737859.344651, "duration": 2.0209543704986572}, "current_params": {"N": 100, "b": 0.9326733291978175, "c": 0.5551988029287707, "iss": 0.9, "lr": 0.0020459627481612115, "reg": 0.14956866792972265, "sr": 1.1820828878248948}}