{"returned_dict": {"loss": 0.03520262613892555, "r2": 0.03520262613892555, "status": "ok", "start_time": 1671740530.6714058, "duration": 2.299692153930664}, "current_params": {"N": 300, "b": 0.15806458467729148, "c": 0.23164190055226355, "iss": 0.9, "lr": 0.06815247173845063, "reg": 0.8815383299303781, "sr": 1.6393942034079934}}