{"returned_dict": {"loss": 0.03434504568576813, "r2": 0.03434504568576813, "status": "ok", "start_time": 1671738361.9150953, "duration": 1.985546350479126}, "current_params": {"N": 100, "b": 0.31115546345723355, "c": 0.7551091843151386, "iss": 0.9, "lr": 0.4681113689690687, "reg": 0.6562706866167949, "sr": 2.6284833771283136}}