{"returned_dict": {"loss": 0.03370274603366852, "r2": 0.03370274603366852, "status": "ok", "start_time": 1671740866.5128596, "duration": 2.1117608547210693}, "current_params": {"N": 100, "b": 0.4069238680439858, "c": 0.38569397040161585, "iss": 0.9, "lr": 0.043730742365846544, "reg": 0.12643052958360568, "sr": 1.0493279567307183}}