{"returned_dict": {"loss": 0.03042023815214634, "r2": 0.03042023815214634, "status": "ok", "start_time": 1671738486.3628557, "duration": 2.074711322784424}, "current_params": {"N": 300, "b": 0.2641746383974993, "c": 0.12727746900314385, "iss": 0.9, "lr": 0.023331131366917533, "reg": 0.9350111274632691, "sr": 0.026269189160334116}}