{"returned_dict": {"loss": 0.03357376158237457, "r2": 0.03357376158237457, "status": "ok", "start_time": 1671737695.3013527, "duration": 2.022007703781128}, "current_params": {"N": 200, "b": 0.5127140841909754, "c": 0.12602192823375516, "iss": 0.9, "lr": 0.0789861315016965, "reg": 0.9115623501057134, "sr": 0.03524277949039688}}