{"returned_dict": {"loss": 0.035283517092466354, "r2": 0.035283517092466354, "status": "ok", "start_time": 1671737532.96163, "duration": 2.0207834243774414}, "current_params": {"N": 200, "b": 0.5966301811482172, "c": 0.2800772268990516, "iss": 0.9, "lr": 0.3682245588875041, "reg": 0.5802777942221449, "sr": 0.02348225301745763}}