{"returned_dict": {"loss": 0.03367814049124718, "r2": 0.03367814049124718, "status": "ok", "start_time": 1671738339.2863188, "duration": 1.9953701496124268}, "current_params": {"N": 100, "b": 0.33652001110853197, "c": 0.32058536537342397, "iss": 0.9, "lr": 0.06672692746794007, "reg": 0.32540737012541476, "sr": 0.0738237734275105}}