{"returned_dict": {"loss": 0.033925849944353104, "r2": 0.033925849944353104, "status": "ok", "start_time": 1671741752.6023695, "duration": 2.2434918880462646}, "current_params": {"N": 100, "b": 0.15806458467729148, "c": 0.23164190055226355, "iss": 0.9, "lr": 0.06815247173845063, "reg": 0.8815383299303781, "sr": 1.6393942034079934}}