{"returned_dict": {"loss": 0.0321008525788784, "r2": 0.0321008525788784, "status": "ok", "start_time": 1671741470.0980272, "duration": 2.071535348892212}, "current_params": {"N": 100, "b": 0.3611735838365703, "c": 0.19393864224790094, "iss": 0.9, "lr": 0.0012105913148246156, "reg": 0.21170079608340778, "sr": 1.997067385574824}}