{"returned_dict": {"loss": 0.03542826697230339, "r2": 0.03542826697230339, "status": "ok", "start_time": 1671738062.0052493, "duration": 2.0649964809417725}, "current_params": {"N": 200, "b": 0.18688654586003334, "c": 0.9704021974879242, "iss": 0.9, "lr": 0.4034603507718249, "reg": 0.11983393329845078, "sr": 0.013271356951202807}}