{"returned_dict": {"loss": 0.032962314784526825, "r2": 0.032962314784526825, "status": "ok", "start_time": 1671738134.8133392, "duration": 2.0664401054382324}, "current_params": {"N": 100, "b": 0.4751499921733964, "c": 0.5430134095487957, "iss": 0.9, "lr": 0.03848183471535186, "reg": 0.22100465959585605, "sr": 1.1754071798359254}}