{"returned_dict": {"loss": 0.03145693615078926, "r2": 0.03145693615078926, "status": "ok", "start_time": 1671740453.781585, "duration": 2.1891000270843506}, "current_params": {"N": 300, "b": 0.38344459929786306, "c": 0.10061117424222098, "iss": 0.9, "lr": 0.021333081512378033, "reg": 0.5930197798767851, "sr": 1.0448063776999168}}