{"returned_dict": {"loss": 0.035968367010354996, "r2": 0.035968367010354996, "status": "ok", "start_time": 1671740697.1030202, "duration": 2.2728404998779297}, "current_params": {"N": 300, "b": 0.2093318713689193, "c": 0.9941508041407667, "iss": 0.9, "lr": 0.4657415882979354, "reg": 0.7089950924039502, "sr": 1.7674105261829307}}