{"returned_dict": {"loss": 0.03161491081118584, "r2": 0.03161491081118584, "status": "ok", "start_time": 1671741136.2806869, "duration": 2.273473024368286}, "current_params": {"N": 300, "b": 0.13429170807828084, "c": 0.37858023787571243, "iss": 0.9, "lr": 0.004503537630220337, "reg": 0.5853504213224423, "sr": 1.3905905720069769}}