{"returned_dict": {"loss": 0.03549453616142273, "r2": 0.03549453616142273, "status": "ok", "start_time": 1671740846.6097186, "duration": 2.289764881134033}, "current_params": {"N": 300, "b": 0.8031369148529874, "c": 0.13004993406216114, "iss": 0.9, "lr": 0.3328433059013092, "reg": 0.13161079406331122, "sr": 1.0326860511537348}}