{"returned_dict": {"loss": 0.035337161272764206, "r2": 0.035337161272764206, "status": "ok", "start_time": 1671740853.1941376, "duration": 2.3393056392669678}, "current_params": {"N": 300, "b": 0.8311712074438798, "c": 0.23736345169748735, "iss": 0.9, "lr": 0.09921275105886494, "reg": 0.1619455692295904, "sr": 1.703745075627639}}