{"returned_dict": {"loss": 0.03376075252890587, "r2": 0.03376075252890587, "status": "ok", "start_time": 1671740335.339396, "duration": 2.1410651206970215}, "current_params": {"N": 100, "b": 0.8397309301951251, "c": 0.15746277933650324, "iss": 0.9, "lr": 0.8908311505278819, "reg": 0.5393913377437173, "sr": 2.7483934546986553}}