{"returned_dict": {"loss": 0.030219072476029396, "r2": 0.030219072476029396, "status": "ok", "start_time": 1671737829.428209, "duration": 2.0425965785980225}, "current_params": {"N": 300, "b": 0.37625057722669664, "c": 0.4346549989586068, "iss": 0.9, "lr": 0.011295567117425407, "reg": 0.18678824292732296, "sr": 0.20877503732087163}}