{"returned_dict": {"loss": 0.037797532975673676, "r2": 0.037797532975673676, "status": "ok", "start_time": 1671740434.843799, "duration": 2.073584794998169}, "current_params": {"N": 200, "b": 0.2915306198586762, "c": 0.3351367347624756, "iss": 0.9, "lr": 0.5269856938769651, "reg": 0.9528276727337425, "sr": 2.317131712680418}}