{"returned_dict": {"loss": 0.03203456476330757, "r2": 0.03203456476330757, "status": "ok", "start_time": 1671741190.168215, "duration": 2.3653838634490967}, "current_params": {"N": 300, "b": 0.2641746383974993, "c": 0.12727746900314385, "iss": 0.9, "lr": 0.023331131366917533, "reg": 0.9350111274632691, "sr": 1.379798142433526}}