{"returned_dict": {"loss": 0.033631324768066406, "r2": 0.033631324768066406, "status": "ok", "start_time": 1671737995.7775254, "duration": 2.041438579559326}, "current_params": {"N": 100, "b": 0.4162025974799321, "c": 0.960215420533247, "iss": 0.9, "lr": 0.06497302640989502, "reg": 0.35539596227111186, "sr": 0.2885816954350616}}