{"returned_dict": {"loss": 0.03198637813329697, "r2": 0.03198637813329697, "status": "ok", "start_time": 1671741929.541568, "duration": 2.1275787353515625}, "current_params": {"N": 100, "b": 0.5732480664253579, "c": 0.5346337908209828, "iss": 0.9, "lr": 0.027021999349145943, "reg": 0.25190241150600984, "sr": 1.3621461383580131}}