{"returned_dict": {"loss": 0.03532903268933296, "r2": 0.03532903268933296, "status": "ok", "start_time": 1671737861.3688984, "duration": 1.9819939136505127}, "current_params": {"N": 200, "b": 0.32599410957537084, "c": 0.19466815936372095, "iss": 0.9, "lr": 0.26564196963566694, "reg": 0.7743262015843753, "sr": 0.5335784501655657}}