{"returned_dict": {"loss": 0.03489060699939728, "r2": 0.03489060699939728, "status": "ok", "start_time": 1671737833.4744203, "duration": 1.9534845352172852}, "current_params": {"N": 100, "b": 0.9834344304979371, "c": 0.10027363308347359, "iss": 0.9, "lr": 0.44022515336610235, "reg": 0.3910464341685356, "sr": 0.1378790157061615}}