{"returned_dict": {"loss": 0.03536605089902878, "r2": 0.03536605089902878, "status": "ok", "start_time": 1671738299.5123935, "duration": 2.011828899383545}, "current_params": {"N": 100, "b": 0.586821465833443, "c": 0.5215782321281691, "iss": 0.9, "lr": 0.4828512616534377, "reg": 0.11734282164494221, "sr": 0.19449699340086116}}