{"returned_dict": {"loss": 0.03201749920845032, "r2": 0.03201749920845032, "status": "ok", "start_time": 1671744878.052523, "duration": 2.108438491821289}, "current_params": {"N": 100, "b": 0.11233499753485296, "c": 0.30855923867568347, "iss": 0.9, "lr": 0.02143015081924661, "reg": 0.37837099924810697, "sr": 1.3701173189198637}}