{"returned_dict": {"loss": 0.030105970799922943, "r2": 0.030105970799922943, "status": "ok", "start_time": 1671737837.3790092, "duration": 2.0385348796844482}, "current_params": {"N": 200, "b": 0.14425945272763419, "c": 0.38718644133856495, "iss": 0.9, "lr": 0.017942623962965615, "reg": 0.8679737875786887, "sr": 0.10149855100477383}}