{"returned_dict": {"loss": 0.035359159111976624, "r2": 0.035359159111976624, "status": "ok", "start_time": 1671737580.9654057, "duration": 2.177298069000244}, "current_params": {"N": 300, "b": 0.3231308178162537, "c": 0.7814226544001762, "iss": 0.9, "lr": 0.4998199364339672, "reg": 0.2285614258018188, "sr": 0.13073371451589708}}