{"returned_dict": {"loss": 0.03007899783551693, "r2": 0.03007899783551693, "status": "ok", "start_time": 1671738147.405322, "duration": 2.1198272705078125}, "current_params": {"N": 100, "b": 0.7342280723232246, "c": 0.30170850536865507, "iss": 0.9, "lr": 0.010318170452809632, "reg": 0.481099680313651, "sr": 0.020950672226913568}}