{"returned_dict": {"loss": 0.030058955773711205, "r2": 0.030058955773711205, "status": "ok", "start_time": 1671738029.2526088, "duration": 2.0995380878448486}, "current_params": {"N": 200, "b": 0.1911564174074307, "c": 0.9827482122888115, "iss": 0.9, "lr": 0.01472033478760256, "reg": 0.47113739994240367, "sr": 0.021824250820656584}}