{"returned_dict": {"loss": 0.032133251428604126, "r2": 0.032133251428604126, "status": "ok", "start_time": 1671741011.101423, "duration": 2.3577234745025635}, "current_params": {"N": 300, "b": 0.4851222324107936, "c": 0.7862065772023162, "iss": 0.9, "lr": 0.0014177396827006795, "reg": 0.1009631117626012, "sr": 1.1218730956703282}}