{"returned_dict": {"loss": 0.03324427083134651, "r2": 0.03324427083134651, "status": "ok", "start_time": 1671738231.1830018, "duration": 2.1342649459838867}, "current_params": {"N": 200, "b": 0.1609520458753777, "c": 0.5946900418188854, "iss": 0.9, "lr": 0.05547562606467128, "reg": 0.5296562005551616, "sr": 0.01110596316409061}}