{"returned_dict": {"loss": 0.034694794565439224, "r2": 0.034694794565439224, "status": "ok", "start_time": 1671737699.2800667, "duration": 1.9581968784332275}, "current_params": {"N": 100, "b": 0.1402386372177992, "c": 0.49145112091002835, "iss": 0.9, "lr": 0.49898736294512547, "reg": 0.7092122160477703, "sr": 0.014411455273543402}}