{"returned_dict": {"loss": 0.03996361419558525, "r2": 0.03996361419558525, "status": "ok", "start_time": 1671738461.7265573, "duration": 2.20583176612854}, "current_params": {"N": 200, "b": 0.11772693587719174, "c": 0.7288810736363986, "iss": 0.9, "lr": 0.418414379337582, "reg": 0.13165975103360333, "sr": 4.841561554560343}}