{"returned_dict": {"loss": 0.038251057267189026, "r2": 0.038251057267189026, "status": "ok", "start_time": 1671740318.2975538, "duration": 2.0269126892089844}, "current_params": {"N": 100, "b": 0.32968313152583884, "c": 0.14851147985520705, "iss": 0.9, "lr": 0.2219908972811537, "reg": 0.6693710800121918, "sr": 5.91660088294265}}