{"returned_dict": {"loss": 0.030020184814929962, "r2": 0.030020184814929962, "status": "ok", "start_time": 1671737917.2910035, "duration": 2.0399346351623535}, "current_params": {"N": 200, "b": 0.3060714635837668, "c": 0.1833109740245481, "iss": 0.9, "lr": 0.006529444090461366, "reg": 0.7876458820457561, "sr": 0.01633397192099929}}