{"returned_dict": {"loss": 0.03015725128352642, "r2": 0.03015725128352642, "status": "ok", "start_time": 1671738216.1657896, "duration": 1.9633281230926514}, "current_params": {"N": 100, "b": 0.4814061164334491, "c": 0.2311244647754028, "iss": 0.9, "lr": 0.4762733465645137, "reg": 0.2854762901153085, "sr": 5.806018373637806}}