{"returned_dict": {"loss": 0.03551378473639488, "r2": 0.03551378473639488, "status": "ok", "start_time": 1671742019.711564, "duration": 2.0691721439361572}, "current_params": {"N": 100, "b": 0.16540338651499123, "c": 0.9327078952068188, "iss": 0.9, "lr": 0.7588313479192483, "reg": 0.4367248073157708, "sr": 2.0856985321208557}}