{"returned_dict": {"loss": 0.03555190935730934, "r2": 0.03555190935730934, "status": "ok", "start_time": 1671738166.5233467, "duration": 2.114927291870117}, "current_params": {"N": 300, "b": 0.8031369148529874, "c": 0.13004993406216114, "iss": 0.9, "lr": 0.3328433059013092, "reg": 0.13161079406331122, "sr": 0.011012982083372782}}