{"returned_dict": {"loss": 0.030010173097252846, "r2": 0.030010173097252846, "status": "ok", "start_time": 1671737484.74675, "duration": 2.050098419189453}, "current_params": {"N": 200, "b": 0.2178540216220906, "c": 0.22188022501356255, "iss": 0.9, "lr": 0.0072789537441323385, "reg": 0.1249236444725879, "sr": 0.3226348405474758}}