{"returned_dict": {"loss": 0.035628315061330795, "r2": 0.035628315061330795, "status": "ok", "start_time": 1671741120.4655514, "duration": 2.28301739692688}, "current_params": {"N": 300, "b": 0.10849044432467347, "c": 0.6143571467292832, "iss": 0.9, "lr": 0.038575683385907014, "reg": 0.22372817213195534, "sr": 1.461194309043182}}