{"returned_dict": {"loss": 0.03495806083083153, "r2": 0.03495806083083153, "status": "ok", "start_time": 1671742049.0845942, "duration": 2.0778722763061523}, "current_params": {"N": 100, "b": 0.12621056403591152, "c": 0.20601480028229044, "iss": 0.9, "lr": 0.8265187297304943, "reg": 0.7784249208716231, "sr": 1.0428058969021383}}