{"returned_dict": {"loss": 0.035168156027793884, "r2": 0.035168156027793884, "status": "ok", "start_time": 1671737482.6343513, "duration": 2.109099864959717}, "current_params": {"N": 300, "b": 0.11855409109698968, "c": 0.5063607288068672, "iss": 0.9, "lr": 0.05989081733494548, "reg": 0.16301107708185072, "sr": 0.1626795681245935}}