{"returned_dict": {"loss": 0.034594226628541946, "r2": 0.034594226628541946, "status": "ok", "start_time": 1671740599.3628254, "duration": 2.106391429901123}, "current_params": {"N": 200, "b": 0.13263177988324867, "c": 0.85249214657402, "iss": 0.9, "lr": 0.043857026135082675, "reg": 0.1154470976011134, "sr": 1.0517342381920005}}