{"returned_dict": {"loss": 0.03243473172187805, "r2": 0.03243473172187805, "status": "ok", "start_time": 1671740659.482614, "duration": 2.104504108428955}, "current_params": {"N": 300, "b": 0.5356517519338442, "c": 0.8501465621861978, "iss": 0.9, "lr": 0.0014544356244038587, "reg": 0.16464281893950014, "sr": 6.423221471077153}}