{"returned_dict": {"loss": 0.034881893545389175, "r2": 0.034881893545389175, "status": "ok", "start_time": 1671738278.952377, "duration": 2.017179250717163}, "current_params": {"N": 100, "b": 0.26898854321332466, "c": 0.5557458245363439, "iss": 0.9, "lr": 0.13237830187556213, "reg": 0.3523903478139422, "sr": 0.6112050346662892}}