{"returned_dict": {"loss": 0.03333509340882301, "r2": 0.03333509340882301, "status": "ok", "start_time": 1671740184.7016559, "duration": 2.1396100521087646}, "current_params": {"N": 200, "b": 0.17482038591298715, "c": 0.7431380026416207, "iss": 0.9, "lr": 0.5093800439838344, "reg": 0.16694025196505888, "sr": 8.232915006506074}}