{"returned_dict": {"loss": 0.034554075449705124, "r2": 0.034554075449705124, "status": "ok", "start_time": 1671738291.1465864, "duration": 2.133026599884033}, "current_params": {"N": 300, "b": 0.26110537996490446, "c": 0.3605072426357226, "iss": 0.9, "lr": 0.0026605844574292235, "reg": 0.302429621665854, "sr": 1.6446221147459064}}