{"returned_dict": {"loss": 0.03556068241596222, "r2": 0.03556068241596222, "status": "ok", "start_time": 1671740931.2468967, "duration": 2.0998730659484863}, "current_params": {"N": 100, "b": 0.39967382688044056, "c": 0.16139342353896796, "iss": 0.9, "lr": 0.10773120550251909, "reg": 0.9823820981504195, "sr": 2.646173456834942}}