{"returned_dict": {"loss": 0.03013479895889759, "r2": 0.03013479895889759, "status": "ok", "start_time": 1671738241.4020238, "duration": 2.164348602294922}, "current_params": {"N": 300, "b": 0.4291811917444591, "c": 0.6581401754364358, "iss": 0.9, "lr": 0.004584358341331775, "reg": 0.2607594750966047, "sr": 0.31408121503926006}}