{"returned_dict": {"loss": 0.03524414822459221, "r2": 0.03524414822459221, "status": "ok", "start_time": 1671741832.971908, "duration": 2.040721893310547}, "current_params": {"N": 100, "b": 0.16644811534466825, "c": 0.10961567250492082, "iss": 0.9, "lr": 0.278227703601653, "reg": 0.2545692045083526, "sr": 1.750715961256473}}