{"returned_dict": {"loss": 0.03474108502268791, "r2": 0.03474108502268791, "status": "ok", "start_time": 1671744810.4532335, "duration": 2.158893346786499}, "current_params": {"N": 100, "b": 0.5548490199767099, "c": 0.13886098660281398, "iss": 0.9, "lr": 0.5516837456874328, "reg": 0.2331353845647389, "sr": 2.6830665889583374}}