{"returned_dict": {"loss": 0.032038960605859756, "r2": 0.032038960605859756, "status": "ok", "start_time": 1671740657.261228, "duration": 2.216121196746826}, "current_params": {"N": 300, "b": 0.8616207397311954, "c": 0.2466247647080829, "iss": 0.9, "lr": 0.026383797287459904, "reg": 0.33178816530950644, "sr": 1.0982084965986207}}