{"returned_dict": {"loss": 0.035599011927843094, "r2": 0.035599011927843094, "status": "ok", "start_time": 1671740526.3347867, "duration": 2.2594900131225586}, "current_params": {"N": 300, "b": 0.1981525118671267, "c": 0.798388057758011, "iss": 0.9, "lr": 0.2824375992376589, "reg": 0.2513147433966016, "sr": 1.1221949058578267}}