{"returned_dict": {"loss": 0.030317718163132668, "r2": 0.030317718163132668, "status": "ok", "start_time": 1671737877.6136034, "duration": 1.9603936672210693}, "current_params": {"N": 200, "b": 0.9241201023221761, "c": 0.8897032942552892, "iss": 0.9, "lr": 0.012192269780560696, "reg": 0.13964530448106274, "sr": 0.034381390574928755}}