{"returned_dict": {"loss": 0.03399527072906494, "r2": 0.03399527072906494, "status": "ok", "start_time": 1671740915.6752183, "duration": 2.193110942840576}, "current_params": {"N": 200, "b": 0.1609520458753777, "c": 0.5946900418188854, "iss": 0.9, "lr": 0.05547562606467128, "reg": 0.5296562005551616, "sr": 1.0355841852579504}}