{"returned_dict": {"loss": 0.03546570613980293, "r2": 0.03546570613980293, "status": "ok", "start_time": 1671738123.9566004, "duration": 2.219778537750244}, "current_params": {"N": 300, "b": 0.9687361396689896, "c": 0.1745156998469274, "iss": 0.9, "lr": 0.15145260176264067, "reg": 0.31348219773582847, "sr": 1.4717691216111437}}