{"returned_dict": {"loss": 0.03580624982714653, "r2": 0.03580624982714653, "status": "ok", "start_time": 1671737900.5133595, "duration": 2.058773994445801}, "current_params": {"N": 200, "b": 0.3755825655939488, "c": 0.20508970727867998, "iss": 0.9, "lr": 0.46017610930271435, "reg": 0.20078958268576166, "sr": 1.080078243678407}}