{"returned_dict": {"loss": 0.036183711141347885, "r2": 0.036183711141347885, "status": "ok", "start_time": 1671738443.095371, "duration": 2.0753371715545654}, "current_params": {"N": 200, "b": 0.24483766117777306, "c": 0.40774929731107784, "iss": 0.9, "lr": 0.531972638220443, "reg": 0.15079139100863342, "sr": 1.9467872595889786}}