{"returned_dict": {"loss": 0.03496750816702843, "r2": 0.03496750816702843, "status": "ok", "start_time": 1671738197.735549, "duration": 2.1069116592407227}, "current_params": {"N": 300, "b": 0.17515611882263238, "c": 0.719502009377423, "iss": 0.9, "lr": 0.06070308020907581, "reg": 0.22873364398776821, "sr": 0.01047790926195214}}