{"returned_dict": {"loss": 0.031546901911497116, "r2": 0.031546901911497116, "status": "ok", "start_time": 1671737869.383026, "duration": 2.030176877975464}, "current_params": {"N": 300, "b": 0.6588080765066708, "c": 0.24152936126171798, "iss": 0.9, "lr": 0.026695530015763223, "reg": 0.23530378591643236, "sr": 0.013649509767262393}}