{"returned_dict": {"loss": 0.030845701694488525, "r2": 0.030845701694488525, "status": "ok", "start_time": 1671737671.2632527, "duration": 1.9927239418029785}, "current_params": {"N": 200, "b": 0.2913718848169036, "c": 0.10161834449727572, "iss": 0.9, "lr": 0.012836594720886337, "reg": 0.10551494454686726, "sr": 0.7794764412014387}}