{"returned_dict": {"loss": 0.034804023802280426, "r2": 0.034804023802280426, "status": "ok", "start_time": 1671741143.0621085, "duration": 2.3311243057250977}, "current_params": {"N": 200, "b": 0.24483766117777306, "c": 0.40774929731107784, "iss": 0.9, "lr": 0.531972638220443, "reg": 0.15079139100863342, "sr": 5.795703575575043}}