{"returned_dict": {"loss": 0.03513485938310623, "r2": 0.03513485938310623, "status": "ok", "start_time": 1671742104.707616, "duration": 2.162168502807617}, "current_params": {"N": 100, "b": 0.27578529099352167, "c": 0.2919883540200578, "iss": 0.9, "lr": 0.14201423848476005, "reg": 0.8703132554139531, "sr": 1.5675172948488423}}