{"returned_dict": {"loss": 0.03072662651538849, "r2": 0.03072662651538849, "status": "ok", "start_time": 1671738415.9035003, "duration": 2.0944745540618896}, "current_params": {"N": 200, "b": 0.3672781261891739, "c": 0.7275638568688911, "iss": 0.9, "lr": 0.00902729894708131, "reg": 0.15152308368900141, "sr": 1.0960499721679653}}