{"returned_dict": {"loss": 0.03480134531855583, "r2": 0.03480134531855583, "status": "ok", "start_time": 1671742281.1388583, "duration": 2.114168405532837}, "current_params": {"N": 100, "b": 0.13385360318544393, "c": 0.3591479542156364, "iss": 0.9, "lr": 0.00620778413125074, "reg": 0.30173660256967866, "sr": 1.3719191280145488}}