{"returned_dict": {"loss": 0.03517058864235878, "r2": 0.03517058864235878, "status": "ok", "start_time": 1671738411.8776124, "duration": 1.986232042312622}, "current_params": {"N": 100, "b": 0.7471437037378343, "c": 0.2626710736848194, "iss": 0.9, "lr": 0.2878355703689299, "reg": 0.4287995718523492, "sr": 0.103953884870208}}