{"returned_dict": {"loss": 0.03563657030463219, "r2": 0.03563657030463219, "status": "ok", "start_time": 1671738434.7037876, "duration": 2.0814430713653564}, "current_params": {"N": 300, "b": 0.37574012194300793, "c": 0.15950984491895345, "iss": 0.9, "lr": 0.23512120962596134, "reg": 0.11763379069518107, "sr": 0.014331154143715127}}