{"returned_dict": {"loss": 0.03775692731142044, "r2": 0.03775692731142044, "status": "ok", "start_time": 1671740424.1966918, "duration": 2.169886589050293}, "current_params": {"N": 300, "b": 0.15054809356270255, "c": 0.5849508750505626, "iss": 0.9, "lr": 0.5744555263071301, "reg": 0.2057495381674696, "sr": 5.724584954282676}}