{"returned_dict": {"loss": 0.030073225498199463, "r2": 0.030073225498199463, "status": "ok", "start_time": 1671738043.589463, "duration": 2.015716791152954}, "current_params": {"N": 200, "b": 0.14187091031538468, "c": 0.37170646001155927, "iss": 0.9, "lr": 0.007576719552761974, "reg": 0.35043151802562655, "sr": 0.3789761713511165}}