{"returned_dict": {"loss": 0.030033953487873077, "r2": 0.030033953487873077, "status": "ok", "start_time": 1671737652.7639945, "duration": 1.9951064586639404}, "current_params": {"N": 100, "b": 0.17917603026506465, "c": 0.2816622994732934, "iss": 0.9, "lr": 0.009807938072620977, "reg": 0.13006685506532153, "sr": 0.0501613801802682}}