{"returned_dict": {"loss": 0.03192425146698952, "r2": 0.03192425146698952, "status": "ok", "start_time": 1671737890.1182578, "duration": 2.063870429992676}, "current_params": {"N": 100, "b": 0.28333773798751105, "c": 0.2769636229766109, "iss": 0.9, "lr": 0.034786994421431135, "reg": 0.18870286763982, "sr": 0.02550600852220351}}