{"returned_dict": {"loss": 0.03518133983016014, "r2": 0.03518133983016014, "status": "ok", "start_time": 1671742115.445081, "duration": 2.0766334533691406}, "current_params": {"N": 100, "b": 0.35062128241164164, "c": 0.4372818763617418, "iss": 0.9, "lr": 0.0918092272426044, "reg": 0.537066188573064, "sr": 1.9493798272866023}}