{"returned_dict": {"loss": 0.0335814543068409, "r2": 0.0335814543068409, "status": "ok", "start_time": 1671737827.3415287, "duration": 2.0836751461029053}, "current_params": {"N": 200, "b": 0.6765811346502715, "c": 0.889674363075758, "iss": 0.9, "lr": 0.03448518184164638, "reg": 0.10113853229942482, "sr": 0.7476653587619371}}