{"returned_dict": {"loss": 0.035238850861787796, "r2": 0.035238850861787796, "status": "ok", "start_time": 1671744752.0458798, "duration": 2.148437738418579}, "current_params": {"N": 100, "b": 0.5856040224311403, "c": 0.8564167466944351, "iss": 0.9, "lr": 0.01313978174667569, "reg": 0.6909766566376944, "sr": 2.652302908631974}}