{"returned_dict": {"loss": 0.03011046163737774, "r2": 0.03011046163737774, "status": "ok", "start_time": 1671737815.1453054, "duration": 2.0410077571868896}, "current_params": {"N": 300, "b": 0.27582790662421386, "c": 0.1823443373988989, "iss": 0.9, "lr": 0.004924674001327178, "reg": 0.1131971343861383, "sr": 0.28962112677540425}}