{"returned_dict": {"loss": 0.035298001021146774, "r2": 0.035298001021146774, "status": "ok", "start_time": 1671737648.6112502, "duration": 2.0037107467651367}, "current_params": {"N": 100, "b": 0.4508644751490646, "c": 0.2620204607426556, "iss": 0.9, "lr": 0.7699157917998888, "reg": 0.2855786562250756, "sr": 1.9933094412983592}}