{"returned_dict": {"loss": 0.03556106239557266, "r2": 0.03556106239557266, "status": "ok", "start_time": 1671742287.4834895, "duration": 2.193864107131958}, "current_params": {"N": 100, "b": 0.1901967358139486, "c": 0.3772774757114954, "iss": 0.9, "lr": 0.5203205459000363, "reg": 0.23488254898046296, "sr": 1.5097489541180675}}