{"returned_dict": {"loss": 0.03562884032726288, "r2": 0.03562884032726288, "status": "ok", "start_time": 1671744704.223138, "duration": 2.2067506313323975}, "current_params": {"N": 100, "b": 0.3665122802853828, "c": 0.11479849355977963, "iss": 0.9, "lr": 0.38264094967620665, "reg": 0.40574124937936856, "sr": 1.9971990683331453}}