{"returned_dict": {"loss": 0.033060844987630844, "r2": 0.033060844987630844, "status": "ok", "start_time": 1671742126.1766768, "duration": 2.069963216781616}, "current_params": {"N": 100, "b": 0.1609520458753777, "c": 0.5946900418188854, "iss": 0.9, "lr": 0.05547562606467128, "reg": 0.5296562005551616, "sr": 1.0355841852579504}}