{"returned_dict": {"loss": 0.03793095052242279, "r2": 0.03793095052242279, "status": "ok", "start_time": 1671742227.2728744, "duration": 2.2147843837738037}, "current_params": {"N": 100, "b": 0.28001583555145365, "c": 0.2663262849148458, "iss": 0.9, "lr": 0.28326522129337195, "reg": 0.26448963167188727, "sr": 3.1819254928368648}}