{"returned_dict": {"loss": 0.03532019630074501, "r2": 0.03532019630074501, "status": "ok", "start_time": 1671737739.8459675, "duration": 1.9460322856903076}, "current_params": {"N": 200, "b": 0.40568362315907314, "c": 0.2554785268670671, "iss": 0.9, "lr": 0.2756809572318929, "reg": 0.6445830201510564, "sr": 0.02786727306368867}}