{"returned_dict": {"loss": 0.03376443311572075, "r2": 0.03376443311572075, "status": "ok", "start_time": 1671740539.6222527, "duration": 2.158289670944214}, "current_params": {"N": 300, "b": 0.12246935470844499, "c": 0.3140919476445768, "iss": 0.9, "lr": 0.047125995444646136, "reg": 0.9308945677328839, "sr": 1.269470023626282}}