{"returned_dict": {"loss": 0.03505803644657135, "r2": 0.03505803644657135, "status": "ok", "start_time": 1671742368.3827822, "duration": 2.063282012939453}, "current_params": {"N": 100, "b": 0.2037399896182394, "c": 0.7928369963450768, "iss": 0.9, "lr": 0.12910301946029626, "reg": 0.47428177840350655, "sr": 1.3719803737017455}}