{"returned_dict": {"loss": 0.03174225613474846, "r2": 0.03174225613474846, "status": "ok", "start_time": 1671738057.803825, "duration": 1.98179030418396}, "current_params": {"N": 100, "b": 0.194559324404902, "c": 0.97007582444055, "iss": 0.9, "lr": 0.054894454525267304, "reg": 0.8114847371816096, "sr": 0.019073429867398843}}