{"returned_dict": {"loss": 0.030088430270552635, "r2": 0.030088430270552635, "status": "ok", "start_time": 1671737964.8478315, "duration": 2.027996301651001}, "current_params": {"N": 200, "b": 0.2095096476792755, "c": 0.6976037940758745, "iss": 0.9, "lr": 0.005391003223566641, "reg": 0.3076313287947647, "sr": 0.04979030252617831}}