{"returned_dict": {"loss": 0.0353836715221405, "r2": 0.0353836715221405, "status": "ok", "start_time": 1671740995.3783545, "duration": 2.24084210395813}, "current_params": {"N": 300, "b": 0.15299617866108467, "c": 0.2870887187976614, "iss": 0.9, "lr": 0.6516118163952263, "reg": 0.45533478456626786, "sr": 5.170933214632831}}