{"returned_dict": {"loss": 0.03160307928919792, "r2": 0.03160307928919792, "status": "ok", "start_time": 1671741203.51949, "duration": 2.2264952659606934}, "current_params": {"N": 300, "b": 0.18184643566099104, "c": 0.42654024807626884, "iss": 0.9, "lr": 0.001350765380672023, "reg": 0.1592668387189418, "sr": 1.8488588104109045}}