{"returned_dict": {"loss": 0.030383029952645302, "r2": 0.030383029952645302, "status": "ok", "start_time": 1671741107.103576, "duration": 2.239678144454956}, "current_params": {"N": 300, "b": 0.12673553653113864, "c": 0.16920311194996474, "iss": 0.9, "lr": 0.007714162414031809, "reg": 0.34964542813760985, "sr": 1.36582150013762}}