{"returned_dict": {"loss": 0.035424865782260895, "r2": 0.035424865782260895, "status": "ok", "start_time": 1671737758.1322625, "duration": 2.027451753616333}, "current_params": {"N": 300, "b": 0.3778482919283916, "c": 0.8195944255248498, "iss": 0.9, "lr": 0.47006044054857693, "reg": 0.24429485476758686, "sr": 0.02684390359598015}}