{"returned_dict": {"loss": 0.03498046472668648, "r2": 0.03498046472668648, "status": "ok", "start_time": 1671740879.8813405, "duration": 2.351937770843506}, "current_params": {"N": 300, "b": 0.17515611882263238, "c": 0.719502009377423, "iss": 0.9, "lr": 0.06070308020907581, "reg": 0.22873364398776821, "sr": 1.0156830644275148}}