{"returned_dict": {"loss": 0.03480289876461029, "r2": 0.03480289876461029, "status": "ok", "start_time": 1671738121.9607606, "duration": 1.9918212890625}, "current_params": {"N": 100, "b": 0.1265854544148647, "c": 0.1366413530231493, "iss": 0.9, "lr": 0.8336783433353326, "reg": 0.5794142996760155, "sr": 0.15767233404566497}}