{"returned_dict": {"loss": 0.03151189908385277, "r2": 0.03151189908385277, "status": "ok", "start_time": 1671737530.7959137, "duration": 2.1448071002960205}, "current_params": {"N": 300, "b": 0.5655843825702401, "c": 0.3275899478747668, "iss": 0.9, "lr": 0.034790822993190244, "reg": 0.9401573811723053, "sr": 0.2237449778907503}}