{"returned_dict": {"loss": 0.030049949884414673, "r2": 0.030049949884414673, "status": "ok", "start_time": 1671737663.1441493, "duration": 1.9789173603057861}, "current_params": {"N": 100, "b": 0.36478267343900056, "c": 0.4865900761770877, "iss": 0.9, "lr": 0.0033668417829176823, "reg": 0.12117773139597027, "sr": 0.10594870634350116}}