{"returned_dict": {"loss": 0.032682839781045914, "r2": 0.032682839781045914, "status": "ok", "start_time": 1671737486.7988434, "duration": 2.1801304817199707}, "current_params": {"N": 300, "b": 0.8063819407616476, "c": 0.5286252754402889, "iss": 0.9, "lr": 0.021175330384294096, "reg": 0.14488522802077136, "sr": 1.837308485460495}}