{"returned_dict": {"loss": 0.0351264588534832, "r2": 0.0351264588534832, "status": "ok", "start_time": 1671741037.9771516, "duration": 2.262291193008423}, "current_params": {"N": 200, "b": 0.30442798306202734, "c": 0.25299095857941484, "iss": 0.9, "lr": 0.1730112904040807, "reg": 0.6995000257197175, "sr": 1.6415855719099048}}