{"returned_dict": {"loss": 0.03301370143890381, "r2": 0.03301370143890381, "status": "ok", "start_time": 1671741627.478039, "duration": 2.1176345348358154}, "current_params": {"N": 100, "b": 0.22003080954962512, "c": 0.8966867733003693, "iss": 0.9, "lr": 0.03942187518677715, "reg": 0.5543519460888694, "sr": 1.5326580887640198}}