{"returned_dict": {"loss": 0.03870103135704994, "r2": 0.03870103135704994, "status": "ok", "start_time": 1671741988.399324, "duration": 2.0779013633728027}, "current_params": {"N": 100, "b": 0.2993935727722088, "c": 0.9885744094562058, "iss": 0.9, "lr": 0.22725011719595567, "reg": 0.9794483788104307, "sr": 2.3883577782482344}}