{"returned_dict": {"loss": 0.03578471019864082, "r2": 0.03578471019864082, "status": "ok", "start_time": 1671742080.5385003, "duration": 2.1234705448150635}, "current_params": {"N": 100, "b": 0.36160097218018367, "c": 0.22678647324545465, "iss": 0.9, "lr": 0.35519867892386353, "reg": 0.12652894393470798, "sr": 1.5474529329549507}}