{"returned_dict": {"loss": 0.035015080124139786, "r2": 0.035015080124139786, "status": "ok", "start_time": 1671741044.5950007, "duration": 2.2643349170684814}, "current_params": {"N": 200, "b": 0.19492678144242448, "c": 0.7331204773872377, "iss": 0.9, "lr": 0.0011995224021639774, "reg": 0.16766333610031053, "sr": 1.7717234405175115}}