{"returned_dict": {"loss": 0.03525659814476967, "r2": 0.03525659814476967, "status": "ok", "start_time": 1671738345.335981, "duration": 2.058788537979126}, "current_params": {"N": 200, "b": 0.30442798306202734, "c": 0.25299095857941484, "iss": 0.9, "lr": 0.1730112904040807, "reg": 0.6995000257197175, "sr": 0.044237500356811746}}