{"returned_dict": {"loss": 0.03504328802227974, "r2": 0.03504328802227974, "status": "ok", "start_time": 1671745047.7123864, "duration": 2.2101123332977295}, "current_params": {"N": 100, "b": 0.3645108506646468, "c": 0.3647243450424229, "iss": 0.9, "lr": 0.12251552188440558, "reg": 0.5410339403941541, "sr": 1.2762603556197225}}