{"returned_dict": {"loss": 0.030010702088475227, "r2": 0.030010702088475227, "status": "ok", "start_time": 1671738082.7542286, "duration": 2.0520448684692383}, "current_params": {"N": 100, "b": 0.10699675825555802, "c": 0.2303990370010347, "iss": 0.9, "lr": 0.014389845835336803, "reg": 0.16428461796554553, "sr": 0.05912487474209848}}