{"returned_dict": {"loss": 0.035532087087631226, "r2": 0.035532087087631226, "status": "ok", "start_time": 1671742336.578115, "duration": 2.1305742263793945}, "current_params": {"N": 100, "b": 0.37574012194300793, "c": 0.15950984491895345, "iss": 0.9, "lr": 0.23512120962596134, "reg": 0.11763379069518107, "sr": 1.1274407359496064}}