{"returned_dict": {"loss": 0.03268085792660713, "r2": 0.03268085792660713, "status": "ok", "start_time": 1671737593.7262383, "duration": 1.9859404563903809}, "current_params": {"N": 100, "b": 0.50731415786505, "c": 0.10979388622392834, "iss": 0.9, "lr": 0.048306005915739574, "reg": 0.7111856829087281, "sr": 1.078458558973471}}