{"returned_dict": {"loss": 0.03368392214179039, "r2": 0.03368392214179039, "status": "ok", "start_time": 1671740933.3527756, "duration": 2.3997974395751953}, "current_params": {"N": 200, "b": 0.22316863952863536, "c": 0.3590805052366266, "iss": 0.9, "lr": 0.02844879018572424, "reg": 0.10423236923266309, "sr": 1.0371443672372385}}