{"returned_dict": {"loss": 0.03534626215696335, "r2": 0.03534626215696335, "status": "ok", "start_time": 1671737661.025595, "duration": 2.11173677444458}, "current_params": {"N": 300, "b": 0.37673304994418944, "c": 0.7945593478375447, "iss": 0.9, "lr": 0.6751854428024655, "reg": 0.10728488250394906, "sr": 0.0501527653640703}}