{"returned_dict": {"loss": 0.03526071459054947, "r2": 0.03526071459054947, "status": "ok", "start_time": 1671741573.4335575, "duration": 2.3332138061523438}, "current_params": {"N": 100, "b": 0.1402386372177992, "c": 0.49145112091002835, "iss": 0.9, "lr": 0.49898736294512547, "reg": 0.7092122160477703, "sr": 1.1295425948772064}}