{"returned_dict": {"loss": 0.034964729100465775, "r2": 0.034964729100465775, "status": "ok", "start_time": 1671737790.5262952, "duration": 2.0873682498931885}, "current_params": {"N": 300, "b": 0.10167901658686072, "c": 0.10988496308044099, "iss": 0.9, "lr": 0.36595128156807905, "reg": 0.8004150405077534, "sr": 0.3797757622392174}}