{"returned_dict": {"loss": 0.03552526235580444, "r2": 0.03552526235580444, "status": "ok", "start_time": 1671741956.8439314, "duration": 2.112661123275757}, "current_params": {"N": 100, "b": 0.1511166727585939, "c": 0.7273881714277636, "iss": 0.9, "lr": 0.4613025867734432, "reg": 0.5842496150977938, "sr": 1.4615755148296838}}