{"returned_dict": {"loss": 0.03111926279962063, "r2": 0.03111926279962063, "status": "ok", "start_time": 1671741921.231008, "duration": 2.048182249069214}, "current_params": {"N": 100, "b": 0.1911564174074307, "c": 0.9827482122888115, "iss": 0.9, "lr": 0.01472033478760256, "reg": 0.47113739994240367, "sr": 1.2971188821905346}}