{"returned_dict": {"loss": 0.035489704459905624, "r2": 0.035489704459905624, "status": "ok", "start_time": 1671741445.4634643, "duration": 2.0913126468658447}, "current_params": {"N": 100, "b": 0.4443910388605285, "c": 0.19239732904706308, "iss": 0.9, "lr": 0.42979608081480786, "reg": 0.3206188911946868, "sr": 1.260051287336061}}