{"returned_dict": {"loss": 0.033446624875068665, "r2": 0.033446624875068665, "status": "ok", "start_time": 1671738078.6693094, "duration": 2.094182014465332}, "current_params": {"N": 300, "b": 0.20072019657788776, "c": 0.30946766213196425, "iss": 0.9, "lr": 0.030652330086062815, "reg": 0.23122467262626642, "sr": 1.0194846770896522}}