{"returned_dict": {"loss": 0.03417166694998741, "r2": 0.03417166694998741, "status": "ok", "start_time": 1671740940.1526957, "duration": 2.1755340099334717}, "current_params": {"N": 200, "b": 0.12146008503446976, "c": 0.23141877020160068, "iss": 0.9, "lr": 0.03654906847114924, "reg": 0.39574240179112385, "sr": 1.440736359670021}}