{"returned_dict": {"loss": 0.037487566471099854, "r2": 0.037487566471099854, "status": "ok", "start_time": 1671742087.2457657, "duration": 2.281644821166992}, "current_params": {"N": 100, "b": 0.27620249723387647, "c": 0.732233808252214, "iss": 0.9, "lr": 0.3425453722361442, "reg": 0.4083066031241597, "sr": 3.419660642063388}}