{"returned_dict": {"loss": 0.03565787151455879, "r2": 0.03565787151455879, "status": "ok", "start_time": 1671737601.8452613, "duration": 2.1835711002349854}, "current_params": {"N": 200, "b": 0.6865512836675557, "c": 0.14360459917201532, "iss": 0.9, "lr": 0.8156304946175555, "reg": 0.17108565891674388, "sr": 1.038532304215145}}