{"returned_dict": {"loss": 0.03502682223916054, "r2": 0.03502682223916054, "status": "ok", "start_time": 1671738382.6741884, "duration": 2.0119340419769287}, "current_params": {"N": 100, "b": 0.1516336206233104, "c": 0.13185247682050752, "iss": 0.9, "lr": 0.06721134863476651, "reg": 0.36140627916382634, "sr": 1.6972630048688744}}