{"returned_dict": {"loss": 0.03478717431426048, "r2": 0.03478717431426048, "status": "ok", "start_time": 1671738164.2573237, "duration": 2.261026382446289}, "current_params": {"N": 300, "b": 0.2962545454132178, "c": 0.3489993930683319, "iss": 0.9, "lr": 0.7085852050415095, "reg": 0.22332004562205915, "sr": 7.105824920371689}}