{"returned_dict": {"loss": 0.0339011587202549, "r2": 0.0339011587202549, "status": "ok", "start_time": 1671737408.2218866, "duration": 1.9671440124511719}, "current_params": {"N": 100, "b": 0.5859443862380757, "c": 0.44847929710035056, "iss": 0.9, "lr": 0.448517999492524, "reg": 0.41698362228047275, "sr": 2.760363161733829}}