{"returned_dict": {"loss": 0.032851070165634155, "r2": 0.032851070165634155, "status": "ok", "start_time": 1671740447.4004893, "duration": 2.085023880004883}, "current_params": {"N": 200, "b": 0.812026644047988, "c": 0.4336196532956704, "iss": 0.9, "lr": 0.026813811448575312, "reg": 0.10311449055772393, "sr": 1.5533370433319187}}