{"returned_dict": {"loss": 0.030312301591038704, "r2": 0.030312301591038704, "status": "ok", "start_time": 1671737770.433211, "duration": 2.063001871109009}, "current_params": {"N": 300, "b": 0.6235117037324777, "c": 0.16404610050705865, "iss": 0.9, "lr": 0.012213382575706437, "reg": 0.17187170454456094, "sr": 0.015767522293681297}}