{"returned_dict": {"loss": 0.035281550139188766, "r2": 0.035281550139188766, "status": "ok", "start_time": 1671738466.009687, "duration": 2.089750289916992}, "current_params": {"N": 300, "b": 0.2037399896182394, "c": 0.7928369963450768, "iss": 0.9, "lr": 0.12910301946029626, "reg": 0.47428177840350655, "sr": 0.025825200168960005}}