{"returned_dict": {"loss": 0.034363891929388046, "r2": 0.034363891929388046, "status": "ok", "start_time": 1671737721.5924191, "duration": 2.070518970489502}, "current_params": {"N": 300, "b": 0.6012626813664704, "c": 0.2820738569973246, "iss": 0.9, "lr": 0.03709140133925175, "reg": 0.1147727579416876, "sr": 1.6652785092912932}}