{"returned_dict": {"loss": 0.030250079929828644, "r2": 0.030250079929828644, "status": "ok", "start_time": 1671738401.3242579, "duration": 2.083933115005493}, "current_params": {"N": 300, "b": 0.2036019805534976, "c": 0.2815790641858321, "iss": 0.9, "lr": 0.016961641137514163, "reg": 0.452164941897636, "sr": 0.08228679635924012}}