{"returned_dict": {"loss": 0.030658690258860588, "r2": 0.030658690258860588, "status": "ok", "start_time": 1671740517.9725976, "duration": 2.0967531204223633}, "current_params": {"N": 100, "b": 0.6100654839293455, "c": 0.24803650851914683, "iss": 0.9, "lr": 0.015128007637960985, "reg": 0.31651677212465523, "sr": 1.0702897462044623}}