{"returned_dict": {"loss": 0.03489752486348152, "r2": 0.03489752486348152, "status": "ok", "start_time": 1671737324.8613658, "duration": 2.0192835330963135}, "current_params": {"N": 100, "b": 0.3738764574438827, "c": 0.1436083527094955, "iss": 0.9, "lr": 0.07128243944571559, "reg": 0.11848435957142302, "sr": 0.027598683234115115}}