{"returned_dict": {"loss": 0.035512540489435196, "r2": 0.035512540489435196, "status": "ok", "start_time": 1671737480.5623603, "duration": 2.068998336791992}, "current_params": {"N": 300, "b": 0.3738764574438827, "c": 0.1436083527094955, "iss": 0.9, "lr": 0.07128243944571559, "reg": 0.11848435957142302, "sr": 0.027598683234115115}}