{"returned_dict": {"loss": 0.03461090847849846, "r2": 0.03461090847849846, "status": "ok", "start_time": 1671738326.6532001, "duration": 1.997298002243042}, "current_params": {"N": 100, "b": 0.1590379667494549, "c": 0.4651941519805596, "iss": 0.9, "lr": 0.46363676227903305, "reg": 0.7947811543023131, "sr": 0.2824291439296901}}