{"returned_dict": {"loss": 0.034691568464040756, "r2": 0.034691568464040756, "status": "ok", "start_time": 1671742065.6724086, "duration": 2.003608465194702}, "current_params": {"N": 100, "b": 0.8311712074438798, "c": 0.23736345169748735, "iss": 0.9, "lr": 0.09921275105886494, "reg": 0.1619455692295904, "sr": 1.703745075627639}}