{"returned_dict": {"loss": 0.030520668253302574, "r2": 0.030520668253302574, "status": "ok", "start_time": 1671745131.226242, "duration": 2.1206870079040527}, "current_params": {"N": 100, "b": 0.9241201023221761, "c": 0.8897032942552892, "iss": 0.9, "lr": 0.012192269780560696, "reg": 0.13964530448106274, "sr": 1.5092962025046335}}