{"returned_dict": {"loss": 0.034565504640340805, "r2": 0.034565504640340805, "status": "ok", "start_time": 1671742272.595144, "duration": 2.1434707641601562}, "current_params": {"N": 100, "b": 0.5711666813192412, "c": 0.5259556874447437, "iss": 0.9, "lr": 0.10901037651819462, "reg": 0.9260046228354265, "sr": 1.1429282112464056}}