{"returned_dict": {"loss": 0.035474807024002075, "r2": 0.035474807024002075, "status": "ok", "start_time": 1671740235.4319189, "duration": 2.144486665725708}, "current_params": {"N": 200, "b": 0.1795236177703398, "c": 0.5101731969792479, "iss": 0.9, "lr": 0.08645762464145056, "reg": 0.11368727785747672, "sr": 1.1174428583369553}}