{"returned_dict": {"loss": 0.035361532121896744, "r2": 0.035361532121896744, "status": "ok", "start_time": 1671741748.2614095, "duration": 2.1434242725372314}, "current_params": {"N": 100, "b": 0.1981525118671267, "c": 0.798388057758011, "iss": 0.9, "lr": 0.2824375992376589, "reg": 0.2513147433966016, "sr": 1.1221949058578267}}