{"returned_dict": {"loss": 0.03562241420149803, "r2": 0.03562241420149803, "status": "ok", "start_time": 1671741635.98017, "duration": 2.218177080154419}, "current_params": {"N": 100, "b": 0.3778482919283916, "c": 0.8195944255248498, "iss": 0.9, "lr": 0.47006044054857693, "reg": 0.24429485476758686, "sr": 1.3897879978930245}}