{"returned_dict": {"loss": 0.03557803854346275, "r2": 0.03557803854346275, "status": "ok", "start_time": 1671742021.7877188, "duration": 2.073430299758911}, "current_params": {"N": 100, "b": 0.13953169933227896, "c": 0.6392004915761744, "iss": 0.9, "lr": 0.1617460461463609, "reg": 0.13821996076530607, "sr": 1.8838376125273948}}