{"returned_dict": {"loss": 0.036043599247932434, "r2": 0.036043599247932434, "status": "ok", "start_time": 1671741948.4025397, "duration": 2.064912796020508}, "current_params": {"N": 100, "b": 0.21842005890682653, "c": 0.20135396307451925, "iss": 0.9, "lr": 0.0012886730024120618, "reg": 0.14779206148132157, "sr": 2.314927330312545}}