{"returned_dict": {"loss": 0.030405031517148018, "r2": 0.030405031517148018, "status": "ok", "start_time": 1671737911.0171666, "duration": 2.0380890369415283}, "current_params": {"N": 200, "b": 0.8242020844506832, "c": 0.4093428677843905, "iss": 0.9, "lr": 0.01667689650603515, "reg": 0.1348526756138603, "sr": 0.01328147922531854}}