{"returned_dict": {"loss": 0.03048289753496647, "r2": 0.03048289753496647, "status": "ok", "start_time": 1671742340.8151813, "duration": 2.1883981227874756}, "current_params": {"N": 100, "b": 0.996207477338563, "c": 0.9848687413300607, "iss": 0.9, "lr": 0.00776502341393606, "reg": 0.20324772066149888, "sr": 1.2313595723617874}}