{"returned_dict": {"loss": 0.035758111625909805, "r2": 0.035758111625909805, "status": "ok", "start_time": 1671740803.8706365, "duration": 2.279761791229248}, "current_params": {"N": 300, "b": 0.16540338651499123, "c": 0.9327078952068188, "iss": 0.9, "lr": 0.7588313479192483, "reg": 0.4367248073157708, "sr": 2.0856985321208557}}