{"returned_dict": {"loss": 0.032498907297849655, "r2": 0.032498907297849655, "status": "ok", "start_time": 1671742190.7380633, "duration": 2.109877586364746}, "current_params": {"N": 100, "b": 0.11081573029853599, "c": 0.5164442363107706, "iss": 0.9, "lr": 0.0014310564717101193, "reg": 0.2855150722064059, "sr": 2.3990007390437}}