{"returned_dict": {"loss": 0.03003348968923092, "r2": 0.03003348968923092, "status": "ok", "start_time": 1671737511.9243524, "duration": 2.019089937210083}, "current_params": {"N": 200, "b": 0.14015456260140555, "c": 0.9473823821180251, "iss": 0.9, "lr": 0.011273269250899024, "reg": 0.12678914293917806, "sr": 0.09437285509046839}}