{"returned_dict": {"loss": 0.03601009026169777, "r2": 0.03601009026169777, "status": "ok", "start_time": 1671738322.362863, "duration": 2.066253662109375}, "current_params": {"N": 200, "b": 0.8674055149704053, "c": 0.2176359751749329, "iss": 0.9, "lr": 0.002357208571041795, "reg": 0.7434893772674745, "sr": 1.4784010435208448}}