{"returned_dict": {"loss": 0.03543804958462715, "r2": 0.03543804958462715, "status": "ok", "start_time": 1671737913.0582628, "duration": 2.042632818222046}, "current_params": {"N": 200, "b": 0.6932218580079781, "c": 0.24839233284726012, "iss": 0.9, "lr": 0.5983891337174984, "reg": 0.2143422697685973, "sr": 0.5107665513587165}}