{"returned_dict": {"loss": 0.03505273535847664, "r2": 0.03505273535847664, "status": "ok", "start_time": 1671737583.147203, "duration": 2.099088430404663}, "current_params": {"N": 300, "b": 0.8343095933850798, "c": 0.8166326749469057, "iss": 0.9, "lr": 0.10377622163746929, "reg": 0.7143565983916697, "sr": 1.1747727724200445}}