{"returned_dict": {"loss": 0.03225892409682274, "r2": 0.03225892409682274, "status": "ok", "start_time": 1671740360.786481, "duration": 2.1645729541778564}, "current_params": {"N": 300, "b": 0.123924017663555, "c": 0.12854730820831434, "iss": 0.9, "lr": 0.9218534144690987, "reg": 0.9619270063533313, "sr": 5.657079559990437}}