{"returned_dict": {"loss": 0.035624682903289795, "r2": 0.035624682903289795, "status": "ok", "start_time": 1671740395.6559858, "duration": 2.2225985527038574}, "current_params": {"N": 200, "b": 0.40568362315907314, "c": 0.2554785268670671, "iss": 0.9, "lr": 0.2756809572318929, "reg": 0.6445830201510564, "sr": 1.4072291553877936}}