{"returned_dict": {"loss": 0.030242597684264183, "r2": 0.030242597684264183, "status": "ok", "start_time": 1671742332.4012575, "duration": 2.0756776332855225}, "current_params": {"N": 100, "b": 0.519742693837922, "c": 0.5565817218208267, "iss": 0.9, "lr": 0.009790643578971699, "reg": 0.41504532316280984, "sr": 1.0416474108266593}}