{"returned_dict": {"loss": 0.03517449274659157, "r2": 0.03517449274659157, "status": "ok", "start_time": 1671742013.4494295, "duration": 2.1017978191375732}, "current_params": {"N": 100, "b": 0.13414060007738376, "c": 0.32031287747732706, "iss": 0.9, "lr": 0.12726260622035984, "reg": 0.39146046612251373, "sr": 1.2241318042434939}}