{"returned_dict": {"loss": 0.032012395560741425, "r2": 0.032012395560741425, "status": "ok", "start_time": 1671742076.1154413, "duration": 2.0441198348999023}, "current_params": {"N": 100, "b": 0.29231253737391216, "c": 0.9127204045028746, "iss": 0.9, "lr": 0.0011970839811347202, "reg": 0.15492885309622204, "sr": 2.0943669416405895}}