{"returned_dict": {"loss": 0.03971831873059273, "r2": 0.03971831873059273, "status": "ok", "start_time": 1671742184.1812916, "duration": 2.204651117324829}, "current_params": {"N": 100, "b": 0.25124751405673124, "c": 0.1175378671185825, "iss": 0.9, "lr": 0.026882977141601313, "reg": 0.4036035329938374, "sr": 2.339693496557448}}