{"returned_dict": {"loss": 0.036009807139635086, "r2": 0.036009807139635086, "status": "ok", "start_time": 1671741154.3236406, "duration": 2.3865036964416504}, "current_params": {"N": 300, "b": 0.1265165383491759, "c": 0.12046569845257696, "iss": 0.9, "lr": 0.6148604094980725, "reg": 0.5186383913014839, "sr": 5.869123999503469}}