{"returned_dict": {"loss": 0.031874313950538635, "r2": 0.031874313950538635, "status": "ok", "start_time": 1671738256.1663992, "duration": 1.9979820251464844}, "current_params": {"N": 100, "b": 0.371152890440591, "c": 0.8724934440929939, "iss": 0.9, "lr": 0.8320929033490913, "reg": 0.12236906820324675, "sr": 2.805722070930797}}