{"returned_dict": {"loss": 0.03141860291361809, "r2": 0.03141860291361809, "status": "ok", "start_time": 1671741881.5478547, "duration": 2.0085384845733643}, "current_params": {"N": 100, "b": 0.8616207397311954, "c": 0.2466247647080829, "iss": 0.9, "lr": 0.026383797287459904, "reg": 0.33178816530950644, "sr": 1.0982084965986207}}