{"returned_dict": {"loss": 0.03543524444103241, "r2": 0.03543524444103241, "status": "ok", "start_time": 1671737667.222955, "duration": 2.0640664100646973}, "current_params": {"N": 100, "b": 0.32968313152583884, "c": 0.14851147985520705, "iss": 0.9, "lr": 0.2219908972811537, "reg": 0.6693710800121918, "sr": 2.0711751271159313}}