{"returned_dict": {"loss": 0.03780157119035721, "r2": 0.03780157119035721, "status": "ok", "start_time": 1671740200.096525, "duration": 2.247957706451416}, "current_params": {"N": 200, "b": 0.6985159660216421, "c": 0.3010233042103805, "iss": 0.9, "lr": 0.4166356911062449, "reg": 0.3859308227208672, "sr": 2.4578760542057356}}