{"returned_dict": {"loss": 0.03090364672243595, "r2": 0.03090364672243595, "status": "ok", "start_time": 1671741801.0433657, "duration": 2.0865325927734375}, "current_params": {"N": 100, "b": 0.8242020844506832, "c": 0.4093428677843905, "iss": 0.9, "lr": 0.01667689650603515, "reg": 0.1348526756138603, "sr": 1.0992137418599923}}