{"returned_dict": {"loss": 0.03423260152339935, "r2": 0.03423260152339935, "status": "ok", "start_time": 1671740250.7891717, "duration": 2.2682583332061768}, "current_params": {"N": 200, "b": 0.6865512836675557, "c": 0.14360459917201532, "iss": 0.9, "lr": 0.8156304946175555, "reg": 0.17108565891674388, "sr": 4.700456126269777}}