{"returned_dict": {"loss": 0.03319202736020088, "r2": 0.03319202736020088, "status": "ok", "start_time": 1671742149.6919084, "duration": 2.176215648651123}, "current_params": {"N": 100, "b": 0.12146008503446976, "c": 0.23141877020160068, "iss": 0.9, "lr": 0.03654906847114924, "reg": 0.39574240179112385, "sr": 1.440736359670021}}