{"returned_dict": {"loss": 0.030514150857925415, "r2": 0.030514150857925415, "status": "ok", "start_time": 1671738506.359638, "duration": 1.9285988807678223}, "current_params": {"N": 100, "b": 0.3101331394929004, "c": 0.2083131401222194, "iss": 0.9, "lr": 0.031140853659940466, "reg": 0.7467927813254164, "sr": 0.09865702106863619}}