{"returned_dict": {"loss": 0.031977832317352295, "r2": 0.031977832317352295, "status": "ok", "start_time": 1671738254.174232, "duration": 1.988178014755249}, "current_params": {"N": 200, "b": 0.12146008503446976, "c": 0.23141877020160068, "iss": 0.9, "lr": 0.03654906847114924, "reg": 0.39574240179112385, "sr": 0.029905670890489743}}