{"returned_dict": {"loss": 0.035001352429389954, "r2": 0.035001352429389954, "status": "ok", "start_time": 1671738310.1102197, "duration": 1.9812369346618652}, "current_params": {"N": 100, "b": 0.6295556338211084, "c": 0.6858631299174325, "iss": 0.9, "lr": 0.09134912023535252, "reg": 0.14627485891274003, "sr": 1.1089184934308791}}