{"returned_dict": {"loss": 0.03018842078745365, "r2": 0.03018842078745365, "status": "ok", "start_time": 1671742259.4891784, "duration": 2.0649962425231934}, "current_params": {"N": 100, "b": 0.6260504332994168, "c": 0.5523072430258966, "iss": 0.9, "lr": 0.45744487264479583, "reg": 0.6456531785307473, "sr": 8.405218363799639}}