{"returned_dict": {"loss": 0.03156718984246254, "r2": 0.03156718984246254, "status": "ok", "start_time": 1671738066.160903, "duration": 2.1276333332061768}, "current_params": {"N": 200, "b": 0.42532190259218045, "c": 0.483491055287576, "iss": 0.9, "lr": 0.03731812816903053, "reg": 0.5498411249342325, "sr": 0.02848755244621426}}