{"returned_dict": {"loss": 0.035242944955825806, "r2": 0.035242944955825806, "status": "ok", "start_time": 1671738295.413094, "duration": 2.1200547218322754}, "current_params": {"N": 300, "b": 0.2972806216676554, "c": 0.11353808296923022, "iss": 0.9, "lr": 0.7068540515119667, "reg": 0.19486667696001037, "sr": 4.39859149564523}}