{"returned_dict": {"loss": 0.030046561732888222, "r2": 0.030046561732888222, "status": "ok", "start_time": 1671738233.322428, "duration": 2.0592851638793945}, "current_params": {"N": 300, "b": 0.25150133485801757, "c": 0.5915671734526755, "iss": 0.9, "lr": 0.00971170074199618, "reg": 0.331857122734824, "sr": 0.07838820473651263}}