{"returned_dict": {"loss": 0.03034316562116146, "r2": 0.03034316562116146, "status": "ok", "start_time": 1671738268.4626808, "duration": 2.099085807800293}, "current_params": {"N": 200, "b": 0.7756550137571472, "c": 0.4037848392541014, "iss": 0.9, "lr": 0.011183394820548408, "reg": 0.421354136402119, "sr": 0.2197859831182259}}