{"returned_dict": {"loss": 0.039788227528333664, "r2": 0.039788227528333664, "status": "ok", "start_time": 1671741923.2861717, "duration": 2.0381484031677246}, "current_params": {"N": 100, "b": 0.11376127470830975, "c": 0.22276571301331402, "iss": 0.9, "lr": 0.0065466241047420414, "reg": 0.27904986817294086, "sr": 1.4896549563942194}}