{"returned_dict": {"loss": 0.035043105483055115, "r2": 0.035043105483055115, "status": "ok", "start_time": 1671738399.1472597, "duration": 2.172013521194458}, "current_params": {"N": 300, "b": 0.2271061122636949, "c": 0.9141603428068512, "iss": 0.9, "lr": 0.061880908273659545, "reg": 0.3867971032088218, "sr": 1.4309995582779373}}