{"returned_dict": {"loss": 0.0352122038602829, "r2": 0.0352122038602829, "status": "ok", "start_time": 1671741066.6292365, "duration": 2.373831272125244}, "current_params": {"N": 300, "b": 0.5711666813192412, "c": 0.5259556874447437, "iss": 0.9, "lr": 0.10901037651819462, "reg": 0.9260046228354265, "sr": 1.1429282112464056}}