{"returned_dict": {"loss": 0.031385552138090134, "r2": 0.031385552138090134, "status": "ok", "start_time": 1671740507.3925667, "duration": 2.1230173110961914}, "current_params": {"N": 200, "b": 0.9012034554769001, "c": 0.39206345917935004, "iss": 0.9, "lr": 0.838222159127335, "reg": 0.272237312978545, "sr": 4.183767983561546}}