{"returned_dict": {"loss": 0.0305646825581789, "r2": 0.0305646825581789, "status": "ok", "start_time": 1671741127.269153, "duration": 2.2884130477905273}, "current_params": {"N": 200, "b": 0.41688132093513397, "c": 0.1165060156804446, "iss": 0.9, "lr": 0.002385000819432965, "reg": 0.26646094538783094, "sr": 1.5371874396083662}}