{"returned_dict": {"loss": 0.030007096007466316, "r2": 0.030007096007466316, "status": "ok", "start_time": 1671738337.2965963, "duration": 1.9857335090637207}, "current_params": {"N": 100, "b": 0.19435937923012855, "c": 0.14206310718375315, "iss": 0.9, "lr": 0.007557534403714485, "reg": 0.4877751860385107, "sr": 0.06009481543684858}}