{"returned_dict": {"loss": 0.03674721345305443, "r2": 0.03674721345305443, "status": "ok", "start_time": 1671742238.1709514, "duration": 2.096021890640259}, "current_params": {"N": 100, "b": 0.33652001110853197, "c": 0.32058536537342397, "iss": 0.9, "lr": 0.06672692746794007, "reg": 0.32540737012541476, "sr": 1.9471470304867504}}