{"returned_dict": {"loss": 0.03566303849220276, "r2": 0.03566303849220276, "status": "ok", "start_time": 1671740734.608428, "duration": 2.3082356452941895}, "current_params": {"N": 200, "b": 0.18688654586003334, "c": 0.9704021974879242, "iss": 0.9, "lr": 0.4034603507718249, "reg": 0.11983393329845078, "sr": 1.0989344212999759}}