{"returned_dict": {"loss": 0.030270680785179138, "r2": 0.030270680785179138, "status": "ok", "start_time": 1671738303.5846262, "duration": 2.1827690601348877}, "current_params": {"N": 300, "b": 0.5012534313657634, "c": 0.5355068724107468, "iss": 0.9, "lr": 0.009895801286049062, "reg": 0.3514642944713503, "sr": 0.3763056810636054}}