{"returned_dict": {"loss": 0.03484473377466202, "r2": 0.03484473377466202, "status": "ok", "start_time": 1671737697.3318667, "duration": 1.939180850982666}, "current_params": {"N": 100, "b": 0.22468615747292392, "c": 0.8372181107156209, "iss": 0.9, "lr": 0.10752060708924599, "reg": 0.27232298758372686, "sr": 0.3157133897830133}}