{"returned_dict": {"loss": 0.031284552067518234, "r2": 0.031284552067518234, "status": "ok", "start_time": 1671737675.3329587, "duration": 2.083036184310913}, "current_params": {"N": 200, "b": 0.2222270381259225, "c": 0.8601746545982152, "iss": 0.9, "lr": 0.04017882290811124, "reg": 0.9826726275286644, "sr": 0.014438974945890222}}