{"returned_dict": {"loss": 0.034244388341903687, "r2": 0.034244388341903687, "status": "ok", "start_time": 1671737927.6913865, "duration": 2.1076488494873047}, "current_params": {"N": 300, "b": 0.6512829363588604, "c": 0.6407381684200432, "iss": 0.9, "lr": 0.06255824090582882, "reg": 0.4723889064734738, "sr": 0.5447197101968496}}