{"returned_dict": {"loss": 0.035039130598306656, "r2": 0.035039130598306656, "status": "ok", "start_time": 1671738386.8334832, "duration": 2.1201114654541016}, "current_params": {"N": 100, "b": 0.1901967358139486, "c": 0.3772774757114954, "iss": 0.9, "lr": 0.5203205459000363, "reg": 0.23488254898046296, "sr": 0.03441234056336873}}