{"returned_dict": {"loss": 0.032679494470357895, "r2": 0.032679494470357895, "status": "ok", "start_time": 1671737881.6929445, "duration": 1.992891550064087}, "current_params": {"N": 100, "b": 0.22051723987088492, "c": 0.5142656579838233, "iss": 0.9, "lr": 0.014953523366352304, "reg": 0.8746996690289743, "sr": 1.9088657622498109}}