{"returned_dict": {"loss": 0.035313524305820465, "r2": 0.035313524305820465, "status": "ok", "start_time": 1671745082.0000324, "duration": 2.195816993713379}, "current_params": {"N": 100, "b": 0.9834344304979371, "c": 0.10027363308347359, "iss": 0.9, "lr": 0.44022515336610235, "reg": 0.3910464341685356, "sr": 2.397909149527523}}