{"returned_dict": {"loss": 0.030794426798820496, "r2": 0.030794426798820496, "status": "ok", "start_time": 1671738070.3118048, "duration": 2.083860397338867}, "current_params": {"N": 200, "b": 0.11492617620634782, "c": 0.72799003772971, "iss": 0.9, "lr": 0.027282917589189125, "reg": 0.6739061770328106, "sr": 0.3112075738520104}}