{"returned_dict": {"loss": 0.032322559505701065, "r2": 0.032322559505701065, "status": "ok", "start_time": 1671742089.5343628, "duration": 2.1217944622039795}, "current_params": {"N": 100, "b": 0.40109285781590104, "c": 0.5215423458986714, "iss": 0.9, "lr": 0.03296478470926053, "reg": 0.28091772772047585, "sr": 1.5269742215396642}}