{"returned_dict": {"loss": 0.03002387285232544, "r2": 0.03002387285232544, "status": "ok", "start_time": 1671737970.968998, "duration": 2.089022636413574}, "current_params": {"N": 100, "b": 0.24055326335024202, "c": 0.12651947195841215, "iss": 0.9, "lr": 0.0027247209799585487, "reg": 0.10016259557542191, "sr": 0.44931658887426984}}