{"returned_dict": {"loss": 0.03588659688830376, "r2": 0.03588659688830376, "status": "ok", "start_time": 1671740794.7722187, "duration": 2.2599775791168213}, "current_params": {"N": 200, "b": 0.2413304696140625, "c": 0.2426424585488989, "iss": 0.9, "lr": 0.2646820007676102, "reg": 0.1253049796569689, "sr": 1.3617058246761178}}