{"returned_dict": {"loss": 0.03300248458981514, "r2": 0.03300248458981514, "status": "ok", "start_time": 1671745155.4259233, "duration": 2.2110583782196045}, "current_params": {"N": 100, "b": 0.3755825655939488, "c": 0.20508970727867998, "iss": 0.9, "lr": 0.46017610930271435, "reg": 0.20078958268576166, "sr": 4.762318156921352}}