{"returned_dict": {"loss": 0.03208211064338684, "r2": 0.03208211064338684, "status": "ok", "start_time": 1671741547.5857124, "duration": 2.1853251457214355}, "current_params": {"N": 100, "b": 0.2222270381259225, "c": 0.8601746545982152, "iss": 0.9, "lr": 0.04017882290811124, "reg": 0.9826726275286644, "sr": 1.1302611176632902}}