{"returned_dict": {"loss": 0.03776872530579567, "r2": 0.03776872530579567, "status": "ok", "start_time": 1671737539.1630697, "duration": 2.2236392498016357}, "current_params": {"N": 200, "b": 0.17482038591298715, "c": 0.7431380026416207, "iss": 0.9, "lr": 0.5093800439838344, "reg": 0.16694025196505888, "sr": 5.580343023547165}}