{"returned_dict": {"loss": 0.03460894897580147, "r2": 0.03460894897580147, "status": "ok", "start_time": 1671740754.4965088, "duration": 2.195850133895874}, "current_params": {"N": 100, "b": 0.3256074064661304, "c": 0.4555686959267685, "iss": 0.9, "lr": 0.2767485225240801, "reg": 0.17026902601526456, "sr": 7.80124227076398}}