{"returned_dict": {"loss": 0.030599674209952354, "r2": 0.030599674209952354, "status": "ok", "start_time": 1671742407.8007329, "duration": 1.9800262451171875}, "current_params": {"N": 100, "b": 0.8598588759104803, "c": 0.26770925566209786, "iss": 0.9, "lr": 0.007074529025669013, "reg": 0.11067557081406618, "sr": 1.230862766038488}}