{"returned_dict": {"loss": 0.033623550087213516, "r2": 0.033623550087213516, "status": "ok", "start_time": 1671741944.2654262, "duration": 2.048372507095337}, "current_params": {"N": 100, "b": 0.11068606561852028, "c": 0.41219827396339326, "iss": 0.9, "lr": 0.04128270558230645, "reg": 0.1115446005837386, "sr": 1.1762912817113726}}