{"returned_dict": {"loss": 0.03050774335861206, "r2": 0.03050774335861206, "status": "ok", "start_time": 1671740924.5470748, "duration": 2.182013750076294}, "current_params": {"N": 100, "b": 0.11267804398333306, "c": 0.94100892957428, "iss": 0.9, "lr": 0.013969676950582407, "reg": 0.12831876688339908, "sr": 1.0160012637429443}}