{"returned_dict": {"loss": 0.035091932862997055, "r2": 0.035091932862997055, "status": "ok", "start_time": 1671740159.782233, "duration": 2.270885705947876}, "current_params": {"N": 300, "b": 0.18214628767075908, "c": 0.1697601678671181, "iss": 0.9, "lr": 0.8472268156639913, "reg": 0.5164693121905806, "sr": 2.801067631755739}}