{"returned_dict": {"loss": 0.035616036504507065, "r2": 0.035616036504507065, "status": "ok", "start_time": 1671740261.9276886, "duration": 2.3426733016967773}, "current_params": {"N": 300, "b": 0.3573397562497969, "c": 0.20162535125264183, "iss": 0.9, "lr": 0.27036282441620346, "reg": 0.6079117397902739, "sr": 1.5939825559945855}}