{"returned_dict": {"loss": 0.03001304529607296, "r2": 0.03001304529607296, "status": "ok", "start_time": 1671737595.7171671, "duration": 2.076693058013916}, "current_params": {"N": 200, "b": 0.3650493688126172, "c": 0.41853870761797823, "iss": 0.9, "lr": 0.0029999570595545273, "reg": 0.1513882761881428, "sr": 0.38114750465916947}}