{"returned_dict": {"loss": 0.03328859806060791, "r2": 0.03328859806060791, "status": "ok", "start_time": 1671742218.6921902, "duration": 2.0974698066711426}, "current_params": {"N": 100, "b": 0.4851222324107936, "c": 0.7862065772023162, "iss": 0.9, "lr": 0.0014177396827006795, "reg": 0.1009631117626012, "sr": 1.1218730956703282}}