{"returned_dict": {"loss": 0.03398033604025841, "r2": 0.03398033604025841, "status": "ok", "start_time": 1671737867.379484, "duration": 1.9993219375610352}, "current_params": {"N": 300, "b": 0.15806458467729148, "c": 0.23164190055226355, "iss": 0.9, "lr": 0.06815247173845063, "reg": 0.8815383299303781, "sr": 0.04406057753824492}}