{"returned_dict": {"loss": 0.035087693482637405, "r2": 0.035087693482637405, "status": "ok", "start_time": 1671740341.7674675, "duration": 2.1681556701660156}, "current_params": {"N": 300, "b": 0.982769185300499, "c": 0.22233734934549945, "iss": 0.9, "lr": 0.09201940994765088, "reg": 0.3855145376295804, "sr": 1.5057627815663117}}