{"returned_dict": {"loss": 0.03061557374894619, "r2": 0.03061557374894619, "status": "ok", "start_time": 1671738393.0932615, "duration": 1.9815621376037598}, "current_params": {"N": 100, "b": 0.7015277392131855, "c": 0.16784359819850744, "iss": 0.9, "lr": 0.02969670618241005, "reg": 0.47048558121713285, "sr": 0.18473458755451505}}