{"returned_dict": {"loss": 0.03588344529271126, "r2": 0.03588344529271126, "status": "ok", "start_time": 1671741746.1077797, "duration": 2.1478688716888428}, "current_params": {"N": 100, "b": 0.32599410957537084, "c": 0.19466815936372095, "iss": 0.9, "lr": 0.26564196963566694, "reg": 0.7743262015843753, "sr": 3.764720686629621}}