{"returned_dict": {"loss": 0.03587474673986435, "r2": 0.03587474673986435, "status": "ok", "start_time": 1671738212.0105162, "duration": 2.1279375553131104}, "current_params": {"N": 200, "b": 0.5774333052327235, "c": 0.2896820282513546, "iss": 0.9, "lr": 0.30857771503681464, "reg": 0.6134465324655654, "sr": 2.3813695726974804}}