{"returned_dict": {"loss": 0.032345619052648544, "r2": 0.032345619052648544, "status": "ok", "start_time": 1671745157.645983, "duration": 2.1910624504089355}, "current_params": {"N": 100, "b": 0.1958151011028327, "c": 0.2129049741277261, "iss": 0.9, "lr": 0.04187826112620037, "reg": 0.6195864281245477, "sr": 1.7047653524221096}}