{"returned_dict": {"loss": 0.03237949311733246, "r2": 0.03237949311733246, "status": "ok", "start_time": 1671740708.2213366, "duration": 2.228830575942993}, "current_params": {"N": 200, "b": 0.5732480664253579, "c": 0.5346337908209828, "iss": 0.9, "lr": 0.027021999349145943, "reg": 0.25190241150600984, "sr": 1.3621461383580131}}