{"returned_dict": {"loss": 0.035393938422203064, "r2": 0.035393938422203064, "status": "ok", "start_time": 1671740797.0381818, "duration": 2.3732075691223145}, "current_params": {"N": 300, "b": 0.13414060007738376, "c": 0.32031287747732706, "iss": 0.9, "lr": 0.12726260622035984, "reg": 0.39146046612251373, "sr": 1.2241318042434939}}