{"returned_dict": {"loss": 0.03501138463616371, "r2": 0.03501138463616371, "status": "ok", "start_time": 1671738403.413292, "duration": 2.0710508823394775}, "current_params": {"N": 200, "b": 0.18343436955831863, "c": 0.1237261471791992, "iss": 0.9, "lr": 0.06283002967069397, "reg": 0.15692002619245599, "sr": 0.33391908698590383}}