{"returned_dict": {"loss": 0.03458327054977417, "r2": 0.03458327054977417, "status": "ok", "start_time": 1671737743.8110628, "duration": 1.9561588764190674}, "current_params": {"N": 200, "b": 0.1634813379207753, "c": 0.39114008309817844, "iss": 0.9, "lr": 0.09414420070801906, "reg": 0.7587268737911911, "sr": 0.13317912806568327}}