{"returned_dict": {"loss": 0.03689371421933174, "r2": 0.03689371421933174, "status": "ok", "start_time": 1671742349.282918, "duration": 2.052682399749756}, "current_params": {"N": 100, "b": 0.22508451714199343, "c": 0.4735822266782431, "iss": 0.9, "lr": 0.3222901380171819, "reg": 0.10670640757092822, "sr": 2.778728856483041}}