{"returned_dict": {"loss": 0.03564465045928955, "r2": 0.03564465045928955, "status": "ok", "start_time": 1671741954.7688963, "duration": 2.069049119949341}, "current_params": {"N": 100, "b": 0.18688654586003334, "c": 0.9704021974879242, "iss": 0.9, "lr": 0.4034603507718249, "reg": 0.11983393329845078, "sr": 1.0989344212999759}}