{"returned_dict": {"loss": 0.03331967815756798, "r2": 0.03331967815756798, "status": "ok", "start_time": 1671738185.1547205, "duration": 2.061521053314209}, "current_params": {"N": 100, "b": 0.4069238680439858, "c": 0.38569397040161585, "iss": 0.9, "lr": 0.043730742365846544, "reg": 0.12643052958360568, "sr": 0.011554036392561194}}