{"returned_dict": {"loss": 0.03479496017098427, "r2": 0.03479496017098427, "status": "ok", "start_time": 1671738025.1415331, "duration": 1.986729621887207}, "current_params": {"N": 100, "b": 0.10209367743791947, "c": 0.15597965083235865, "iss": 0.9, "lr": 0.7693701905703387, "reg": 0.276796426616133, "sr": 0.021740388389401115}}