{"returned_dict": {"loss": 0.030143851414322853, "r2": 0.030143851414322853, "status": "ok", "start_time": 1671738490.4137502, "duration": 1.9255461692810059}, "current_params": {"N": 200, "b": 0.796138445601469, "c": 0.3867420762679411, "iss": 0.9, "lr": 0.00928539748962012, "reg": 0.5345224488983576, "sr": 0.05649747806332861}}