{"returned_dict": {"loss": 0.03432236239314079, "r2": 0.03432236239314079, "status": "ok", "start_time": 1671740882.2404404, "duration": 2.136190176010132}, "current_params": {"N": 100, "b": 0.7487963004554876, "c": 0.2452363339732475, "iss": 0.9, "lr": 0.009149810797854293, "reg": 0.3052801155498569, "sr": 1.7884828142118723}}