{"returned_dict": {"loss": 0.03269495442509651, "r2": 0.03269495442509651, "status": "ok", "start_time": 1671740532.9760869, "duration": 2.253218173980713}, "current_params": {"N": 300, "b": 0.6588080765066708, "c": 0.24152936126171798, "iss": 0.9, "lr": 0.026695530015763223, "reg": 0.23530378591643236, "sr": 1.1092744702047594}}