{"returned_dict": {"loss": 0.03917727619409561, "r2": 0.03917727619409561, "status": "ok", "start_time": 1671742409.7883048, "duration": 2.013491630554199}, "current_params": {"N": 100, "b": 0.3101331394929004, "c": 0.2083131401222194, "iss": 0.9, "lr": 0.031140853659940466, "reg": 0.7467927813254164, "sr": 2.1447466556444805}}