{"returned_dict": {"loss": 0.03343066945672035, "r2": 0.03343066945672035, "status": "ok", "start_time": 1671738074.5972044, "duration": 1.9776067733764648}, "current_params": {"N": 100, "b": 0.24748102968823424, "c": 0.5637502500985688, "iss": 0.9, "lr": 0.046867297084523946, "reg": 0.1648179826437044, "sr": 0.40654668103214325}}