{"returned_dict": {"loss": 0.03181314840912819, "r2": 0.03181314840912819, "status": "ok", "start_time": 1671741754.851846, "duration": 2.2100908756256104}, "current_params": {"N": 100, "b": 0.6588080765066708, "c": 0.24152936126171798, "iss": 0.9, "lr": 0.026695530015763223, "reg": 0.23530378591643236, "sr": 1.1092744702047594}}