{"returned_dict": {"loss": 0.03508789837360382, "r2": 0.03508789837360382, "status": "ok", "start_time": 1671741362.274397, "duration": 2.0389816761016846}, "current_params": {"N": 100, "b": 0.1379780996372862, "c": 0.21725998201289184, "iss": 0.9, "lr": 0.17543139583076803, "reg": 0.6762225239642596, "sr": 1.1595430129354962}}