{"returned_dict": {"loss": 0.035147469490766525, "r2": 0.035147469490766525, "status": "ok", "start_time": 1671737762.1703923, "duration": 2.1325953006744385}, "current_params": {"N": 300, "b": 0.9791217760198553, "c": 0.14406547171085018, "iss": 0.9, "lr": 0.0013530394390112253, "reg": 0.4505920381025818, "sr": 1.2072384196976096}}