{"returned_dict": {"loss": 0.03181906044483185, "r2": 0.03181906044483185, "status": "ok", "start_time": 1671741830.7806766, "duration": 2.1847338676452637}, "current_params": {"N": 100, "b": 0.3529823792477291, "c": 0.7132231917056493, "iss": 0.9, "lr": 0.022172000243238923, "reg": 0.2735012355727521, "sr": 1.73176382008979}}