{"returned_dict": {"loss": 0.0353013351559639, "r2": 0.0353013351559639, "status": "ok", "start_time": 1671744968.158006, "duration": 2.197052001953125}, "current_params": {"N": 100, "b": 0.23552474537703172, "c": 0.6686305802308408, "iss": 0.9, "lr": 0.007413342720100155, "reg": 0.5619238664902432, "sr": 2.099812851848682}}