{"returned_dict": {"loss": 0.03645676374435425, "r2": 0.03645676374435425, "status": "ok", "start_time": 1671737493.1763976, "duration": 2.002439022064209}, "current_params": {"N": 200, "b": 0.984931496446067, "c": 0.37450788803627855, "iss": 0.9, "lr": 0.0014528929731718976, "reg": 0.5907188337611996, "sr": 1.4787515437601555}}