{"returned_dict": {"loss": 0.03083592839539051, "r2": 0.03083592839539051, "status": "ok", "start_time": 1671738115.5623252, "duration": 2.173536777496338}, "current_params": {"N": 300, "b": 0.6082503054059358, "c": 0.5789123838365018, "iss": 0.9, "lr": 0.004882742174485581, "reg": 0.1723696835727332, "sr": 1.22489559528552}}