{"returned_dict": {"loss": 0.035408180207014084, "r2": 0.035408180207014084, "status": "ok", "start_time": 1671740679.0658858, "duration": 2.233410120010376}, "current_params": {"N": 300, "b": 0.5910119860220345, "c": 0.7126862606246719, "iss": 0.9, "lr": 0.14712344912732483, "reg": 0.9937794755784374, "sr": 1.9516023647421152}}