{"returned_dict": {"loss": 0.035069551318883896, "r2": 0.035069551318883896, "status": "ok", "start_time": 1671737931.8643894, "duration": 2.0998077392578125}, "current_params": {"N": 300, "b": 0.5643821329495936, "c": 0.1457636330808847, "iss": 0.9, "lr": 0.08147759376551585, "reg": 0.27979187208417866, "sr": 1.6684692346655783}}