{"returned_dict": {"loss": 0.035730451345443726, "r2": 0.035730451345443726, "status": "ok", "start_time": 1671740221.9674013, "duration": 2.217392683029175}, "current_params": {"N": 300, "b": 0.4443910388605285, "c": 0.19239732904706308, "iss": 0.9, "lr": 0.42979608081480786, "reg": 0.3206188911946868, "sr": 1.260051287336061}}