{"returned_dict": {"loss": 0.03490115702152252, "r2": 0.03490115702152252, "status": "ok", "start_time": 1671741910.8835301, "duration": 2.0969581604003906}, "current_params": {"N": 100, "b": 0.7805271826370735, "c": 0.20659794721829927, "iss": 0.9, "lr": 0.7585427422320523, "reg": 0.6195998109482778, "sr": 2.4321758070803856}}