{"returned_dict": {"loss": 0.030067257583141327, "r2": 0.030067257583141327, "status": "ok", "start_time": 1671738478.451958, "duration": 1.9165632724761963}, "current_params": {"N": 100, "b": 0.3174282752817694, "c": 0.32518022551541625, "iss": 0.9, "lr": 0.011770376296020457, "reg": 0.9088909307705608, "sr": 0.21245171962882084}}