{"returned_dict": {"loss": 0.031001070514321327, "r2": 0.031001070514321327, "status": "ok", "start_time": 1671740699.3806808, "duration": 2.198390245437622}, "current_params": {"N": 200, "b": 0.1911564174074307, "c": 0.9827482122888115, "iss": 0.9, "lr": 0.01472033478760256, "reg": 0.47113739994240367, "sr": 1.2971188821905346}}