{"returned_dict": {"loss": 0.03477694094181061, "r2": 0.03477694094181061, "status": "ok", "start_time": 1671737851.498047, "duration": 1.958832025527954}, "current_params": {"N": 100, "b": 0.17636936179495005, "c": 0.15770661245464823, "iss": 0.9, "lr": 0.31008930988824535, "reg": 0.5391753821565773, "sr": 0.08438326345409637}}