{"returned_dict": {"loss": 0.03168017044663429, "r2": 0.03168017044663429, "status": "ok", "start_time": 1671738287.0444174, "duration": 2.0538320541381836}, "current_params": {"N": 300, "b": 0.25124751405673124, "c": 0.1175378671185825, "iss": 0.9, "lr": 0.026882977141601313, "reg": 0.4036035329938374, "sr": 0.12807869788710502}}