{"returned_dict": {"loss": 0.032644737511873245, "r2": 0.032644737511873245, "status": "ok", "start_time": 1671738397.1474073, "duration": 1.994863510131836}, "current_params": {"N": 100, "b": 0.34099109296986574, "c": 0.22777838316023968, "iss": 0.9, "lr": 0.465857678500625, "reg": 0.10476951497525444, "sr": 4.856372927485903}}