{"returned_dict": {"loss": 0.03679968789219856, "r2": 0.03679968789219856, "status": "ok", "start_time": 1671738103.3704572, "duration": 2.0959835052490234}, "current_params": {"N": 200, "b": 0.2819386119135461, "c": 0.14746411986111918, "iss": 0.9, "lr": 0.5155379536211393, "reg": 0.10282547820155967, "sr": 2.107890724041886}}