{"returned_dict": {"loss": 0.03296700119972229, "r2": 0.03296700119972229, "status": "ok", "start_time": 1671740213.0923047, "duration": 2.229879140853882}, "current_params": {"N": 200, "b": 0.16014733296504582, "c": 0.4701226863622331, "iss": 0.9, "lr": 0.002569219109514612, "reg": 0.9536794001890089, "sr": 1.7837276281033014}}