{"returned_dict": {"loss": 0.03057325817644596, "r2": 0.03057325817644596, "status": "ok", "start_time": 1671741046.8658528, "duration": 2.0978991985321045}, "current_params": {"N": 100, "b": 0.34278499169814225, "c": 0.27447266547785754, "iss": 0.9, "lr": 0.7951180117484006, "reg": 0.19380527923719948, "sr": 2.9348353175683344}}