{"returned_dict": {"loss": 0.0300231222063303, "r2": 0.0300231222063303, "status": "ok", "start_time": 1671737896.409149, "duration": 2.112086772918701}, "current_params": {"N": 300, "b": 0.2541972532188809, "c": 0.6895033857929539, "iss": 0.9, "lr": 0.002206362162974575, "reg": 0.10664898129058091, "sr": 0.4204365975304329}}