{"returned_dict": {"loss": 0.03506908565759659, "r2": 0.03506908565759659, "status": "ok", "start_time": 1671738155.8243277, "duration": 2.165527820587158}, "current_params": {"N": 200, "b": 0.12621056403591152, "c": 0.20601480028229044, "iss": 0.9, "lr": 0.8265187297304943, "reg": 0.7784249208716231, "sr": 0.011339931602982134}}