{"returned_dict": {"loss": 0.03160478547215462, "r2": 0.03160478547215462, "status": "ok", "start_time": 1671737883.689107, "duration": 2.2490944862365723}, "current_params": {"N": 300, "b": 0.7737298836312899, "c": 0.34239282351411304, "iss": 0.9, "lr": 0.0016821487193693313, "reg": 0.1887251587323588, "sr": 0.016130653781102525}}