{"returned_dict": {"loss": 0.03344593569636345, "r2": 0.03344593569636345, "status": "ok", "start_time": 1671741435.136964, "duration": 2.021235942840576}, "current_params": {"N": 100, "b": 0.6679947996440662, "c": 0.2731187939825182, "iss": 0.9, "lr": 0.0016156588507471406, "reg": 0.1660077364316075, "sr": 1.4539220241536743}}