{"returned_dict": {"loss": 0.03541717305779457, "r2": 0.03541717305779457, "status": "ok", "start_time": 1671740132.7947226, "duration": 2.3622984886169434}, "current_params": {"N": 300, "b": 0.1379780996372862, "c": 0.21725998201289184, "iss": 0.9, "lr": 0.17543139583076803, "reg": 0.6762225239642596, "sr": 1.1595430129354962}}