{"returned_dict": {"loss": 0.03509383276104927, "r2": 0.03509383276104927, "status": "ok", "start_time": 1671737752.077816, "duration": 1.9875175952911377}, "current_params": {"N": 200, "b": 0.692978132645329, "c": 0.6227352249551078, "iss": 0.9, "lr": 0.7725304602957939, "reg": 0.20126292732228476, "sr": 0.026191894186955052}}