{"returned_dict": {"loss": 0.03536393120884895, "r2": 0.03536393120884895, "status": "ok", "start_time": 1671741875.133196, "duration": 2.081333637237549}, "current_params": {"N": 100, "b": 0.5432433399783323, "c": 0.14771467482780695, "iss": 0.9, "lr": 0.22476451933947378, "reg": 0.11610750521740211, "sr": 1.5784462422657086}}