{"returned_dict": {"loss": 0.035228583961725235, "r2": 0.035228583961725235, "status": "ok", "start_time": 1671740899.9742384, "duration": 2.1783745288848877}, "current_params": {"N": 100, "b": 0.4814061164334491, "c": 0.2311244647754028, "iss": 0.9, "lr": 0.4762733465645137, "reg": 0.2854762901153085, "sr": 8.342434431684309}}