{"returned_dict": {"loss": 0.034356165677309036, "r2": 0.034356165677309036, "status": "ok", "start_time": 1671742225.0689561, "duration": 2.196774959564209}, "current_params": {"N": 100, "b": 0.1590379667494549, "c": 0.4651941519805596, "iss": 0.9, "lr": 0.46363676227903305, "reg": 0.7947811543023131, "sr": 3.045345022814712}}