{"returned_dict": {"loss": 0.030104337260127068, "r2": 0.030104337260127068, "status": "ok", "start_time": 1671742338.7156706, "duration": 2.0912859439849854}, "current_params": {"N": 100, "b": 0.13429170807828084, "c": 0.37858023787571243, "iss": 0.9, "lr": 0.004503537630220337, "reg": 0.5853504213224423, "sr": 1.3905905720069769}}