{"returned_dict": {"loss": 0.030620912089943886, "r2": 0.030620912089943886, "status": "ok", "start_time": 1671744823.6507504, "duration": 2.4788591861724854}, "current_params": {"N": 100, "b": 0.15456355165159094, "c": 0.28004323229983275, "iss": 0.9, "lr": 0.001490692182461561, "reg": 0.341853743259133, "sr": 1.1925311856124432}}