{"returned_dict": {"loss": 0.03174862638115883, "r2": 0.03174862638115883, "status": "ok", "start_time": 1671740588.648352, "duration": 2.0519235134124756}, "current_params": {"N": 200, "b": 0.4402560747899121, "c": 0.6506484727694951, "iss": 0.9, "lr": 0.0046026691334718475, "reg": 0.24146592305365847, "sr": 1.4516193001694793}}