{"returned_dict": {"loss": 0.035325393080711365, "r2": 0.035325393080711365, "status": "ok", "start_time": 1671738126.1816807, "duration": 2.24664306640625}, "current_params": {"N": 300, "b": 0.16540338651499123, "c": 0.9327078952068188, "iss": 0.9, "lr": 0.7588313479192483, "reg": 0.4367248073157708, "sr": 0.09073077206347367}}