{"returned_dict": {"loss": 0.030218591913580894, "r2": 0.030218591913580894, "status": "ok", "start_time": 1671737855.4500928, "duration": 1.9086625576019287}, "current_params": {"N": 100, "b": 0.6100654839293455, "c": 0.24803650851914683, "iss": 0.9, "lr": 0.015128007637960985, "reg": 0.31651677212465523, "sr": 0.012260384608014823}}