{"returned_dict": {"loss": 0.031717803329229355, "r2": 0.031717803329229355, "status": "ok", "start_time": 1671744731.7816036, "duration": 2.1693766117095947}, "current_params": {"N": 100, "b": 0.5737914491430051, "c": 0.7622541731518608, "iss": 0.9, "lr": 0.0018473770505347527, "reg": 0.29318960327766436, "sr": 1.167946430731369}}