{"returned_dict": {"loss": 0.03408766910433769, "r2": 0.03408766910433769, "status": "ok", "start_time": 1671738220.322734, "duration": 2.0218238830566406}, "current_params": {"N": 100, "b": 0.35062128241164164, "c": 0.4372818763617418, "iss": 0.9, "lr": 0.0918092272426044, "reg": 0.537066188573064, "sr": 0.07407802629526425}}