{"returned_dict": {"loss": 0.03497118502855301, "r2": 0.03497118502855301, "status": "ok", "start_time": 1671737925.5850163, "duration": 2.101871967315674}, "current_params": {"N": 100, "b": 0.6237259763251832, "c": 0.11562142833101972, "iss": 0.9, "lr": 0.7880985854044901, "reg": 0.33502065769347716, "sr": 0.02296603383647484}}