{"returned_dict": {"loss": 0.03743218258023262, "r2": 0.03743218258023262, "status": "ok", "start_time": 1671745164.2750661, "duration": 2.2518796920776367}, "current_params": {"N": 100, "b": 0.5246248628442286, "c": 0.26149011529700056, "iss": 0.9, "lr": 0.2542383950235754, "reg": 0.2483843703472321, "sr": 8.230205049251813}}