{"returned_dict": {"loss": 0.035531964153051376, "r2": 0.035531964153051376, "status": "ok", "start_time": 1671738187.220338, "duration": 2.1459760665893555}, "current_params": {"N": 200, "b": 0.36160097218018367, "c": 0.22678647324545465, "iss": 0.9, "lr": 0.35519867892386353, "reg": 0.12652894393470798, "sr": 0.037055471648585574}}