{"returned_dict": {"loss": 0.03550044819712639, "r2": 0.03550044819712639, "status": "ok", "start_time": 1671740835.5211406, "duration": 2.137922525405884}, "current_params": {"N": 200, "b": 0.12621056403591152, "c": 0.20601480028229044, "iss": 0.9, "lr": 0.8265187297304943, "reg": 0.7784249208716231, "sr": 1.0428058969021383}}