{"returned_dict": {"loss": 0.0351753793656826, "r2": 0.0351753793656826, "status": "ok", "start_time": 1671740343.9396126, "duration": 2.059035062789917}, "current_params": {"N": 100, "b": 0.7885766008379518, "c": 0.12531976413481868, "iss": 0.9, "lr": 0.21207672046475814, "reg": 0.46439530898609777, "sr": 2.774366598930415}}