{"returned_dict": {"loss": 0.039369404315948486, "r2": 0.039369404315948486, "status": "ok", "start_time": 1671742214.3531835, "duration": 2.2479960918426514}, "current_params": {"N": 100, "b": 0.21242915453712113, "c": 0.35191814109060643, "iss": 0.9, "lr": 0.04988261099169484, "reg": 0.4804082735300303, "sr": 2.2793275693342054}}