{"returned_dict": {"loss": 0.03005172125995159, "r2": 0.03005172125995159, "status": "ok", "start_time": 1671738409.7824066, "duration": 2.088225841522217}, "current_params": {"N": 300, "b": 0.12673553653113864, "c": 0.16920311194996474, "iss": 0.9, "lr": 0.007714162414031809, "reg": 0.34964542813760985, "sr": 0.02547896807897991}}