{"returned_dict": {"loss": 0.030579008162021637, "r2": 0.030579008162021637, "status": "ok", "start_time": 1671738320.249178, "duration": 2.1101560592651367}, "current_params": {"N": 300, "b": 0.4851222324107936, "c": 0.7862065772023162, "iss": 0.9, "lr": 0.0014177396827006795, "reg": 0.1009631117626012, "sr": 0.014119886287159428}}