{"returned_dict": {"loss": 0.03489489480853081, "r2": 0.03489489480853081, "status": "ok", "start_time": 1671741326.0085351, "duration": 2.020641326904297}, "current_params": {"N": 100, "b": 0.3738764574438827, "c": 0.1436083527094955, "iss": 0.9, "lr": 0.07128243944571559, "reg": 0.11848435957142302, "sr": 1.4026935089981447}}