{"returned_dict": {"loss": 0.033312514424324036, "r2": 0.033312514424324036, "status": "ok", "start_time": 1671738023.0793679, "duration": 2.058074951171875}, "current_params": {"N": 200, "b": 0.8507423168656332, "c": 0.11893736060894118, "iss": 0.9, "lr": 0.05249770316208663, "reg": 0.25540104286606347, "sr": 0.5758882515691071}}