{"returned_dict": {"loss": 0.03312987461686134, "r2": 0.03312987461686134, "status": "ok", "start_time": 1671741347.7085536, "duration": 2.041757583618164}, "current_params": {"N": 100, "b": 0.5859443862380757, "c": 0.44847929710035056, "iss": 0.9, "lr": 0.448517999492524, "reg": 0.41698362228047275, "sr": 6.51111562474364}}