{"returned_dict": {"loss": 0.030136549845337868, "r2": 0.030136549845337868, "status": "ok", "start_time": 1671737522.2363188, "duration": 2.046157121658325}, "current_params": {"N": 100, "b": 0.5856040224311403, "c": 0.8564167466944351, "iss": 0.9, "lr": 0.01313978174667569, "reg": 0.6909766566376944, "sr": 0.18658183701753264}}