{"returned_dict": {"loss": 0.030071506276726723, "r2": 0.030071506276726723, "status": "ok", "start_time": 1671737679.3529258, "duration": 1.9665040969848633}, "current_params": {"N": 200, "b": 0.29965786781481785, "c": 0.16189386865149674, "iss": 0.9, "lr": 0.0077355403142878795, "reg": 0.8127461507562608, "sr": 0.026761175701104346}}