{"returned_dict": {"loss": 0.03795533627271652, "r2": 0.03795533627271652, "status": "ok", "start_time": 1671738363.9056284, "duration": 1.97011137008667}, "current_params": {"N": 100, "b": 0.581172693085933, "c": 0.5214868731068342, "iss": 0.9, "lr": 0.0012065082929866335, "reg": 0.9425000543265661, "sr": 2.6083920840979036}}