{"returned_dict": {"loss": 0.035570334643125534, "r2": 0.035570334643125534, "status": "ok", "start_time": 1671745240.0151758, "duration": 2.221839666366577}, "current_params": {"N": 100, "b": 0.3536485954186093, "c": 0.1555059268458777, "iss": 0.9, "lr": 0.26170469884206, "reg": 0.2507608239009111, "sr": 1.545546388996287}}