{"returned_dict": {"loss": 0.03520483896136284, "r2": 0.03520483896136284, "status": "ok", "start_time": 1671738276.9026506, "duration": 2.0445854663848877}, "current_params": {"N": 200, "b": 0.3897544244351114, "c": 0.2033517965982081, "iss": 0.9, "lr": 0.9337516329319143, "reg": 0.49315015713495064, "sr": 0.01804880737849882}}