{"returned_dict": {"loss": 0.03545520827174187, "r2": 0.03545520827174187, "status": "ok", "start_time": 1671740460.0734422, "duration": 2.1820361614227295}, "current_params": {"N": 300, "b": 0.3645108506646468, "c": 0.3647243450424229, "iss": 0.9, "lr": 0.12251552188440558, "reg": 0.5410339403941541, "sr": 1.2762603556197225}}