{"returned_dict": {"loss": 0.03533446788787842, "r2": 0.03533446788787842, "status": "ok", "start_time": 1671740121.384368, "duration": 2.2745091915130615}, "current_params": {"N": 300, "b": 0.3738764574438827, "c": 0.1436083527094955, "iss": 0.9, "lr": 0.07128243944571559, "reg": 0.11848435957142302, "sr": 1.4026935089981447}}