{"returned_dict": {"loss": 0.035647135227918625, "r2": 0.035647135227918625, "status": "ok", "start_time": 1671741422.5581098, "duration": 2.022045850753784}, "current_params": {"N": 100, "b": 0.2512802225501327, "c": 0.3981276244369864, "iss": 0.9, "lr": 0.6571588388986349, "reg": 0.7763390806179593, "sr": 1.6718218854413158}}