{"returned_dict": {"loss": 0.030413880944252014, "r2": 0.030413880944252014, "status": "ok", "start_time": 1671737975.0429919, "duration": 2.034139394760132}, "current_params": {"N": 100, "b": 0.10933866243880748, "c": 0.22437109653143728, "iss": 0.9, "lr": 0.021902116904373225, "reg": 0.17278832040305017, "sr": 0.03609545015641733}}