{"returned_dict": {"loss": 0.031169021502137184, "r2": 0.031169021502137184, "status": "ok", "start_time": 1671738037.447936, "duration": 2.030388116836548}, "current_params": {"N": 200, "b": 0.5732480664253579, "c": 0.5346337908209828, "iss": 0.9, "lr": 0.027021999349145943, "reg": 0.25190241150600984, "sr": 0.02527383294518059}}