{"returned_dict": {"loss": 0.03875502571463585, "r2": 0.03875502571463585, "status": "ok", "start_time": 1671740560.6424184, "duration": 2.1593258380889893}, "current_params": {"N": 300, "b": 0.2541972532188809, "c": 0.6895033857929539, "iss": 0.9, "lr": 0.002206362162974575, "reg": 0.10664898129058091, "sr": 3.4772306917803766}}