{"returned_dict": {"loss": 0.03262944146990776, "r2": 0.03262944146990776, "status": "ok", "start_time": 1671742143.2400746, "duration": 2.1169371604919434}, "current_params": {"N": 100, "b": 0.22316863952863536, "c": 0.3590805052366266, "iss": 0.9, "lr": 0.02844879018572424, "reg": 0.10423236923266309, "sr": 1.0371443672372385}}