{"returned_dict": {"loss": 0.030476456508040428, "r2": 0.030476456508040428, "status": "ok", "start_time": 1671740354.4069061, "duration": 2.0773251056671143}, "current_params": {"N": 100, "b": 0.7188209594317355, "c": 0.37530629706144664, "iss": 0.9, "lr": 0.0025679857977144393, "reg": 0.15273380672846437, "sr": 1.1502109023745357}}