{"returned_dict": {"loss": 0.035589251667261124, "r2": 0.035589251667261124, "status": "ok", "start_time": 1671738447.3382719, "duration": 2.081676721572876}, "current_params": {"N": 300, "b": 0.22508451714199343, "c": 0.4735822266782431, "iss": 0.9, "lr": 0.3222901380171819, "reg": 0.10670640757092822, "sr": 0.21455493757097396}}