{"returned_dict": {"loss": 0.036458440124988556, "r2": 0.036458440124988556, "status": "ok", "start_time": 1671737766.3390129, "duration": 2.137040853500366}, "current_params": {"N": 300, "b": 0.15054809356270255, "c": 0.5849508750505626, "iss": 0.9, "lr": 0.5744555263071301, "reg": 0.2057495381674696, "sr": 1.8759964593517808}}