{"returned_dict": {"loss": 0.030110230669379234, "r2": 0.030110230669379234, "status": "ok", "start_time": 1671737923.4932523, "duration": 2.088771343231201}, "current_params": {"N": 200, "b": 0.4402560747899121, "c": 0.6506484727694951, "iss": 0.9, "lr": 0.0046026691334718475, "reg": 0.24146592305365847, "sr": 0.030588501463437313}}