{"returned_dict": {"loss": 0.03231552988290787, "r2": 0.03231552988290787, "status": "ok", "start_time": 1671742330.2696242, "duration": 2.122459888458252}, "current_params": {"N": 100, "b": 0.41688132093513397, "c": 0.1165060156804446, "iss": 0.9, "lr": 0.002385000819432965, "reg": 0.26646094538783094, "sr": 1.5371874396083662}}