{"returned_dict": {"loss": 0.03024342656135559, "r2": 0.03024342656135559, "status": "ok", "start_time": 1671738072.401178, "duration": 2.1920371055603027}, "current_params": {"N": 300, "b": 0.22956097638932255, "c": 0.11626357542286822, "iss": 0.9, "lr": 0.010488505278647926, "reg": 0.12294300024692131, "sr": 0.12531245967312044}}