{"returned_dict": {"loss": 0.03534062206745148, "r2": 0.03534062206745148, "status": "ok", "start_time": 1671737478.3745246, "duration": 2.184842824935913}, "current_params": {"N": 300, "b": 0.3665122802853828, "c": 0.11479849355977963, "iss": 0.9, "lr": 0.38264094967620665, "reg": 0.40574124937936856, "sr": 0.07966435869333038}}