{"returned_dict": {"loss": 0.034244928508996964, "r2": 0.034244928508996964, "status": "ok", "start_time": 1671738395.079354, "duration": 2.063066005706787}, "current_params": {"N": 200, "b": 0.36655984531074254, "c": 0.6138675783852107, "iss": 0.9, "lr": 0.04138018486863133, "reg": 0.18864541061654583, "sr": 1.4333907803346713}}