{"returned_dict": {"loss": 0.035205189138650894, "r2": 0.035205189138650894, "status": "ok", "start_time": 1671738367.995102, "duration": 2.038907527923584}, "current_params": {"N": 200, "b": 0.2991278087174283, "c": 0.18213645157412894, "iss": 0.9, "lr": 0.774706809513997, "reg": 0.4340446417402504, "sr": 0.14880790434688573}}