{"returned_dict": {"loss": 0.03538200631737709, "r2": 0.03538200631737709, "status": "ok", "start_time": 1671737612.417577, "duration": 2.148488998413086}, "current_params": {"N": 300, "b": 0.3573397562497969, "c": 0.20162535125264183, "iss": 0.9, "lr": 0.27036282441620346, "reg": 0.6079117397902739, "sr": 0.040499596183843}}