{"returned_dict": {"loss": 0.030192384496331215, "r2": 0.030192384496331215, "status": "ok", "start_time": 1671737537.080846, "duration": 2.0782361030578613}, "current_params": {"N": 300, "b": 0.7799546427348932, "c": 0.15360340985588955, "iss": 0.9, "lr": 0.008316425906674767, "reg": 0.451455391619245, "sr": 0.027458137949129522}}