{"returned_dict": {"loss": 0.03549197316169739, "r2": 0.03549197316169739, "status": "ok", "start_time": 1671740443.2084837, "duration": 2.0883657932281494}, "current_params": {"N": 200, "b": 0.10399559906997562, "c": 0.3514116347800789, "iss": 0.9, "lr": 0.1927391235133892, "reg": 0.16599826974275553, "sr": 1.1998947910299886}}