{"returned_dict": {"loss": 0.03554834425449371, "r2": 0.03554834425449371, "status": "ok", "start_time": 1671740119.0414286, "duration": 2.3389499187469482}, "current_params": {"N": 300, "b": 0.3665122802853828, "c": 0.11479849355977963, "iss": 0.9, "lr": 0.38264094967620665, "reg": 0.40574124937936856, "sr": 1.9971990683331453}}