{"returned_dict": {"loss": 0.03476489707827568, "r2": 0.03476489707827568, "status": "ok", "start_time": 1671737551.6698139, "duration": 2.01267671585083}, "current_params": {"N": 100, "b": 0.2512802225501327, "c": 0.3981276244369864, "iss": 0.9, "lr": 0.6571588388986349, "reg": 0.7763390806179593, "sr": 0.046727228044946535}}