{"returned_dict": {"loss": 0.03529283031821251, "r2": 0.03529283031821251, "status": "ok", "start_time": 1671737665.1293983, "duration": 2.086787223815918}, "current_params": {"N": 200, "b": 0.15444049945520633, "c": 0.9238047468820222, "iss": 0.9, "lr": 0.5494681828865381, "reg": 0.1104603834948258, "sr": 0.01418389479892628}}