{"returned_dict": {"loss": 0.03030143864452839, "r2": 0.03030143864452839, "status": "ok", "start_time": 1671738090.8421931, "duration": 2.0952188968658447}, "current_params": {"N": 300, "b": 0.7390073520299196, "c": 0.14993052666549397, "iss": 0.9, "lr": 0.005013471331903317, "reg": 0.37364706030846073, "sr": 0.21850231791929636}}