{"returned_dict": {"loss": 0.03384876623749733, "r2": 0.03384876623749733, "status": "ok", "start_time": 1671741722.2050047, "duration": 2.1390347480773926}, "current_params": {"N": 100, "b": 0.1775879279618871, "c": 0.5862916152847885, "iss": 0.9, "lr": 0.43906883802329805, "reg": 0.2497473978040132, "sr": 4.218625202081634}}