{"returned_dict": {"loss": 0.03383148834109306, "r2": 0.03383148834109306, "status": "ok", "start_time": 1671740445.3028357, "duration": 2.0936574935913086}, "current_params": {"N": 200, "b": 0.6466735422122148, "c": 0.1884659390429127, "iss": 0.9, "lr": 0.062196381712238125, "reg": 0.7685036278184737, "sr": 1.0453483209116388}}