{"returned_dict": {"loss": 0.03546912968158722, "r2": 0.03546912968158722, "status": "ok", "start_time": 1671737555.732875, "duration": 2.0305941104888916}, "current_params": {"N": 100, "b": 0.7646236276377149, "c": 0.7884491009935268, "iss": 0.9, "lr": 0.1298405957476471, "reg": 0.13776483095293854, "sr": 0.31053168027287703}}