{"returned_dict": {"loss": 0.0311746746301651, "r2": 0.0311746746301651, "status": "ok", "start_time": 1671740428.3590326, "duration": 2.190458297729492}, "current_params": {"N": 300, "b": 0.6235117037324777, "c": 0.16404610050705865, "iss": 0.9, "lr": 0.012213382575706437, "reg": 0.17187170454456094, "sr": 1.163914694549101}}