{"returned_dict": {"loss": 0.035259563475847244, "r2": 0.035259563475847244, "status": "ok", "start_time": 1671737553.6859927, "duration": 2.043891191482544}, "current_params": {"N": 200, "b": 0.6985159660216421, "c": 0.3010233042103805, "iss": 0.9, "lr": 0.4166356911062449, "reg": 0.3859308227208672, "sr": 0.14848409471568397}}