{"returned_dict": {"loss": 0.03585866093635559, "r2": 0.03585866093635559, "status": "ok", "start_time": 1671737526.41445, "duration": 2.204395294189453}, "current_params": {"N": 300, "b": 0.6751747509741388, "c": 0.7318207026550549, "iss": 0.9, "lr": 0.6156368875066841, "reg": 0.18762863498422364, "sr": 1.6722388684853167}}