{"returned_dict": {"loss": 0.03010430373251438, "r2": 0.03010430373251438, "status": "ok", "start_time": 1671737993.7215455, "duration": 2.0524704456329346}, "current_params": {"N": 300, "b": 0.13336741313666323, "c": 0.7059116588922302, "iss": 0.9, "lr": 0.003205017806363386, "reg": 0.1335260089909686, "sr": 0.21640452274354277}}