{"returned_dict": {"loss": 0.03520532324910164, "r2": 0.03520532324910164, "status": "ok", "start_time": 1671738012.5366614, "duration": 2.139796495437622}, "current_params": {"N": 300, "b": 0.24231718053135512, "c": 0.5035333162886751, "iss": 0.9, "lr": 0.06852848147461756, "reg": 0.37674456949221685, "sr": 1.4590002238161466}}