{"returned_dict": {"loss": 0.03543916344642639, "r2": 0.03543916344642639, "status": "ok", "start_time": 1671737576.8644636, "duration": 2.050358533859253}, "current_params": {"N": 300, "b": 0.5548490199767099, "c": 0.13886098660281398, "iss": 0.9, "lr": 0.5516837456874328, "reg": 0.2331353845647389, "sr": 0.19314984042342626}}