{"returned_dict": {"loss": 0.035529110580682755, "r2": 0.035529110580682755, "status": "ok", "start_time": 1671744763.3157911, "duration": 2.1649913787841797}, "current_params": {"N": 100, "b": 0.5966301811482172, "c": 0.2800772268990516, "iss": 0.9, "lr": 0.3682245588875041, "reg": 0.5802777942221449, "sr": 1.329168134856491}}