{"returned_dict": {"loss": 0.030154628679156303, "r2": 0.030154628679156303, "status": "ok", "start_time": 1671738355.6272213, "duration": 2.2001793384552}, "current_params": {"N": 200, "b": 0.48092079663087367, "c": 0.1116018876867025, "iss": 0.9, "lr": 0.009783113995213916, "reg": 0.4090771205531145, "sr": 0.08092219295428531}}