{"returned_dict": {"loss": 0.035085733979940414, "r2": 0.035085733979940414, "status": "ok", "start_time": 1671737491.048876, "duration": 2.125493049621582}, "current_params": {"N": 300, "b": 0.1379780996372862, "c": 0.21725998201289184, "iss": 0.9, "lr": 0.17543139583076803, "reg": 0.6762225239642596, "sr": 0.015590519612759524}}