{"returned_dict": {"loss": 0.03436863794922829, "r2": 0.03436863794922829, "status": "ok", "start_time": 1671744801.3020062, "duration": 2.310209274291992}, "current_params": {"N": 100, "b": 0.7999912132586771, "c": 0.36551287072476213, "iss": 0.9, "lr": 0.08451910338656304, "reg": 0.225716081107576, "sr": 1.2701108724184307}}