{"returned_dict": {"loss": 0.03553237393498421, "r2": 0.03553237393498421, "status": "ok", "start_time": 1671737865.4002688, "duration": 1.9753682613372803}, "current_params": {"N": 100, "b": 0.673674336935718, "c": 0.4038911302253681, "iss": 0.9, "lr": 0.4865716163619631, "reg": 0.5692572210476212, "sr": 1.367163082884632}}