{"returned_dict": {"loss": 0.032665401697158813, "r2": 0.032665401697158813, "status": "ok", "start_time": 1671741958.9637156, "duration": 2.1295418739318848}, "current_params": {"N": 100, "b": 0.42532190259218045, "c": 0.483491055287576, "iss": 0.9, "lr": 0.03731812816903053, "reg": 0.5498411249342325, "sr": 1.4175934979541347}}