{"returned_dict": {"loss": 0.03487865999341011, "r2": 0.03487865999341011, "status": "ok", "start_time": 1671738047.6513844, "duration": 2.0258936882019043}, "current_params": {"N": 200, "b": 0.7607247853471313, "c": 0.10187142939203417, "iss": 0.9, "lr": 0.09308548117509577, "reg": 0.26618181010272873, "sr": 0.14315916370205659}}