{"returned_dict": {"loss": 0.03059563785791397, "r2": 0.03059563785791397, "status": "ok", "start_time": 1671737599.7622008, "duration": 2.078073740005493}, "current_params": {"N": 300, "b": 0.3611735838365703, "c": 0.19393864224790094, "iss": 0.9, "lr": 0.0012105913148246156, "reg": 0.21170079608340778, "sr": 0.07964860203040938}}