{"returned_dict": {"loss": 0.03948356211185455, "r2": 0.03948356211185455, "status": "ok", "start_time": 1671741638.2046056, "duration": 2.1723992824554443}, "current_params": {"N": 100, "b": 0.1271069100346036, "c": 0.5443903896539936, "iss": 0.9, "lr": 0.03687802163588743, "reg": 0.7929480659205592, "sr": 1.6297521494036173}}