{"returned_dict": {"loss": 0.03477488458156586, "r2": 0.03477488458156586, "status": "ok", "start_time": 1671740455.9757388, "duration": 2.042276382446289}, "current_params": {"N": 200, "b": 0.3455526162202248, "c": 0.18592793632987165, "iss": 0.9, "lr": 0.0839574815743966, "reg": 0.8444140104282702, "sr": 1.1750315648639347}}