{"returned_dict": {"loss": 0.03025764971971512, "r2": 0.03025764971971512, "status": "ok", "start_time": 1671737885.9412029, "duration": 2.083616256713867}, "current_params": {"N": 100, "b": 0.8060660847829124, "c": 0.2569094910982843, "iss": 0.9, "lr": 0.003188301860373708, "reg": 0.15778449323144306, "sr": 0.050704131972421025}}