{"returned_dict": {"loss": 0.03282454237341881, "r2": 0.03282454237341881, "status": "ok", "start_time": 1671737902.5761247, "duration": 2.080842971801758}, "current_params": {"N": 300, "b": 0.1958151011028327, "c": 0.2129049741277261, "iss": 0.9, "lr": 0.04187826112620037, "reg": 0.6195864281245477, "sr": 0.04954431527491}}