{"returned_dict": {"loss": 0.03390762209892273, "r2": 0.03390762209892273, "status": "ok", "start_time": 1671738422.2513077, "duration": 2.088484287261963}, "current_params": {"N": 300, "b": 0.10849044432467347, "c": 0.6143571467292832, "iss": 0.9, "lr": 0.038575683385907014, "reg": 0.22372817213195534, "sr": 0.031197796166913896}}