{"returned_dict": {"loss": 0.03558006510138512, "r2": 0.03558006510138512, "status": "ok", "start_time": 1671737681.3279223, "duration": 1.9152567386627197}, "current_params": {"N": 100, "b": 0.22287638455265568, "c": 0.16921591487206358, "iss": 0.9, "lr": 0.5068843153791185, "reg": 0.10831074380988184, "sr": 1.2556711601352721}}