{"returned_dict": {"loss": 0.03007616102695465, "r2": 0.03007616102695465, "status": "ok", "start_time": 1671737843.4506555, "duration": 2.031792163848877}, "current_params": {"N": 100, "b": 0.39839486600317464, "c": 0.3548712659629885, "iss": 0.9, "lr": 0.005273335540171085, "reg": 0.1260286049721552, "sr": 0.399368411115016}}