{"returned_dict": {"loss": 0.03523770347237587, "r2": 0.03523770347237587, "status": "ok", "start_time": 1671740411.3463058, "duration": 2.0328409671783447}, "current_params": {"N": 100, "b": 0.777047318901601, "c": 0.2908217657460501, "iss": 0.9, "lr": 0.15565915444812778, "reg": 0.6203986159558406, "sr": 1.743376121651141}}