{"returned_dict": {"loss": 0.03900216147303581, "r2": 0.03900216147303581, "status": "ok", "start_time": 1671740935.7585576, "duration": 2.2480809688568115}, "current_params": {"N": 300, "b": 0.9043259728402443, "c": 0.12242753732805128, "iss": 0.9, "lr": 0.49548956757009177, "reg": 0.5971856130109828, "sr": 8.881947204781438}}