{"returned_dict": {"loss": 0.03429097309708595, "r2": 0.03429097309708595, "status": "ok", "start_time": 1671737754.0771441, "duration": 1.9455029964447021}, "current_params": {"N": 100, "b": 0.777047318901601, "c": 0.2908217657460501, "iss": 0.9, "lr": 0.15565915444812778, "reg": 0.6203986159558406, "sr": 0.05298748174805132}}