{"returned_dict": {"loss": 0.03450118005275726, "r2": 0.03450118005275726, "status": "ok", "start_time": 1671741562.6856618, "duration": 2.2218878269195557}, "current_params": {"N": 100, "b": 0.982769185300499, "c": 0.22233734934549945, "iss": 0.9, "lr": 0.09201940994765088, "reg": 0.3855145376295804, "sr": 1.5057627815663117}}