{"returned_dict": {"loss": 0.039259281009435654, "r2": 0.039259281009435654, "status": "ok", "start_time": 1671741766.2835171, "duration": 2.197313070297241}, "current_params": {"N": 100, "b": 0.11987796576865244, "c": 0.37999338105832325, "iss": 0.9, "lr": 0.001358642199806875, "reg": 0.16401402663548173, "sr": 7.423310127514024}}