{"returned_dict": {"loss": 0.030112648382782936, "r2": 0.030112648382782936, "status": "ok", "start_time": 1671738318.2246163, "duration": 2.01959490776062}, "current_params": {"N": 100, "b": 0.23232198498959236, "c": 0.8398860319280076, "iss": 0.9, "lr": 0.013986023182451174, "reg": 0.6565468447026389, "sr": 0.18742386798902716}}