{"returned_dict": {"loss": 0.03506019711494446, "r2": 0.03506019711494446, "status": "ok", "start_time": 1671740957.8375137, "duration": 2.204613447189331}, "current_params": {"N": 200, "b": 0.17059253181090905, "c": 0.3326145575379093, "iss": 0.9, "lr": 0.05852580969635415, "reg": 0.11866837658511009, "sr": 1.1045549791931781}}