{"returned_dict": {"loss": 0.03461175784468651, "r2": 0.03461175784468651, "status": "ok", "start_time": 1671741998.7848215, "duration": 2.077943801879883}, "current_params": {"N": 100, "b": 0.7776300739152326, "c": 0.7206629882077169, "iss": 0.9, "lr": 0.3330371476171366, "reg": 0.6132040064315752, "sr": 7.04100283091821}}