{"returned_dict": {"loss": 0.03593188896775246, "r2": 0.03593188896775246, "status": "ok", "start_time": 1671738305.7735045, "duration": 2.1938693523406982}, "current_params": {"N": 300, "b": 0.15299617866108467, "c": 0.2870887187976614, "iss": 0.9, "lr": 0.6516118163952263, "reg": 0.45533478456626786, "sr": 1.38263257910108}}