{"returned_dict": {"loss": 0.035613223910331726, "r2": 0.035613223910331726, "status": "ok", "start_time": 1671741024.7073739, "duration": 2.270815372467041}, "current_params": {"N": 300, "b": 0.24845112935389715, "c": 0.2468302794101556, "iss": 0.9, "lr": 0.10048846499619314, "reg": 0.12094895011278561, "sr": 1.1697491615104156}}