{"returned_dict": {"loss": 0.03497837856411934, "r2": 0.03497837856411934, "status": "ok", "start_time": 1671741457.7567842, "duration": 2.0708441734313965}, "current_params": {"N": 100, "b": 0.1795236177703398, "c": 0.5101731969792479, "iss": 0.9, "lr": 0.08645762464145056, "reg": 0.11368727785747672, "sr": 1.1174428583369553}}