{"returned_dict": {"loss": 0.03004871867597103, "r2": 0.03004871867597103, "status": "ok", "start_time": 1671737701.2471862, "duration": 1.9443299770355225}, "current_params": {"N": 100, "b": 0.7188209594317355, "c": 0.37530629706144664, "iss": 0.9, "lr": 0.0025679857977144393, "reg": 0.15273380672846437, "sr": 0.015217119086357022}}