{"returned_dict": {"loss": 0.037757206708192825, "r2": 0.037757206708192825, "status": "ok", "start_time": 1671744978.9411047, "duration": 2.1408891677856445}, "current_params": {"N": 100, "b": 0.24511409857248895, "c": 0.8726492315364878, "iss": 0.9, "lr": 0.3594469868947467, "reg": 0.16176923357804016, "sr": 4.568210435310259}}