{"returned_dict": {"loss": 0.03043503873050213, "r2": 0.03043503873050213, "status": "ok", "start_time": 1671738365.8812244, "duration": 2.108891248703003}, "current_params": {"N": 100, "b": 0.4774360708517919, "c": 0.6676509862868135, "iss": 0.9, "lr": 0.026081964156559757, "reg": 0.8401351218523034, "sr": 0.2869438238307667}}