{"returned_dict": {"loss": 0.0345068983733654, "r2": 0.0345068983733654, "status": "ok", "start_time": 1671740577.872575, "duration": 2.118605613708496}, "current_params": {"N": 200, "b": 0.6932218580079781, "c": 0.24839233284726012, "iss": 0.9, "lr": 0.5983891337174984, "reg": 0.2143422697685973, "sr": 3.710286814255136}}