{"returned_dict": {"loss": 0.03590165451169014, "r2": 0.03590165451169014, "status": "ok", "start_time": 1671738105.470354, "duration": 2.0081470012664795}, "current_params": {"N": 100, "b": 0.7776300739152326, "c": 0.7206629882077169, "iss": 0.9, "lr": 0.3330371476171366, "reg": 0.6132040064315752, "sr": 3.4906279095526336}}