{"returned_dict": {"loss": 0.03612997382879257, "r2": 0.03612997382879257, "status": "ok", "start_time": 1671741670.6342907, "duration": 2.1081275939941406}, "current_params": {"N": 100, "b": 0.10167901658686072, "c": 0.10988496308044099, "iss": 0.9, "lr": 0.36595128156807905, "reg": 0.8004150405077534, "sr": 3.361313976821718}}