{"returned_dict": {"loss": 0.033443715423345566, "r2": 0.033443715423345566, "status": "ok", "start_time": 1671738237.4303186, "duration": 1.9847674369812012}, "current_params": {"N": 100, "b": 0.14287757007260266, "c": 0.22891187274106323, "iss": 0.9, "lr": 0.06542938974102926, "reg": 0.44872428104591155, "sr": 0.5932355590499047}}