{"returned_dict": {"loss": 0.03911658003926277, "r2": 0.03911658003926277, "status": "ok", "start_time": 1671744981.0906475, "duration": 2.181259870529175}, "current_params": {"N": 100, "b": 0.5180783036392181, "c": 0.12951615898742327, "iss": 0.9, "lr": 0.0017394860367737678, "reg": 0.13502775943648473, "sr": 1.712194228432287}}