{"returned_dict": {"loss": 0.03606307879090309, "r2": 0.03606307879090309, "status": "ok", "start_time": 1671740779.3688982, "duration": 2.1315622329711914}, "current_params": {"N": 200, "b": 0.2819386119135461, "c": 0.14746411986111918, "iss": 0.9, "lr": 0.5155379536211393, "reg": 0.10282547820155967, "sr": 5.951357385430863}}