{"returned_dict": {"loss": 0.03513011708855629, "r2": 0.03513011708855629, "status": "ok", "start_time": 1671737604.0338228, "duration": 2.1441187858581543}, "current_params": {"N": 300, "b": 0.15988334745098587, "c": 0.3137526367160963, "iss": 0.9, "lr": 0.314305490263062, "reg": 0.5894817326458355, "sr": 0.09169361093299348}}