{"returned_dict": {"loss": 0.035254526883363724, "r2": 0.035254526883363724, "status": "ok", "start_time": 1671737669.293969, "duration": 1.9619677066802979}, "current_params": {"N": 100, "b": 0.7686790134349943, "c": 0.2506735287264847, "iss": 0.9, "lr": 0.22792506761886536, "reg": 0.3183930461193885, "sr": 0.13048071254874868}}