{"returned_dict": {"loss": 0.03299384564161301, "r2": 0.03299384564161301, "status": "ok", "start_time": 1671742323.6835678, "duration": 2.146543264389038}, "current_params": {"N": 100, "b": 0.10849044432467347, "c": 0.6143571467292832, "iss": 0.9, "lr": 0.038575683385907014, "reg": 0.22372817213195534, "sr": 1.461194309043182}}