{"returned_dict": {"loss": 0.03548156097531319, "r2": 0.03548156097531319, "status": "ok", "start_time": 1671738193.5954604, "duration": 2.1158030033111572}, "current_params": {"N": 300, "b": 0.27620249723387647, "c": 0.732233808252214, "iss": 0.9, "lr": 0.3425453722361442, "reg": 0.4083066031241597, "sr": 0.39989781383032236}}