{"returned_dict": {"loss": 0.03016466647386551, "r2": 0.03016466647386551, "status": "ok", "start_time": 1671738430.5048327, "duration": 2.0777313709259033}, "current_params": {"N": 200, "b": 0.519742693837922, "c": 0.5565817218208267, "iss": 0.9, "lr": 0.009790643578971699, "reg": 0.41504532316280984, "sr": 0.011302179906841427}}