{"returned_dict": {"loss": 0.03055531345307827, "r2": 0.03055531345307827, "status": "ok", "start_time": 1671737737.7428546, "duration": 2.091996669769287}, "current_params": {"N": 300, "b": 0.5180783036392181, "c": 0.12951615898742327, "iss": 0.9, "lr": 0.0017394860367737678, "reg": 0.13502775943648473, "sr": 0.05019484139736029}}