{"returned_dict": {"loss": 0.03293837606906891, "r2": 0.03293837606906891, "status": "ok", "start_time": 1671740739.0262015, "duration": 2.158374071121216}, "current_params": {"N": 200, "b": 0.42532190259218045, "c": 0.483491055287576, "iss": 0.9, "lr": 0.03731812816903053, "reg": 0.5498411249342325, "sr": 1.4175934979541347}}