{"returned_dict": {"loss": 0.0300047155469656, "r2": 0.0300047155469656, "status": "ok", "start_time": 1671741397.6634948, "duration": 2.1001055240631104}, "current_params": {"N": 100, "b": 0.6751747509741388, "c": 0.7318207026550549, "iss": 0.9, "lr": 0.6156368875066841, "reg": 0.18762863498422364, "sr": 5.509338260967064}}