{"returned_dict": {"loss": 0.03498013690114021, "r2": 0.03498013690114021, "status": "ok", "start_time": 1671741813.6233633, "duration": 2.102938413619995}, "current_params": {"N": 100, "b": 0.4402560747899121, "c": 0.6506484727694951, "iss": 0.9, "lr": 0.0046026691334718475, "reg": 0.24146592305365847, "sr": 1.4516193001694793}}