{"returned_dict": {"loss": 0.03528609871864319, "r2": 0.03528609871864319, "status": "ok", "start_time": 1671738097.1181247, "duration": 2.0610408782958984}, "current_params": {"N": 300, "b": 0.11248005126838483, "c": 0.7517792533952482, "iss": 0.9, "lr": 0.08420155059625796, "reg": 0.17667797575638816, "sr": 0.35178382756783116}}