{"returned_dict": {"loss": 0.034370940178632736, "r2": 0.034370940178632736, "status": "ok", "start_time": 1671742405.7128723, "duration": 2.0788841247558594}, "current_params": {"N": 100, "b": 0.11346977451934814, "c": 0.1434883347389886, "iss": 0.9, "lr": 0.03954094259084247, "reg": 0.15481662550110942, "sr": 1.797129636527508}}