{"returned_dict": {"loss": 0.03027629293501377, "r2": 0.03027629293501377, "status": "ok", "start_time": 1671741408.045372, "duration": 2.042862892150879}, "current_params": {"N": 100, "b": 0.7799546427348932, "c": 0.15360340985588955, "iss": 0.9, "lr": 0.008316425906674767, "reg": 0.451455391619245, "sr": 1.4003084005812518}}