{"returned_dict": {"loss": 0.03194301202893257, "r2": 0.03194301202893257, "status": "ok", "start_time": 1671740331.1253319, "duration": 2.1136252880096436}, "current_params": {"N": 200, "b": 0.29965786781481785, "c": 0.16189386865149674, "iss": 0.9, "lr": 0.0077355403142878795, "reg": 0.8127461507562608, "sr": 1.3883588397812614}}