{"returned_dict": {"loss": 0.03052917867898941, "r2": 0.03052917867898941, "status": "ok", "start_time": 1671741138.56016, "duration": 2.253356456756592}, "current_params": {"N": 300, "b": 0.996207477338563, "c": 0.9848687413300607, "iss": 0.9, "lr": 0.00776502341393606, "reg": 0.20324772066149888, "sr": 1.2313595723617874}}