{"returned_dict": {"loss": 0.03549632057547569, "r2": 0.03549632057547569, "status": "ok", "start_time": 1671737845.485656, "duration": 2.0071749687194824}, "current_params": {"N": 200, "b": 0.9012034554769001, "c": 0.39206345917935004, "iss": 0.9, "lr": 0.838222159127335, "reg": 0.272237312978545, "sr": 0.7323231724059849}}