{"returned_dict": {"loss": 0.03505514934659004, "r2": 0.03505514934659004, "status": "ok", "start_time": 1671738027.1322706, "duration": 2.1152780055999756}, "current_params": {"N": 300, "b": 0.2093318713689193, "c": 0.9941508041407667, "iss": 0.9, "lr": 0.4657415882979354, "reg": 0.7089950924039502, "sr": 0.055209309006115065}}