{"returned_dict": {"loss": 0.03451089933514595, "r2": 0.03451089933514595, "status": "ok", "start_time": 1671738502.2723274, "duration": 2.0989065170288086}, "current_params": {"N": 300, "b": 0.11346977451934814, "c": 0.1434883347389886, "iss": 0.9, "lr": 0.03954094259084247, "reg": 0.15481662550110942, "sr": 0.05804144533925399}}