{"returned_dict": {"loss": 0.03528741002082825, "r2": 0.03528741002082825, "status": "ok", "start_time": 1671740567.1095247, "duration": 2.177747964859009}, "current_params": {"N": 300, "b": 0.1958151011028327, "c": 0.2129049741277261, "iss": 0.9, "lr": 0.04187826112620037, "reg": 0.6195864281245477, "sr": 1.7047653524221096}}