{"returned_dict": {"loss": 0.03475581109523773, "r2": 0.03475581109523773, "status": "ok", "start_time": 1671740723.439694, "duration": 2.33400559425354}, "current_params": {"N": 300, "b": 0.11068606561852028, "c": 0.41219827396339326, "iss": 0.9, "lr": 0.04128270558230645, "reg": 0.1115446005837386, "sr": 1.1762912817113726}}