{"returned_dict": {"loss": 0.030471229925751686, "r2": 0.030471229925751686, "status": "ok", "start_time": 1671737570.4495962, "duration": 2.266357660293579}, "current_params": {"N": 300, "b": 0.48661918700375706, "c": 0.2877598019205282, "iss": 0.9, "lr": 0.008993216326780393, "reg": 0.4381232811916335, "sr": 1.0380577050822715}}