{"returned_dict": {"loss": 0.030256129801273346, "r2": 0.030256129801273346, "status": "ok", "start_time": 1671737497.286779, "duration": 2.1361026763916016}, "current_params": {"N": 300, "b": 0.8936240981280368, "c": 0.9011154723582826, "iss": 0.9, "lr": 0.0063822566002939346, "reg": 0.10996648854671207, "sr": 0.012708968625748275}}