{"returned_dict": {"loss": 0.0353589691221714, "r2": 0.0353589691221714, "status": "ok", "start_time": 1671742059.4897177, "duration": 2.054818630218506}, "current_params": {"N": 100, "b": 0.8031369148529874, "c": 0.13004993406216114, "iss": 0.9, "lr": 0.3328433059013092, "reg": 0.13161079406331122, "sr": 1.0326860511537348}}