{"returned_dict": {"loss": 0.035576555877923965, "r2": 0.035576555877923965, "status": "ok", "start_time": 1671738128.4362175, "duration": 2.0742759704589844}, "current_params": {"N": 300, "b": 0.13953169933227896, "c": 0.6392004915761744, "iss": 0.9, "lr": 0.1617460461463609, "reg": 0.13821996076530607, "sr": 0.06685446091470325}}