{"returned_dict": {"loss": 0.030917717143893242, "r2": 0.030917717143893242, "status": "ok", "start_time": 1671741194.6785052, "duration": 2.162742853164673}, "current_params": {"N": 200, "b": 0.796138445601469, "c": 0.3867420762679411, "iss": 0.9, "lr": 0.00928539748962012, "reg": 0.5345224488983576, "sr": 1.7810509938424988}}