{"returned_dict": {"loss": 0.030224956572055817, "r2": 0.030224956572055817, "status": "ok", "start_time": 1671745117.8943532, "duration": 2.2158210277557373}, "current_params": {"N": 100, "b": 0.673674336935718, "c": 0.4038911302253681, "iss": 0.9, "lr": 0.4865716163619631, "reg": 0.5692572210476212, "sr": 5.151575956418541}}