{"returned_dict": {"loss": 0.035700954496860504, "r2": 0.035700954496860504, "status": "ok", "start_time": 1671737839.4202998, "duration": 2.0752158164978027}, "current_params": {"N": 300, "b": 0.1775879279618871, "c": 0.5862916152847885, "iss": 0.9, "lr": 0.43906883802329805, "reg": 0.2497473978040132, "sr": 0.7507802307193083}}