{"returned_dict": {"loss": 0.035459861159324646, "r2": 0.035459861159324646, "status": "ok", "start_time": 1671745058.3525343, "duration": 2.1646037101745605}, "current_params": {"N": 100, "b": 0.3286994131848394, "c": 0.17377867707074846, "iss": 0.9, "lr": 0.1475552952512268, "reg": 0.11185822769319897, "sr": 1.3287905483127265}}