{"returned_dict": {"loss": 0.0300576314330101, "r2": 0.0300576314330101, "status": "ok", "start_time": 1671738235.3857036, "duration": 2.039604663848877}, "current_params": {"N": 200, "b": 0.42149687948800735, "c": 0.14553021216659956, "iss": 0.9, "lr": 0.005312359771720888, "reg": 0.4718482957780721, "sr": 0.10190428012341364}}