{"returned_dict": {"loss": 0.035050880163908005, "r2": 0.035050880163908005, "status": "ok", "start_time": 1671738132.6964796, "duration": 2.112870216369629}, "current_params": {"N": 300, "b": 0.2713167771240334, "c": 0.29826716932542785, "iss": 0.9, "lr": 0.06557566363846862, "reg": 0.2690843397870629, "sr": 1.0448648121981419}}