{"returned_dict": {"loss": 0.030383164063096046, "r2": 0.030383164063096046, "status": "ok", "start_time": 1671737835.4312432, "duration": 1.94451904296875}, "current_params": {"N": 200, "b": 0.1444658150545725, "c": 0.41177434210486613, "iss": 0.9, "lr": 0.01646090380035458, "reg": 0.3917730305147618, "sr": 0.6672376898037002}}