{"returned_dict": {"loss": 0.03547898307442665, "r2": 0.03547898307442665, "status": "ok", "start_time": 1671740831.12138, "duration": 2.1328113079071045}, "current_params": {"N": 100, "b": 0.29812927086883206, "c": 0.9871003582394515, "iss": 0.9, "lr": 0.3433370565281825, "reg": 0.5971105166813662, "sr": 1.2192753989793015}}