{"returned_dict": {"loss": 0.0354224257171154, "r2": 0.0354224257171154, "status": "ok", "start_time": 1671745030.6763844, "duration": 2.142576217651367}, "current_params": {"N": 100, "b": 0.10399559906997562, "c": 0.3514116347800789, "iss": 0.9, "lr": 0.1927391235133892, "reg": 0.16599826974275553, "sr": 1.1998947910299886}}