{"returned_dict": {"loss": 0.03521711751818657, "r2": 0.03521711751818657, "status": "ok", "start_time": 1671738496.223617, "duration": 2.023610830307007}, "current_params": {"N": 300, "b": 0.1732737872804425, "c": 0.17459973329919917, "iss": 0.9, "lr": 0.8249901206449037, "reg": 0.3758394647945613, "sr": 0.0314616818451351}}