{"returned_dict": {"loss": 0.03547375649213791, "r2": 0.03547375649213791, "status": "ok", "start_time": 1671738109.5196028, "duration": 2.0405712127685547}, "current_params": {"N": 200, "b": 0.6558489940200704, "c": 0.18208244420215014, "iss": 0.9, "lr": 0.33324965048706023, "reg": 0.7503282083184079, "sr": 0.6818775411079766}}