{"returned_dict": {"loss": 0.034450992941856384, "r2": 0.034450992941856384, "status": "ok", "start_time": 1671738214.1424446, "duration": 2.0193557739257812}, "current_params": {"N": 200, "b": 0.82069170973121, "c": 0.792769824804352, "iss": 0.9, "lr": 0.08711686694860254, "reg": 0.30386480112810854, "sr": 0.22338470600418003}}