{"returned_dict": {"loss": 0.03546840324997902, "r2": 0.03546840324997902, "status": "ok", "start_time": 1671738153.633018, "duration": 2.1863207817077637}, "current_params": {"N": 300, "b": 0.29677904051746473, "c": 0.39744456476668394, "iss": 0.9, "lr": 0.12867995596580126, "reg": 0.4030939499507469, "sr": 0.13549890111117027}}