{"returned_dict": {"loss": 0.03466154634952545, "r2": 0.03466154634952545, "status": "ok", "start_time": 1671742162.787013, "duration": 2.1498823165893555}, "current_params": {"N": 100, "b": 0.7603555736462574, "c": 0.12483429611942473, "iss": 0.9, "lr": 0.4196746905216896, "reg": 0.8868765713663254, "sr": 3.371752125932826}}