{"returned_dict": {"loss": 0.03441706672310829, "r2": 0.03441706672310829, "status": "ok", "start_time": 1671742167.173898, "duration": 2.1427724361419678}, "current_params": {"N": 100, "b": 0.17059253181090905, "c": 0.3326145575379093, "iss": 0.9, "lr": 0.05852580969635415, "reg": 0.11866837658511009, "sr": 1.1045549791931781}}