{"returned_dict": {"loss": 0.03251490369439125, "r2": 0.03251490369439125, "status": "ok", "start_time": 1671737786.5292487, "duration": 1.953840732574463}, "current_params": {"N": 200, "b": 0.6466735422122148, "c": 0.1884659390429127, "iss": 0.9, "lr": 0.062196381712238125, "reg": 0.7685036278184737, "sr": 0.011423076308344373}}