{"returned_dict": {"loss": 0.030390625819563866, "r2": 0.030390625819563866, "status": "ok", "start_time": 1671740982.1447082, "duration": 2.2526328563690186}, "current_params": {"N": 300, "b": 0.11081573029853599, "c": 0.5164442363107706, "iss": 0.9, "lr": 0.0014310564717101193, "reg": 0.2855150722064059, "sr": 2.3990007390437}}