{"returned_dict": {"loss": 0.034627389162778854, "r2": 0.034627389162778854, "status": "ok", "start_time": 1671737585.2507992, "duration": 2.1311004161834717}, "current_params": {"N": 200, "b": 0.30413645603062983, "c": 0.16171469724981855, "iss": 0.9, "lr": 0.07729401267577381, "reg": 0.47627438340683814, "sr": 0.21210441974152222}}