{"returned_dict": {"loss": 0.03469058498740196, "r2": 0.03469058498740196, "status": "ok", "start_time": 1671738064.074235, "duration": 2.081660270690918}, "current_params": {"N": 100, "b": 0.1511166727585939, "c": 0.7273881714277636, "iss": 0.9, "lr": 0.4613025867734432, "reg": 0.5842496150977938, "sr": 0.03122221978385447}}