{"returned_dict": {"loss": 0.031424351036548615, "r2": 0.031424351036548615, "status": "ok", "start_time": 1671738059.7893615, "duration": 2.2123868465423584}, "current_params": {"N": 300, "b": 0.4307352382459176, "c": 0.38479763985031534, "iss": 0.9, "lr": 0.7203541244560187, "reg": 0.26989869805676514, "sr": 8.087807688772141}}