{"returned_dict": {"loss": 0.035238031297922134, "r2": 0.035238031297922134, "status": "ok", "start_time": 1671742173.5641763, "duration": 2.1377174854278564}, "current_params": {"N": 100, "b": 0.3897544244351114, "c": 0.2033517965982081, "iss": 0.9, "lr": 0.9337516329319143, "reg": 0.49315015713495064, "sr": 1.2175388747725577}}