{"returned_dict": {"loss": 0.03488941863179207, "r2": 0.03488941863179207, "status": "ok", "start_time": 1671738051.6174643, "duration": 2.186347007751465}, "current_params": {"N": 300, "b": 0.11068606561852028, "c": 0.41219827396339326, "iss": 0.9, "lr": 0.04128270558230645, "reg": 0.1115446005837386, "sr": 0.016275885822062013}}