{"returned_dict": {"loss": 0.035445064306259155, "r2": 0.035445064306259155, "status": "ok", "start_time": 1671744776.7076128, "duration": 2.2586262226104736}, "current_params": {"N": 100, "b": 0.24373502666682006, "c": 0.1329081380869878, "iss": 0.9, "lr": 0.35065431611638165, "reg": 0.5581838632787743, "sr": 1.0548985558871398}}