{"returned_dict": {"loss": 0.03776836767792702, "r2": 0.03776836767792702, "status": "ok", "start_time": 1671738264.34806, "duration": 2.0445406436920166}, "current_params": {"N": 200, "b": 0.10965924886552393, "c": 0.4362929713209454, "iss": 0.9, "lr": 0.1410548949238564, "reg": 0.2933547988411321, "sr": 1.8734175437527623}}