{"returned_dict": {"loss": 0.03510652855038643, "r2": 0.03510652855038643, "status": "ok", "start_time": 1671738174.7867112, "duration": 2.0886940956115723}, "current_params": {"N": 200, "b": 0.1570259208747479, "c": 0.16479148004952845, "iss": 0.9, "lr": 0.06668244556782627, "reg": 0.21205831375774, "sr": 1.514293971908881}}