{"returned_dict": {"loss": 0.03255617991089821, "r2": 0.03255617991089821, "status": "ok", "start_time": 1671737946.4490247, "duration": 2.1122143268585205}, "current_params": {"N": 100, "b": 0.1818358555493185, "c": 0.4632328786895856, "iss": 0.9, "lr": 0.0486282544586548, "reg": 0.9526079692760457, "sr": 1.0040739759750008}}