{"returned_dict": {"loss": 0.03262580558657646, "r2": 0.03262580558657646, "status": "ok", "start_time": 1671745128.9031332, "duration": 2.313110828399658}, "current_params": {"N": 100, "b": 0.12246935470844499, "c": 0.3140919476445768, "iss": 0.9, "lr": 0.047125995444646136, "reg": 0.9308945677328839, "sr": 1.269470023626282}}