{"returned_dict": {"loss": 0.03002983331680298, "r2": 0.03002983331680298, "status": "ok", "start_time": 1671737960.7577727, "duration": 2.0694971084594727}, "current_params": {"N": 300, "b": 0.25974121577060777, "c": 0.11265535216530191, "iss": 0.9, "lr": 0.0010043617690336307, "reg": 0.18832227396704676, "sr": 1.3416090833176624}}