{"returned_dict": {"loss": 0.03060215711593628, "r2": 0.03060215711593628, "status": "ok", "start_time": 1671745228.949086, "duration": 2.139878988265991}, "current_params": {"N": 100, "b": 0.5790112388199796, "c": 0.9614913790361318, "iss": 0.9, "lr": 0.006469194761786968, "reg": 0.731501943371035, "sr": 1.7041105360136013}}