{"returned_dict": {"loss": 0.03003021329641342, "r2": 0.03003021329641342, "status": "ok", "start_time": 1671738482.3059654, "duration": 2.0633888244628906}, "current_params": {"N": 300, "b": 0.182022981270597, "c": 0.5930371543730358, "iss": 0.9, "lr": 0.009319567676996886, "reg": 0.33404868983732866, "sr": 0.03390584768160461}}