{"returned_dict": {"loss": 0.035769540816545486, "r2": 0.035769540816545486, "status": "ok", "start_time": 1671740868.630624, "duration": 2.313965320587158}, "current_params": {"N": 200, "b": 0.36160097218018367, "c": 0.22678647324545465, "iss": 0.9, "lr": 0.35519867892386353, "reg": 0.12652894393470798, "sr": 1.5474529329549507}}