{"returned_dict": {"loss": 0.033464640378952026, "r2": 0.033464640378952026, "status": "ok", "start_time": 1671740732.269277, "duration": 2.3336551189422607}, "current_params": {"N": 300, "b": 0.4307352382459176, "c": 0.38479763985031534, "iss": 0.9, "lr": 0.7203541244560187, "reg": 0.26989869805676514, "sr": 9.31701808948894}}