{"returned_dict": {"loss": 0.030334820970892906, "r2": 0.030334820970892906, "status": "ok", "start_time": 1671737944.352178, "duration": 2.0932681560516357}, "current_params": {"N": 200, "b": 0.5331041340227792, "c": 0.41699902386878396, "iss": 0.9, "lr": 0.007130701686299744, "reg": 0.13788412569545336, "sr": 0.7656132960281736}}