{"returned_dict": {"loss": 0.03585416078567505, "r2": 0.03585416078567505, "status": "ok", "start_time": 1671741919.1090982, "duration": 2.1149282455444336}, "current_params": {"N": 100, "b": 0.2093318713689193, "c": 0.9941508041407667, "iss": 0.9, "lr": 0.4657415882979354, "reg": 0.7089950924039502, "sr": 1.7674105261829307}}