{"returned_dict": {"loss": 0.03775861859321594, "r2": 0.03775861859321594, "status": "ok", "start_time": 1671740584.3060803, "duration": 2.0551326274871826}, "current_params": {"N": 100, "b": 0.5281128163953739, "c": 0.44578659962894707, "iss": 0.9, "lr": 0.001019604112788759, "reg": 0.1089632195916686, "sr": 1.6882925160754632}}