{"returned_dict": {"loss": 0.03524395078420639, "r2": 0.03524395078420639, "status": "ok", "start_time": 1671742231.6429293, "duration": 2.1872408390045166}, "current_params": {"N": 100, "b": 0.24845112935389715, "c": 0.2468302794101556, "iss": 0.9, "lr": 0.10048846499619314, "reg": 0.12094895011278561, "sr": 1.1697491615104156}}