{"returned_dict": {"loss": 0.03351626545190811, "r2": 0.03351626545190811, "status": "ok", "start_time": 1671738449.424505, "duration": 1.9995272159576416}, "current_params": {"N": 100, "b": 0.7772456227222968, "c": 0.435934054226638, "iss": 0.9, "lr": 0.06919308033611184, "reg": 0.14790441050898925, "sr": 0.02046636438883765}}