{"returned_dict": {"loss": 0.030612096190452576, "r2": 0.030612096190452576, "status": "ok", "start_time": 1671737524.2849784, "duration": 2.126481771469116}, "current_params": {"N": 100, "b": 0.9302878436609177, "c": 0.16758795508292568, "iss": 0.9, "lr": 0.012042080474948267, "reg": 0.5122400860765063, "sr": 1.9596513319743825}}