{"returned_dict": {"loss": 0.03006008081138134, "r2": 0.03006008081138134, "status": "ok", "start_time": 1671737857.3617606, "duration": 1.9779090881347656}, "current_params": {"N": 100, "b": 0.2536948874939323, "c": 0.14418163350017554, "iss": 0.9, "lr": 0.00792332805983459, "reg": 0.3151994980968775, "sr": 0.575269795679041}}