{"returned_dict": {"loss": 0.030019501224160194, "r2": 0.030019501224160194, "status": "ok", "start_time": 1671738413.888309, "duration": 2.010007381439209}, "current_params": {"N": 100, "b": 0.5759507075108757, "c": 0.28320855517287336, "iss": 0.9, "lr": 0.0030614396963717628, "reg": 0.1464981437997267, "sr": 0.8444588553049883}}