{"returned_dict": {"loss": 0.030039027333259583, "r2": 0.030039027333259583, "status": "ok", "start_time": 1671737650.6209428, "duration": 2.1340277194976807}, "current_params": {"N": 300, "b": 0.1910436382533824, "c": 0.6439619084132303, "iss": 0.9, "lr": 0.010820249488204384, "reg": 0.4160426929177107, "sr": 0.19935467732696535}}