{"returned_dict": {"loss": 0.03360540047287941, "r2": 0.03360540047287941, "status": "ok", "start_time": 1671740204.4746716, "duration": 2.1713955402374268}, "current_params": {"N": 200, "b": 0.11717945830777778, "c": 0.306789009398213, "iss": 0.9, "lr": 0.0041878954202570285, "reg": 0.20509990571183287, "sr": 4.246289598132144}}