{"returned_dict": {"loss": 0.03541349992156029, "r2": 0.03541349992156029, "status": "ok", "start_time": 1671741940.0220277, "duration": 2.1192736625671387}, "current_params": {"N": 100, "b": 0.7607247853471313, "c": 0.10187142939203417, "iss": 0.9, "lr": 0.09308548117509577, "reg": 0.26618181010272873, "sr": 2.428136240192105}}