{"returned_dict": {"loss": 0.033525098115205765, "r2": 0.033525098115205765, "status": "ok", "start_time": 1671741599.4404836, "duration": 2.070549964904785}, "current_params": {"N": 100, "b": 0.674153960920098, "c": 0.1819538966686035, "iss": 0.9, "lr": 0.01122030491707982, "reg": 0.18815190272566462, "sr": 1.837508306441011}}