{"returned_dict": {"loss": 0.03542136773467064, "r2": 0.03542136773467064, "status": "ok", "start_time": 1671741917.074336, "duration": 2.027780055999756}, "current_params": {"N": 100, "b": 0.10209367743791947, "c": 0.15597965083235865, "iss": 0.9, "lr": 0.7693701905703387, "reg": 0.276796426616133, "sr": 1.2954553019952173}}