{"returned_dict": {"loss": 0.03482655808329582, "r2": 0.03482655808329582, "status": "ok", "start_time": 1671737568.3354292, "duration": 2.1088178157806396}, "current_params": {"N": 300, "b": 0.7999912132586771, "c": 0.36551287072476213, "iss": 0.9, "lr": 0.08451910338656304, "reg": 0.225716081107576, "sr": 0.020489195252075855}}