{"returned_dict": {"loss": 0.030703091993927956, "r2": 0.030703091993927956, "status": "ok", "start_time": 1671737981.2685637, "duration": 2.080950975418091}, "current_params": {"N": 300, "b": 0.2924833521319556, "c": 0.6059824453338131, "iss": 0.9, "lr": 0.011495771561683863, "reg": 0.31995597316760627, "sr": 1.1217386304908368}}