{"returned_dict": {"loss": 0.036022353917360306, "r2": 0.036022353917360306, "status": "ok", "start_time": 1671742002.9346395, "duration": 2.101907730102539}, "current_params": {"N": 100, "b": 0.6558489940200704, "c": 0.18208244420215014, "iss": 0.9, "lr": 0.33324965048706023, "reg": 0.7503282083184079, "sr": 4.0854082552803055}}