{"returned_dict": {"loss": 0.035161808133125305, "r2": 0.035161808133125305, "status": "ok", "start_time": 1671738280.9735458, "duration": 2.002809524536133}, "current_params": {"N": 100, "b": 0.6376480815077588, "c": 0.7231511033136883, "iss": 0.9, "lr": 0.1937179239302157, "reg": 0.6824404570141737, "sr": 0.2815689043592509}}