{"returned_dict": {"loss": 0.03513159230351448, "r2": 0.03513159230351448, "status": "ok", "start_time": 1671740290.6395926, "duration": 2.160088300704956}, "current_params": {"N": 300, "b": 0.11233499753485296, "c": 0.30855923867568347, "iss": 0.9, "lr": 0.02143015081924661, "reg": 0.37837099924810697, "sr": 1.3701173189198637}}