{"returned_dict": {"loss": 0.03163929656147957, "r2": 0.03163929656147957, "status": "ok", "start_time": 1671744921.0511398, "duration": 2.088663339614868}, "current_params": {"N": 100, "b": 0.22287638455265568, "c": 0.16921591487206358, "iss": 0.9, "lr": 0.5068843153791185, "reg": 0.10831074380988184, "sr": 5.007550140185096}}