{"returned_dict": {"loss": 0.03479572758078575, "r2": 0.03479572758078575, "status": "ok", "start_time": 1671737683.2513795, "duration": 1.9775290489196777}, "current_params": {"N": 100, "b": 0.8397309301951251, "c": 0.15746277933650324, "iss": 0.9, "lr": 0.8908311505278819, "reg": 0.5393913377437173, "sr": 0.20760447792478667}}