{"returned_dict": {"loss": 0.0355878621339798, "r2": 0.0355878621339798, "status": "ok", "start_time": 1671738332.8244615, "duration": 2.0340921878814697}, "current_params": {"N": 300, "b": 0.24845112935389715, "c": 0.2468302794101556, "iss": 0.9, "lr": 0.10048846499619314, "reg": 0.12094895011278561, "sr": 0.01600583102408059}}