{"returned_dict": {"loss": 0.03558963164687157, "r2": 0.03558963164687157, "status": "ok", "start_time": 1671741133.9310405, "duration": 2.3432319164276123}, "current_params": {"N": 300, "b": 0.37574012194300793, "c": 0.15950984491895345, "iss": 0.9, "lr": 0.23512120962596134, "reg": 0.11763379069518107, "sr": 1.1274407359496064}}