{"returned_dict": {"loss": 0.030090710148215294, "r2": 0.030090710148215294, "status": "ok", "start_time": 1671738157.9948428, "duration": 2.1549532413482666}, "current_params": {"N": 300, "b": 0.36255120554644504, "c": 0.6654419170557391, "iss": 0.9, "lr": 0.0020322817673548523, "reg": 0.16550442042099292, "sr": 0.3093958923860517}}