{"returned_dict": {"loss": 0.0332670621573925, "r2": 0.0332670621573925, "status": "ok", "start_time": 1671742321.5757203, "duration": 2.097849130630493}, "current_params": {"N": 100, "b": 0.2847133200607507, "c": 0.17416531511713473, "iss": 0.9, "lr": 0.0531981044003313, "reg": 0.11189345643766593, "sr": 1.999648394950745}}