{"returned_dict": {"loss": 0.03321100398898125, "r2": 0.03321100398898125, "status": "ok", "start_time": 1671740884.3826406, "duration": 2.271165370941162}, "current_params": {"N": 100, "b": 0.13841812352110508, "c": 0.35224154730877205, "iss": 0.9, "lr": 0.7809935032980998, "reg": 0.4699729264462095, "sr": 2.2432511421537247}}