{"returned_dict": {"loss": 0.030517371371388435, "r2": 0.030517371371388435, "status": "ok", "start_time": 1671741368.6113584, "duration": 2.069080114364624}, "current_params": {"N": 100, "b": 0.8936240981280368, "c": 0.9011154723582826, "iss": 0.9, "lr": 0.0063822566002939346, "reg": 0.10996648854671207, "sr": 1.0831869918250125}}