{"returned_dict": {"loss": 0.035169560462236404, "r2": 0.035169560462236404, "status": "ok", "start_time": 1671738010.3685062, "duration": 2.1641671657562256}, "current_params": {"N": 300, "b": 0.5910119860220345, "c": 0.7126862606246719, "iss": 0.9, "lr": 0.14712344912732483, "reg": 0.9937794755784374, "sr": 0.07433169000210553}}