{"returned_dict": {"loss": 0.035368163138628006, "r2": 0.035368163138628006, "status": "ok", "start_time": 1671745097.9927473, "duration": 2.163463830947876}, "current_params": {"N": 100, "b": 0.9982273897432326, "c": 0.2127771001215661, "iss": 0.9, "lr": 0.22465500878777253, "reg": 0.6063725449776021, "sr": 2.142574964752221}}