{"returned_dict": {"loss": 0.03571302071213722, "r2": 0.03571302071213722, "status": "ok", "start_time": 1671738218.1330035, "duration": 2.184556484222412}, "current_params": {"N": 300, "b": 0.5352096419057459, "c": 0.5992470209764726, "iss": 0.9, "lr": 0.20032581938401453, "reg": 0.14290569823915847, "sr": 0.3573044661110958}}