{"returned_dict": {"loss": 0.03234148025512695, "r2": 0.03234148025512695, "status": "ok", "start_time": 1671741668.3992262, "duration": 2.2280657291412354}, "current_params": {"N": 100, "b": 0.812026644047988, "c": 0.4336196532956704, "iss": 0.9, "lr": 0.026813811448575312, "reg": 0.10311449055772393, "sr": 1.5533370433319187}}