{"returned_dict": {"loss": 0.03553334251046181, "r2": 0.03553334251046181, "status": "ok", "start_time": 1671737719.557997, "duration": 2.024427890777588}, "current_params": {"N": 200, "b": 0.995379373853544, "c": 0.8401419813164621, "iss": 0.9, "lr": 0.15428159953435763, "reg": 0.1886547297977578, "sr": 1.7459748086870095}}