{"returned_dict": {"loss": 0.034988950937986374, "r2": 0.034988950937986374, "status": "ok", "start_time": 1671742106.8779283, "duration": 2.076873779296875}, "current_params": {"N": 100, "b": 0.5774333052327235, "c": 0.2896820282513546, "iss": 0.9, "lr": 0.30857771503681464, "reg": 0.6134465324655654, "sr": 6.198342925777415}}