{"returned_dict": {"loss": 0.0352165512740612, "r2": 0.0352165512740612, "status": "ok", "start_time": 1671738119.8866148, "duration": 2.069138765335083}, "current_params": {"N": 300, "b": 0.13414060007738376, "c": 0.32031287747732706, "iss": 0.9, "lr": 0.12726260622035984, "reg": 0.39146046612251373, "sr": 0.018343598856564933}}