{"returned_dict": {"loss": 0.03565705567598343, "r2": 0.03565705567598343, "status": "ok", "start_time": 1671737810.8942912, "duration": 2.1428985595703125}, "current_params": {"N": 300, "b": 0.3286994131848394, "c": 0.17377867707074846, "iss": 0.9, "lr": 0.1475552952512268, "reg": 0.11185822769319897, "sr": 0.023462246374277934}}