{"returned_dict": {"loss": 0.03564931079745293, "r2": 0.03564931079745293, "status": "ok", "start_time": 1671744907.9773772, "duration": 2.3112287521362305}, "current_params": {"N": 100, "b": 0.7686790134349943, "c": 0.2506735287264847, "iss": 0.9, "lr": 0.22792506761886536, "reg": 0.3183930461193885, "sr": 2.354229369060214}}