{"returned_dict": {"loss": 0.03946872428059578, "r2": 0.03946872428059578, "status": "ok", "start_time": 1671740224.1888044, "duration": 2.2613587379455566}, "current_params": {"N": 300, "b": 0.5548490199767099, "c": 0.13886098660281398, "iss": 0.9, "lr": 0.5516837456874328, "reg": 0.2331353845647389, "sr": 2.6830665889583374}}