{"returned_dict": {"loss": 0.0353010930120945, "r2": 0.0353010930120945, "status": "ok", "start_time": 1671738170.6241596, "duration": 2.0111451148986816}, "current_params": {"N": 100, "b": 0.8021806679946801, "c": 0.8769680694167484, "iss": 0.9, "lr": 0.23531561699889436, "reg": 0.7317074819714227, "sr": 0.9676070287378356}}