{"returned_dict": {"loss": 0.0332321859896183, "r2": 0.0332321859896183, "status": "ok", "start_time": 1671740393.2258139, "duration": 2.4217209815979004}, "current_params": {"N": 300, "b": 0.5180783036392181, "c": 0.12951615898742327, "iss": 0.9, "lr": 0.0017394860367737678, "reg": 0.13502775943648473, "sr": 1.712194228432287}}