{"returned_dict": {"loss": 0.03573017567396164, "r2": 0.03573017567396164, "status": "ok", "start_time": 1671738453.591493, "duration": 2.143976926803589}, "current_params": {"N": 300, "b": 0.1265165383491759, "c": 0.12046569845257696, "iss": 0.9, "lr": 0.6148604094980725, "reg": 0.5186383913014839, "sr": 2.0217146372830763}}