{"returned_dict": {"loss": 0.03571552410721779, "r2": 0.03571552410721779, "status": "ok", "start_time": 1671737977.0809531, "duration": 2.0612633228302}, "current_params": {"N": 200, "b": 0.12053266979879558, "c": 0.22156048826913843, "iss": 0.9, "lr": 0.8751835067223517, "reg": 0.2711662289588448, "sr": 0.8946377442002661}}