{"returned_dict": {"loss": 0.033668890595436096, "r2": 0.033668890595436096, "status": "ok", "start_time": 1671737713.33783, "duration": 2.0354230403900146}, "current_params": {"N": 200, "b": 0.11005045871766199, "c": 0.9788354149714845, "iss": 0.9, "lr": 0.011152501138346385, "reg": 0.23972522638284083, "sr": 1.403726661288753}}