{"returned_dict": {"loss": 0.032120008021593094, "r2": 0.032120008021593094, "status": "ok", "start_time": 1671737958.762164, "duration": 1.9918322563171387}, "current_params": {"N": 100, "b": 0.5494618196781179, "c": 0.1536607221561436, "iss": 0.9, "lr": 0.03150553788299122, "reg": 0.2465053185856484, "sr": 0.9484068160210573}}