{"returned_dict": {"loss": 0.04500306025147438, "r2": 0.04500306025147438, "status": "ok", "start_time": 1671737646.4402652, "duration": 2.1644394397735596}, "current_params": {"N": 200, "b": 0.46952618963508747, "c": 0.1318092914793634, "iss": 0.9, "lr": 0.16859893208998253, "reg": 0.1295736084886555, "sr": 2.329799311022338}}