{"returned_dict": {"loss": 0.04975837096571922, "r2": 0.04975837096571922, "status": "ok", "start_time": 1671744742.9668193, "duration": 2.3170626163482666}, "current_params": {"N": 100, "b": 0.22349360283401046, "c": 0.2613140062201146, "iss": 0.9, "lr": 0.002422315386294973, "reg": 0.7077093386013356, "sr": 1.7587882229892822}}