{"returned_dict": {"loss": 0.04423712566494942, "r2": 0.04423712566494942, "status": "ok", "start_time": 1671740653.091378, "duration": 2.125723361968994}, "current_params": {"N": 300, "b": 0.13732241855809105, "c": 0.29721934441971665, "iss": 0.9, "lr": 0.00400717474529995, "reg": 0.6193055412806869, "sr": 1.706665733167314}}