{"returned_dict": {"loss": 0.042920392006635666, "r2": 0.042920392006635666, "status": "ok", "start_time": 1671740727.9626617, "duration": 2.1092946529388428}, "current_params": {"N": 200, "b": 0.21842005890682653, "c": 0.20135396307451925, "iss": 0.9, "lr": 0.0012886730024120618, "reg": 0.14779206148132157, "sr": 2.314927330312545}}