{"returned_dict": {"loss": 0.04659983515739441, "r2": 0.04659983515739441, "status": "ok", "start_time": 1671744794.7252202, "duration": 2.178914785385132}, "current_params": {"N": 100, "b": 0.6784161935144015, "c": 0.9780875884995625, "iss": 0.9, "lr": 0.18948823050344044, "reg": 0.8960046279002518, "sr": 5.806610085489866}}