{"returned_dict": {"loss": 0.04161682724952698, "r2": 0.04161682724952698, "status": "ok", "start_time": 1671740226.4541516, "duration": 2.1874706745147705}, "current_params": {"N": 100, "b": 0.25377471480910047, "c": 0.815098433720649, "iss": 0.9, "lr": 0.2183850802283866, "reg": 0.39202531665844476, "sr": 2.8369896989015873}}