{"returned_dict": {"loss": 0.04790996387600899, "r2": 0.04790996387600899, "status": "ok", "start_time": 1671737541.3897052, "duration": 1.9882042407989502}, "current_params": {"N": 100, "b": 0.5613176913793263, "c": 0.1747291482045501, "iss": 0.9, "lr": 0.06703300913405119, "reg": 0.17072191427743394, "sr": 2.7738161816033102}}