{"returned_dict": {"loss": 0.04583379253745079, "r2": 0.04583379253745079, "status": "ok", "start_time": 1671744722.4103844, "duration": 2.284559726715088}, "current_params": {"N": 100, "b": 0.44954148964098073, "c": 0.5059808227620789, "iss": 0.9, "lr": 0.02018337832903292, "reg": 0.30238285884767574, "sr": 2.1136466845857496}}