{"returned_dict": {"loss": 0.045371849089860916, "r2": 0.045371849089860916, "status": "ok", "start_time": 1671742403.6581767, "duration": 2.04671573638916}, "current_params": {"N": 100, "b": 0.1048098750412148, "c": 0.7335840205686015, "iss": 0.9, "lr": 0.24494943958026866, "reg": 0.555151411144603, "sr": 9.136170599851066}}