{"returned_dict": {"loss": 0.04534999653697014, "r2": 0.04534999653697014, "status": "ok", "start_time": 1671741847.9138901, "duration": 2.120926856994629}, "current_params": {"N": 100, "b": 0.15305641968822614, "c": 0.4963644397662678, "iss": 0.9, "lr": 0.0051941246369474675, "reg": 0.30237326940581316, "sr": 1.9129973851662403}}