{"returned_dict": {"loss": 0.04376708343625069, "r2": 0.04376708343625069, "status": "ok", "start_time": 1671744862.607936, "duration": 2.1540591716766357}, "current_params": {"N": 100, "b": 0.22635976404643185, "c": 0.1166672435702602, "iss": 0.9, "lr": 0.0012469785034749062, "reg": 0.18746490341558442, "sr": 2.3813529710414376}}