{"returned_dict": {"loss": 0.04798934981226921, "r2": 0.04798934981226921, "status": "ok", "start_time": 1671742302.5375004, "duration": 2.0450356006622314}, "current_params": {"N": 100, "b": 0.2036019805534976, "c": 0.2815790641858321, "iss": 0.9, "lr": 0.016961641137514163, "reg": 0.452164941897636, "sr": 2.018877888359117}}