{"returned_dict": {"loss": 0.04349317029118538, "r2": 0.04349317029118538, "status": "ok", "start_time": 1671740277.5843086, "duration": 2.3702261447906494}, "current_params": {"N": 300, "b": 0.1465535090096269, "c": 0.14059426681233755, "iss": 0.9, "lr": 0.0013818551895319936, "reg": 0.21191776766423057, "sr": 3.8470977739930228}}