{"returned_dict": {"loss": 0.04893937706947327, "r2": 0.04893937706947327, "status": "ok", "start_time": 1671737693.2234485, "duration": 2.0690228939056396}, "current_params": {"N": 300, "b": 0.2983152512960275, "c": 0.2598964183753533, "iss": 0.9, "lr": 0.005647264982798819, "reg": 0.32248617869186963, "sr": 2.1198068680338698}}