{"returned_dict": {"loss": 0.04319910332560539, "r2": 0.04319910332560539, "status": "ok", "start_time": 1671742291.736639, "duration": 2.1466541290283203}, "current_params": {"N": 100, "b": 0.11924204141279537, "c": 0.4574857568264334, "iss": 0.9, "lr": 0.2220066883677793, "reg": 0.6057110987515739, "sr": 2.256203877689362}}