{"returned_dict": {"loss": 0.04541241005063057, "r2": 0.04541241005063057, "status": "ok", "start_time": 1671744761.045885, "duration": 2.261557102203369}, "current_params": {"N": 100, "b": 0.5655843825702401, "c": 0.3275899478747668, "iss": 0.9, "lr": 0.034790822993190244, "reg": 0.9401573811723053, "sr": 2.817849314577345}}