{"returned_dict": {"loss": 0.049503907561302185, "r2": 0.049503907561302185, "status": "ok", "start_time": 1671744830.767656, "duration": 2.3583836555480957}, "current_params": {"N": 100, "b": 0.3650493688126172, "c": 0.41853870761797823, "iss": 0.9, "lr": 0.0029999570595545273, "reg": 0.1513882761881428, "sr": 3.365356113523481}}