{"returned_dict": {"loss": 0.04301095008850098, "r2": 0.04301095008850098, "status": "ok", "start_time": 1671741086.8785262, "duration": 2.22601056098938}, "current_params": {"N": 200, "b": 0.11924204141279537, "c": 0.4574857568264334, "iss": 0.9, "lr": 0.2220066883677793, "reg": 0.6057110987515739, "sr": 2.256203877689362}}