{"returned_dict": {"loss": 0.04145629331469536, "r2": 0.04145629331469536, "status": "ok", "start_time": 1671738500.306143, "duration": 1.9616553783416748}, "current_params": {"N": 100, "b": 0.1048098750412148, "c": 0.7335840205686015, "iss": 0.9, "lr": 0.24494943958026866, "reg": 0.555151411144603, "sr": 7.62592626369055}}