{"returned_dict": {"loss": 0.04405046999454498, "r2": 0.04405046999454498, "status": "ok", "start_time": 1671740116.6975462, "duration": 2.315004825592041}, "current_params": {"N": 300, "b": 0.5859443862380757, "c": 0.44847929710035056, "iss": 0.9, "lr": 0.448517999492524, "reg": 0.41698362228047275, "sr": 6.51111562474364}}