{"returned_dict": {"loss": 0.043000418692827225, "r2": 0.043000418692827225, "status": "ok", "start_time": 1671745075.3141274, "duration": 2.198460817337036}, "current_params": {"N": 100, "b": 0.6765811346502715, "c": 0.889674363075758, "iss": 0.9, "lr": 0.03448518184164638, "reg": 0.10113853229942482, "sr": 4.212782972264045}}