{"returned_dict": {"loss": 0.04378018155694008, "r2": 0.04378018155694008, "status": "ok", "start_time": 1671742038.5842683, "duration": 2.085502862930298}, "current_params": {"N": 100, "b": 0.45602193607051733, "c": 0.35938501064992945, "iss": 0.9, "lr": 0.002939212416955198, "reg": 0.3508303790006891, "sr": 1.8784517562571978}}