{"returned_dict": {"loss": 0.040890175849199295, "r2": 0.040890175849199295, "status": "ok", "start_time": 1671738113.587979, "duration": 1.970576286315918}, "current_params": {"N": 100, "b": 0.40912031811561106, "c": 0.6380700349661224, "iss": 0.9, "lr": 0.22601574495234325, "reg": 0.3066036475775274, "sr": 2.9361262451881287}}