{"returned_dict": {"loss": 0.04585033655166626, "r2": 0.04585033655166626, "status": "ok", "start_time": 1671741118.106571, "duration": 2.352856159210205}, "current_params": {"N": 300, "b": 0.2847133200607507, "c": 0.17416531511713473, "iss": 0.9, "lr": 0.0531981044003313, "reg": 0.11189345643766593, "sr": 1.999648394950745}}