{"returned_dict": {"loss": 0.04727303609251976, "r2": 0.04727303609251976, "status": "ok", "start_time": 1671744888.772938, "duration": 2.1483640670776367}, "current_params": {"N": 100, "b": 0.1910436382533824, "c": 0.6439619084132303, "iss": 0.9, "lr": 0.010820249488204384, "reg": 0.4160426929177107, "sr": 2.7114950122458463}}