{"returned_dict": {"loss": 0.047027770429849625, "r2": 0.047027770429849625, "status": "ok", "start_time": 1671740806.1573794, "duration": 2.326709270477295}, "current_params": {"N": 300, "b": 0.13953169933227896, "c": 0.6392004915761744, "iss": 0.9, "lr": 0.1617460461463609, "reg": 0.13821996076530607, "sr": 1.8838376125273948}}