{"returned_dict": {"loss": 0.04090369865298271, "r2": 0.04090369865298271, "status": "ok", "start_time": 1671738181.05279, "duration": 2.110456705093384}, "current_params": {"N": 300, "b": 0.8191619030908228, "c": 0.24522295562119517, "iss": 0.9, "lr": 0.5598775886323107, "reg": 0.9335716662062428, "sr": 2.393806178164119}}