{"returned_dict": {"loss": 0.04676036909222603, "r2": 0.04676036909222603, "status": "ok", "start_time": 1671740550.2625391, "duration": 2.0095343589782715}, "current_params": {"N": 100, "b": 0.8060660847829124, "c": 0.2569094910982843, "iss": 0.9, "lr": 0.003188301860373708, "reg": 0.15778449323144306, "sr": 1.7179655499018278}}