{"returned_dict": {"loss": 0.048932064324617386, "r2": 0.048932064324617386, "status": "ok", "start_time": 1671740449.4907434, "duration": 2.1579511165618896}, "current_params": {"N": 300, "b": 0.10167901658686072, "c": 0.10988496308044099, "iss": 0.9, "lr": 0.36595128156807905, "reg": 0.8004150405077534, "sr": 3.361313976821718}}