{"returned_dict": {"loss": 0.04322012886404991, "r2": 0.04322012886404991, "status": "ok", "start_time": 1671741489.4093063, "duration": 2.2016444206237793}, "current_params": {"N": 100, "b": 0.21600269810915268, "c": 0.1619084489740398, "iss": 0.9, "lr": 0.20792063760808677, "reg": 0.11359227417096769, "sr": 6.926399874697367}}