{"returned_dict": {"loss": 0.0415327288210392, "r2": 0.0415327288210392, "status": "ok", "start_time": 1671741381.0213804, "duration": 2.144846200942993}, "current_params": {"N": 100, "b": 0.2043798548087772, "c": 0.28289527633115813, "iss": 0.9, "lr": 0.2824777807824228, "reg": 0.6517536431438731, "sr": 7.625487350312907}}