{"returned_dict": {"loss": 0.04407491907477379, "r2": 0.04407491907477379, "status": "ok", "start_time": 1671740770.100068, "duration": 2.2710611820220947}, "current_params": {"N": 300, "b": 0.2993935727722088, "c": 0.9885744094562058, "iss": 0.9, "lr": 0.22725011719595567, "reg": 0.9794483788104307, "sr": 2.3883577782482344}}