{"returned_dict": {"loss": 0.04178348183631897, "r2": 0.04178348183631897, "status": "ok", "start_time": 1671738249.9155092, "duration": 2.12288236618042}, "current_params": {"N": 300, "b": 0.9043259728402443, "c": 0.12242753732805128, "iss": 0.9, "lr": 0.49548956757009177, "reg": 0.5971856130109828, "sr": 7.006878100099312}}