{"returned_dict": {"loss": 0.04257720336318016, "r2": 0.04257720336318016, "status": "ok", "start_time": 1671738492.3442829, "duration": 1.9510657787322998}, "current_params": {"N": 100, "b": 0.40960416929076987, "c": 0.6518919562037829, "iss": 0.9, "lr": 0.006451232306112841, "reg": 0.10751774033589687, "sr": 1.8383750714302685}}