{"returned_dict": {"loss": 0.045064669102430344, "r2": 0.045064669102430344, "status": "ok", "start_time": 1671742130.3230238, "duration": 2.149582624435425}, "current_params": {"N": 100, "b": 0.42149687948800735, "c": 0.14553021216659956, "iss": 0.9, "lr": 0.005312359771720888, "reg": 0.4718482957780721, "sr": 2.1680242808645467}}