{"returned_dict": {"loss": 0.041058771312236786, "r2": 0.041058771312236786, "status": "ok", "start_time": 1671741586.5084214, "duration": 2.175260066986084}, "current_params": {"N": 100, "b": 0.2592760022534301, "c": 0.7068101167401535, "iss": 0.9, "lr": 0.08352474609695261, "reg": 0.1427733138122855, "sr": 2.478032101458562}}