{"returned_dict": {"loss": 0.04792891815304756, "r2": 0.04792891815304756, "status": "ok", "start_time": 1671740292.8046677, "duration": 2.1615800857543945}, "current_params": {"N": 100, "b": 0.8558564081440149, "c": 0.4923032910167209, "iss": 0.9, "lr": 0.034601111100789846, "reg": 0.7154787610807147, "sr": 2.598090765204873}}