{"returned_dict": {"loss": 0.04621708765625954, "r2": 0.04621708765625954, "status": "ok", "start_time": 1671740627.1294062, "duration": 2.23179030418396}, "current_params": {"N": 300, "b": 0.25974121577060777, "c": 0.11265535216530191, "iss": 0.9, "lr": 0.0010043617690336307, "reg": 0.18832227396704676, "sr": 5.119277398578343}}