{"returned_dict": {"loss": 0.04696419835090637, "r2": 0.04696419835090637, "status": "ok", "start_time": 1671738252.0435135, "duration": 2.1257312297821045}, "current_params": {"N": 300, "b": 0.9442724673213714, "c": 0.5448779499296549, "iss": 0.9, "lr": 0.0010390007938857451, "reg": 0.2066646166346815, "sr": 4.097573182921526}}