{"returned_dict": {"loss": 0.04379342868924141, "r2": 0.04379342868924141, "status": "ok", "start_time": 1671742046.9436376, "duration": 2.133974075317383}, "current_params": {"N": 100, "b": 0.29677904051746473, "c": 0.39744456476668394, "iss": 0.9, "lr": 0.12867995596580126, "reg": 0.4030939499507469, "sr": 2.3840311430334147}}