{"returned_dict": {"loss": 0.040044788271188736, "r2": 0.040044788271188736, "status": "ok", "start_time": 1671737499.426694, "duration": 1.9923858642578125}, "current_params": {"N": 100, "b": 0.18018724218097829, "c": 0.2031442802976158, "iss": 0.9, "lr": 0.0020629649586181636, "reg": 0.4056508449331986, "sr": 2.204263457797122}}