{"returned_dict": {"loss": 0.04607558250427246, "r2": 0.04607558250427246, "status": "ok", "start_time": 1671740500.7387328, "duration": 2.2573368549346924}, "current_params": {"N": 300, "b": 0.1775879279618871, "c": 0.5862916152847885, "iss": 0.9, "lr": 0.43906883802329805, "reg": 0.2497473978040132, "sr": 4.218625202081634}}