{"returned_dict": {"loss": 0.04631396010518074, "r2": 0.04631396010518074, "status": "ok", "start_time": 1671744884.4371145, "duration": 2.094813823699951}, "current_params": {"N": 100, "b": 0.46952618963508747, "c": 0.1318092914793634, "iss": 0.9, "lr": 0.16859893208998253, "reg": 0.1295736084886555, "sr": 6.153272817705805}}