{"returned_dict": {"loss": 0.04171451926231384, "r2": 0.04171451926231384, "status": "ok", "start_time": 1671741856.2697525, "duration": 2.060131072998047}, "current_params": {"N": 100, "b": 0.2095096476792755, "c": 0.6976037940758745, "iss": 0.9, "lr": 0.005391003223566641, "reg": 0.3076313287947647, "sr": 1.7075820793895802}}