{"returned_dict": {"loss": 0.04726576432585716, "r2": 0.04726576432585716, "status": "ok", "start_time": 1671742128.2536273, "duration": 2.0625994205474854}, "current_params": {"N": 100, "b": 0.25150133485801757, "c": 0.5915671734526755, "iss": 0.9, "lr": 0.00971170074199618, "reg": 0.331857122734824, "sr": 1.986477145075965}}