{"returned_dict": {"loss": 0.043540503829717636, "r2": 0.043540503829717636, "status": "ok", "start_time": 1671745137.6927588, "duration": 2.272430181503296}, "current_params": {"N": 100, "b": 0.7737298836312899, "c": 0.34239282351411304, "iss": 0.9, "lr": 0.0016821487193693313, "reg": 0.1887251587323588, "sr": 1.1727820851740411}}