{"returned_dict": {"loss": 0.04916081950068474, "r2": 0.04916081950068474, "status": "ok", "start_time": 1671740492.3335655, "duration": 2.1051242351531982}, "current_params": {"N": 200, "b": 0.15825593228295018, "c": 0.4724186768231733, "iss": 0.9, "lr": 0.0014402248070585332, "reg": 0.6712110295843444, "sr": 3.2880081930440737}}