{"returned_dict": {"loss": 0.046783190220594406, "r2": 0.046783190220594406, "status": "ok", "start_time": 1671741862.479047, "duration": 2.1505959033966064}, "current_params": {"N": 100, "b": 0.24055326335024202, "c": 0.12651947195841215, "iss": 0.9, "lr": 0.0027247209799585487, "reg": 0.10016259557542191, "sr": 3.555091784451556}}