{"returned_dict": {"loss": 0.043675635010004044, "r2": 0.043675635010004044, "status": "ok", "start_time": 1671738370.0385122, "duration": 2.156933307647705}, "current_params": {"N": 300, "b": 0.8594482781448122, "c": 0.24030692174328205, "iss": 0.9, "lr": 0.4381983742298818, "reg": 0.9309687749671715, "sr": 3.566593808874222}}