{"returned_dict": {"loss": 0.04475283622741699, "r2": 0.04475283622741699, "status": "ok", "start_time": 1671741653.2492378, "duration": 2.207388401031494}, "current_params": {"N": 100, "b": 0.5160098803990281, "c": 0.13636328468024606, "iss": 0.9, "lr": 0.005584438526231021, "reg": 0.8039329534337806, "sr": 2.280221028151954}}