{"returned_dict": {"loss": 0.041623301804065704, "r2": 0.041623301804065704, "status": "ok", "start_time": 1671740228.6456118, "duration": 2.2924551963806152}, "current_params": {"N": 300, "b": 0.3231308178162537, "c": 0.7814226544001762, "iss": 0.9, "lr": 0.4998199364339672, "reg": 0.2285614258018188, "sr": 2.355750002754293}}