{"returned_dict": {"loss": 0.041232090443372726, "r2": 0.041232090443372726, "status": "ok", "start_time": 1671737733.716268, "duration": 1.937896966934204}, "current_params": {"N": 100, "b": 0.2435588337317628, "c": 0.3284066638700974, "iss": 0.9, "lr": 0.005362066549925435, "reg": 0.17688194108424993, "sr": 1.7053539993996634}}