{"returned_dict": {"loss": 0.04208488389849663, "r2": 0.04208488389849663, "status": "ok", "start_time": 1671740790.3203962, "duration": 2.218428373336792}, "current_params": {"N": 100, "b": 0.40912031811561106, "c": 0.6380700349661224, "iss": 0.9, "lr": 0.22601574495234325, "reg": 0.3066036475775274, "sr": 6.6464780530310446}}