{"returned_dict": {"loss": 0.04052385315299034, "r2": 0.04052385315299034, "status": "ok", "start_time": 1671742113.296016, "duration": 2.138787269592285}, "current_params": {"N": 100, "b": 0.5352096419057459, "c": 0.5992470209764726, "iss": 0.9, "lr": 0.20032581938401453, "reg": 0.14290569823915847, "sr": 3.2936654303718678}}