{"returned_dict": {"loss": 0.040597643703222275, "r2": 0.040597643703222275, "status": "ok", "start_time": 1671737804.8178105, "duration": 1.9426426887512207}, "current_params": {"N": 100, "b": 0.18283690194258137, "c": 0.11473500764064805, "iss": 0.9, "lr": 0.22834501963548867, "reg": 0.3279421401691065, "sr": 3.3535990156004374}}