{"returned_dict": {"loss": 0.04935293272137642, "r2": 0.04935293272137642, "status": "ok", "start_time": 1671741545.3418815, "duration": 2.238339424133301}, "current_params": {"N": 100, "b": 0.10508086967619851, "c": 0.2069628692911127, "iss": 0.9, "lr": 0.0016930941327325617, "reg": 0.6835109095280938, "sr": 2.8101330763287047}}