{"returned_dict": {"loss": 0.047728199511766434, "r2": 0.047728199511766434, "status": "ok", "start_time": 1671742205.8262875, "duration": 2.1774351596832275}, "current_params": {"N": 100, "b": 0.20324602862700883, "c": 0.8204226542144097, "iss": 0.9, "lr": 0.001090166684906375, "reg": 0.9897998180488529, "sr": 3.8940892471264044}}