{"returned_dict": {"loss": 0.044048111885786057, "r2": 0.044048111885786057, "status": "ok", "start_time": 1671742051.170446, "duration": 2.0175280570983887}, "current_params": {"N": 100, "b": 0.36255120554644504, "c": 0.6654419170557391, "iss": 0.9, "lr": 0.0020322817673548523, "reg": 0.16550442042099292, "sr": 3.139338753432436}}