{"returned_dict": {"loss": 0.040350284427404404, "r2": 0.040350284427404404, "status": "ok", "start_time": 1671738160.1527882, "duration": 2.075617551803589}, "current_params": {"N": 300, "b": 0.9435778830971117, "c": 0.18661226936062902, "iss": 0.9, "lr": 0.0012578111655569605, "reg": 0.5158612535797051, "sr": 1.7426527289055143}}