{"returned_dict": {"loss": 0.044462963938713074, "r2": 0.044462963938713074, "status": "ok", "start_time": 1671740337.48496, "duration": 2.1568708419799805}, "current_params": {"N": 300, "b": 0.4799012259354159, "c": 0.38138725588591577, "iss": 0.9, "lr": 0.0010387024872592213, "reg": 0.23806367075707752, "sr": 4.7350611555129944}}