{"returned_dict": {"loss": 0.04049842804670334, "r2": 0.04049842804670334, "status": "ok", "start_time": 1671741480.8276484, "duration": 2.10164737701416}, "current_params": {"N": 100, "b": 0.6797107563868042, "c": 0.11485770509764119, "iss": 0.9, "lr": 0.23962511288825838, "reg": 0.6964762404946465, "sr": 6.99109338990629}}