{"returned_dict": {"loss": 0.047784943133592606, "r2": 0.047784943133592606, "status": "ok", "start_time": 1671737644.3123405, "duration": 2.121401309967041}, "current_params": {"N": 100, "b": 0.7897255223968852, "c": 0.6804836684055193, "iss": 0.9, "lr": 0.026162881037661297, "reg": 0.22657764468506036, "sr": 2.382073180020931}}