{"returned_dict": {"loss": 0.041826795786619186, "r2": 0.041826795786619186, "status": "ok", "start_time": 1671740378.1463282, "duration": 2.155488967895508}, "current_params": {"N": 200, "b": 0.674153960920098, "c": 0.1819538966686035, "iss": 0.9, "lr": 0.01122030491707982, "reg": 0.18815190272566462, "sr": 1.837508306441011}}