{"returned_dict": {"loss": 0.04124271497130394, "r2": 0.04124271497130394, "status": "ok", "start_time": 1671740920.114229, "duration": 2.161334276199341}, "current_params": {"N": 200, "b": 0.42149687948800735, "c": 0.14553021216659956, "iss": 0.9, "lr": 0.005312359771720888, "reg": 0.4718482957780721, "sr": 2.1680242808645467}}