{"returned_dict": {"loss": 0.04822134971618652, "r2": 0.04822134971618652, "status": "ok", "start_time": 1671740971.1352417, "duration": 2.0822675228118896}, "current_params": {"N": 100, "b": 0.10451726551717022, "c": 0.262724866479153, "iss": 0.9, "lr": 0.18900571565045995, "reg": 0.19553666720901375, "sr": 9.002992023965595}}