{"returned_dict": {"loss": 0.04108516871929169, "r2": 0.04108516871929169, "status": "ok", "start_time": 1671740683.65911, "duration": 2.239342451095581}, "current_params": {"N": 300, "b": 0.7652303739745431, "c": 0.12155008789588174, "iss": 0.9, "lr": 0.4589596869564032, "reg": 0.12528126051470714, "sr": 4.372755666873916}}