{"returned_dict": {"loss": 0.04565448686480522, "r2": 0.04565448686480522, "status": "ok", "start_time": 1671741064.2943828, "duration": 2.328356981277466}, "current_params": {"N": 300, "b": 0.8594482781448122, "c": 0.24030692174328205, "iss": 0.9, "lr": 0.4381983742298818, "reg": 0.9309687749671715, "sr": 7.09171407174884}}