{"returned_dict": {"loss": 0.046770140528678894, "r2": 0.046770140528678894, "status": "ok", "start_time": 1671742017.6342273, "duration": 2.070354700088501}, "current_params": {"N": 100, "b": 0.9687361396689896, "c": 0.1745156998469274, "iss": 0.9, "lr": 0.15145260176264067, "reg": 0.31348219773582847, "sr": 5.279748421222008}}