{"returned_dict": {"loss": 0.042866528034210205, "r2": 0.042866528034210205, "status": "ok", "start_time": 1671742063.6297078, "duration": 2.035719633102417}, "current_params": {"N": 100, "b": 0.8021806679946801, "c": 0.8769680694167484, "iss": 0.9, "lr": 0.23531561699889436, "reg": 0.7317074819714227, "sr": 4.590919434791533}}