{"returned_dict": {"loss": 0.040909215807914734, "r2": 0.040909215807914734, "status": "ok", "start_time": 1671738376.3164954, "duration": 2.183027744293213}, "current_params": {"N": 300, "b": 0.43647050917229313, "c": 0.350865802568936, "iss": 0.9, "lr": 0.005736345818049351, "reg": 0.10709317996455056, "sr": 1.960319788696738}}