{"returned_dict": {"loss": 0.04625524580478668, "r2": 0.04625524580478668, "status": "ok", "start_time": 1671740824.3870661, "duration": 2.2320444583892822}, "current_params": {"N": 200, "b": 0.45602193607051733, "c": 0.35938501064992945, "iss": 0.9, "lr": 0.002939212416955198, "reg": 0.3508303790006891, "sr": 1.8784517562571978}}