{"returned_dict": {"loss": 0.046118538826704025, "r2": 0.046118538826704025, "status": "ok", "start_time": 1671737476.112636, "duration": 2.2593843936920166}, "current_params": {"N": 300, "b": 0.5859443862380757, "c": 0.44847929710035056, "iss": 0.9, "lr": 0.448517999492524, "reg": 0.41698362228047275, "sr": 2.760363161733829}}