{"returned_dict": {"loss": 0.04064232110977173, "r2": 0.04064232110977173, "status": "ok", "start_time": 1671740917.8947241, "duration": 2.213505268096924}, "current_params": {"N": 300, "b": 0.25150133485801757, "c": 0.5915671734526755, "iss": 0.9, "lr": 0.00971170074199618, "reg": 0.331857122734824, "sr": 1.986477145075965}}