{"returned_dict": {"loss": 0.04182620719075203, "r2": 0.04182620719075203, "status": "ok", "start_time": 1671740969.010209, "duration": 2.120046615600586}, "current_params": {"N": 100, "b": 0.6376480815077588, "c": 0.7231511033136883, "iss": 0.9, "lr": 0.1937179239302157, "reg": 0.6824404570141737, "sr": 3.0422499803548093}}