{"returned_dict": {"loss": 0.047705356031656265, "r2": 0.047705356031656265, "status": "ok", "start_time": 1671738282.9807255, "duration": 2.0475270748138428}, "current_params": {"N": 100, "b": 0.10451726551717022, "c": 0.262724866479153, "iss": 0.9, "lr": 0.18900571565045995, "reg": 0.19553666720901375, "sr": 7.297273035600247}}