{"returned_dict": {"loss": 0.04837779328227043, "r2": 0.04837779328227043, "status": "ok", "start_time": 1671740785.870024, "duration": 2.2171366214752197}, "current_params": {"N": 200, "b": 0.6558489940200704, "c": 0.18208244420215014, "iss": 0.9, "lr": 0.33324965048706023, "reg": 0.7503282083184079, "sr": 4.0854082552803055}}