{"returned_dict": {"loss": 0.04885116592049599, "r2": 0.04885116592049599, "status": "ok", "start_time": 1671742366.331595, "duration": 2.0419328212738037}, "current_params": {"N": 100, "b": 0.5479557544144761, "c": 0.5101365941099031, "iss": 0.9, "lr": 0.0028135088357644574, "reg": 0.6714866850796948, "sr": 2.312415464706778}}