{"returned_dict": {"loss": 0.04719248414039612, "r2": 0.04719248414039612, "status": "ok", "start_time": 1671742265.9279366, "duration": 2.2932605743408203}, "current_params": {"N": 100, "b": 0.4774360708517919, "c": 0.6676509862868135, "iss": 0.9, "lr": 0.026081964156559757, "reg": 0.8401351218523034, "sr": 3.061486113085773}}