{"returned_dict": {"loss": 0.04409676790237427, "r2": 0.04409676790237427, "status": "ok", "start_time": 1671741757.0694256, "duration": 2.2653377056121826}, "current_params": {"N": 100, "b": 0.13566531645923985, "c": 0.8419343339605643, "iss": 0.9, "lr": 0.026818040062708853, "reg": 0.2583083935046456, "sr": 2.074748718973935}}