{"returned_dict": {"loss": 0.04016155004501343, "r2": 0.04016155004501343, "status": "ok", "start_time": 1671740253.0617328, "duration": 2.252899408340454}, "current_params": {"N": 300, "b": 0.15988334745098587, "c": 0.3137526367160963, "iss": 0.9, "lr": 0.314305490263062, "reg": 0.5894817326458355, "sr": 2.09305042786521}}