{"returned_dict": {"loss": 0.04078651964664459, "r2": 0.04078651964664459, "status": "ok", "start_time": 1671740564.954028, "duration": 2.1504955291748047}, "current_params": {"N": 200, "b": 0.3755825655939488, "c": 0.20508970727867998, "iss": 0.9, "lr": 0.46017610930271435, "reg": 0.20078958268576166, "sr": 4.762318156921352}}