{"returned_dict": {"loss": 0.04474648833274841, "r2": 0.04474648833274841, "status": "ok", "start_time": 1671740417.7974236, "duration": 2.0719192028045654}, "current_params": {"N": 200, "b": 0.1271069100346036, "c": 0.5443903896539936, "iss": 0.9, "lr": 0.03687802163588743, "reg": 0.7929480659205592, "sr": 1.6297521494036173}}