{"returned_dict": {"loss": 0.04435804486274719, "r2": 0.04435804486274719, "status": "ok", "start_time": 1671740953.310161, "duration": 2.2380435466766357}, "current_params": {"N": 300, "b": 0.7603555736462574, "c": 0.12483429611942473, "iss": 0.9, "lr": 0.4196746905216896, "reg": 0.8868765713663254, "sr": 3.371752125932826}}