{"returned_dict": {"loss": 0.04863967373967171, "r2": 0.04863967373967171, "status": "ok", "start_time": 1671740432.7595823, "duration": 2.080226421356201}, "current_params": {"N": 200, "b": 0.5160098803990281, "c": 0.13636328468024606, "iss": 0.9, "lr": 0.005584438526231021, "reg": 0.8039329534337806, "sr": 2.280221028151954}}