{"returned_dict": {"loss": 0.04727371037006378, "r2": 0.04727371037006378, "status": "ok", "start_time": 1671740490.1423628, "duration": 2.187213182449341}, "current_params": {"N": 300, "b": 0.37625057722669664, "c": 0.4346549989586068, "iss": 0.9, "lr": 0.011295567117425407, "reg": 0.18678824292732296, "sr": 2.7535493006154113}}