{"returned_dict": {"loss": 0.0562351755797863, "r2": 0.0562351755797863, "status": "ok", "start_time": 1671740524.1829352, "duration": 2.1468634605407715}, "current_params": {"N": 200, "b": 0.32599410957537084, "c": 0.19466815936372095, "iss": 0.9, "lr": 0.26564196963566694, "reg": 0.7743262015843753, "sr": 3.764720686629621}}