{"returned_dict": {"loss": 0.05331838130950928, "r2": 0.05331838130950928, "status": "ok", "start_time": 1671741048.9697583, "duration": 2.2794504165649414}, "current_params": {"N": 200, "b": 0.48092079663087367, "c": 0.1116018876867025, "iss": 0.9, "lr": 0.009783113995213916, "reg": 0.4090771205531145, "sr": 2.0076555997915446}}