{"returned_dict": {"loss": 0.05208567902445793, "r2": 0.05208567902445793, "status": "ok", "start_time": 1671740390.8783622, "duration": 2.3424644470214844}, "current_params": {"N": 300, "b": 0.24511409857248895, "c": 0.8726492315364878, "iss": 0.9, "lr": 0.3594469868947467, "reg": 0.16176923357804016, "sr": 4.568210435310259}}