{"returned_dict": {"loss": 0.056688904762268066, "r2": 0.056688904762268066, "status": "ok", "start_time": 1671740153.0643551, "duration": 2.310927629470825}, "current_params": {"N": 300, "b": 0.2043798548087772, "c": 0.28289527633115813, "iss": 0.9, "lr": 0.2824777807824228, "reg": 0.6517536431438731, "sr": 7.625487350312907}}