{"returned_dict": {"loss": 0.05852634832262993, "r2": 0.05852634832262993, "status": "ok", "start_time": 1671741963.1868188, "duration": 2.146962881088257}, "current_params": {"N": 100, "b": 0.11492617620634782, "c": 0.72799003772971, "iss": 0.9, "lr": 0.027282917589189125, "reg": 0.6739061770328106, "sr": 3.1454543449725483}}