{"returned_dict": {"loss": 0.05401616171002388, "r2": 0.05401616171002388, "status": "ok", "start_time": 1671740897.7606783, "duration": 2.2087619304656982}, "current_params": {"N": 200, "b": 0.82069170973121, "c": 0.792769824804352, "iss": 0.9, "lr": 0.08711686694860254, "reg": 0.30386480112810854, "sr": 2.8163360779898077}}