{"returned_dict": {"loss": 0.05333763360977173, "r2": 0.05333763360977173, "status": "ok", "start_time": 1671744901.553012, "duration": 2.061070680618286}, "current_params": {"N": 100, "b": 0.36478267343900056, "c": 0.4865900761770877, "iss": 0.9, "lr": 0.0033668417829176823, "reg": 0.12117773139597027, "sr": 2.1963348501135607}}