{"returned_dict": {"loss": 0.051684748381376266, "r2": 0.051684748381376266, "status": "ok", "start_time": 1671742257.399901, "duration": 2.0809543132781982}, "current_params": {"N": 100, "b": 0.22538741892635064, "c": 0.48467336455717347, "iss": 0.9, "lr": 0.18943682395527758, "reg": 0.22536645366382835, "sr": 9.294212065631978}}