{"returned_dict": {"loss": 0.0594928152859211, "r2": 0.0594928152859211, "status": "ok", "start_time": 1671737559.8345284, "duration": 2.078573226928711}, "current_params": {"N": 100, "b": 0.5524956449276068, "c": 0.46337764074945414, "iss": 0.9, "lr": 0.006866394122619609, "reg": 0.136221641094246, "sr": 2.2553242781758827}}