{"returned_dict": {"loss": 0.053302228450775146, "r2": 0.053302228450775146, "status": "ok", "start_time": 1671741174.6164846, "duration": 2.354989528656006}, "current_params": {"N": 300, "b": 0.5378061726479668, "c": 0.41189034167782335, "iss": 0.9, "lr": 0.002917610057864252, "reg": 0.627098762722535, "sr": 3.8824424587013477}}