{"returned_dict": {"loss": 0.05376240611076355, "r2": 0.05376240611076355, "status": "ok", "start_time": 1671738341.2856781, "duration": 2.0548810958862305}, "current_params": {"N": 200, "b": 0.2821203069758722, "c": 0.4463819038660079, "iss": 0.9, "lr": 0.15832774710377293, "reg": 0.22687017355447578, "sr": 2.5582122928371054}}