{"returned_dict": {"loss": 0.0584803968667984, "r2": 0.0584803968667984, "status": "ok", "start_time": 1671740661.5922182, "duration": 2.21602725982666}, "current_params": {"N": 300, "b": 0.13336741313666323, "c": 0.7059116588922302, "iss": 0.9, "lr": 0.003205017806363386, "reg": 0.1335260089909686, "sr": 2.7866907606608295}}