{"returned_dict": {"loss": 0.05384596064686775, "r2": 0.05384596064686775, "status": "ok", "start_time": 1671745086.3681543, "duration": 2.4391236305236816}, "current_params": {"N": 100, "b": 0.14425945272763419, "c": 0.38718644133856495, "iss": 0.9, "lr": 0.017942623962965615, "reg": 0.8679737875786887, "sr": 2.165143143856677}}