{"returned_dict": {"loss": 0.0533522367477417, "r2": 0.0533522367477417, "status": "ok", "start_time": 1671740926.7345808, "duration": 2.250473976135254}, "current_params": {"N": 300, "b": 0.4291811917444591, "c": 0.6581401754364358, "iss": 0.9, "lr": 0.004584358341331775, "reg": 0.2607594750966047, "sr": 3.1551062391711096}}