{"returned_dict": {"loss": 0.052233170717954636, "r2": 0.052233170717954636, "status": "ok", "start_time": 1671741124.9657922, "duration": 2.296579360961914}, "current_params": {"N": 100, "b": 0.5832944713986241, "c": 0.1402357629100783, "iss": 0.9, "lr": 0.16104031784598544, "reg": 0.7748111870139991, "sr": 6.250673028141564}}