{"returned_dict": {"loss": 0.057825926691293716, "r2": 0.057825926691293716, "status": "ok", "start_time": 1671740875.361793, "duration": 2.27398943901062}, "current_params": {"N": 300, "b": 0.27620249723387647, "c": 0.732233808252214, "iss": 0.9, "lr": 0.3425453722361442, "reg": 0.4083066031241597, "sr": 3.419660642063388}}