{"returned_dict": {"loss": 0.05423782765865326, "r2": 0.05423782765865326, "status": "ok", "start_time": 1671740895.5531693, "duration": 2.200608730316162}, "current_params": {"N": 200, "b": 0.5774333052327235, "c": 0.2896820282513546, "iss": 0.9, "lr": 0.30857771503681464, "reg": 0.6134465324655654, "sr": 6.198342925777415}}