{"returned_dict": {"loss": 0.05800318717956543, "r2": 0.05800318717956543, "status": "ok", "start_time": 1671740765.467285, "duration": 2.4882094860076904}, "current_params": {"N": 300, "b": 0.7390073520299196, "c": 0.14993052666549397, "iss": 0.9, "lr": 0.005013471331903317, "reg": 0.37364706030846073, "sr": 2.7956664167425913}}