{"returned_dict": {"loss": 0.05330841615796089, "r2": 0.05330841615796089, "status": "ok", "start_time": 1671740741.1890678, "duration": 2.1638166904449463}, "current_params": {"N": 100, "b": 0.14926005516281537, "c": 0.6671014702833908, "iss": 0.9, "lr": 0.0033233220461256173, "reg": 0.22810500793867272, "sr": 1.9103880296868252}}