{"returned_dict": {"loss": 0.0509292297065258, "r2": 0.0509292297065258, "status": "ok", "start_time": 1671745060.525618, "duration": 2.0604989528656006}, "current_params": {"N": 100, "b": 0.6275957410108015, "c": 0.34006990565467643, "iss": 0.9, "lr": 0.17759507504958919, "reg": 0.5799756146422038, "sr": 8.85966180937148}}