{"returned_dict": {"loss": 0.057563405483961105, "r2": 0.057563405483961105, "status": "ok", "start_time": 1671744938.0520902, "duration": 2.17475962638855}, "current_params": {"N": 100, "b": 0.22468615747292392, "c": 0.8372181107156209, "iss": 0.9, "lr": 0.10752060708924599, "reg": 0.27232298758372686, "sr": 3.160562142231708}}