{"returned_dict": {"loss": 0.058526813983917236, "r2": 0.058526813983917236, "status": "ok", "start_time": 1671740483.7893555, "duration": 2.1971991062164307}, "current_params": {"N": 300, "b": 0.3827981755768622, "c": 0.8123396576686104, "iss": 0.9, "lr": 0.3079726626930137, "reg": 0.2034368770840364, "sr": 8.25017928312204}}