{"returned_dict": {"loss": 0.05230577290058136, "r2": 0.05230577290058136, "status": "ok", "start_time": 1671741965.339769, "duration": 2.15946364402771}, "current_params": {"N": 100, "b": 0.22956097638932255, "c": 0.11626357542286822, "iss": 0.9, "lr": 0.010488505278647926, "reg": 0.12294300024692131, "sr": 2.322726553566309}}