{"returned_dict": {"loss": 0.054564520716667175, "r2": 0.054564520716667175, "status": "ok", "start_time": 1671742156.2387986, "duration": 2.1189467906951904}, "current_params": {"N": 100, "b": 0.8287558182004472, "c": 0.2815077876583124, "iss": 0.9, "lr": 0.0012829880059392325, "reg": 0.20911150410311632, "sr": 2.469752968642589}}