{"returned_dict": {"loss": 0.05124552175402641, "r2": 0.05124552175402641, "status": "ok", "start_time": 1671742108.961628, "duration": 2.208416223526001}, "current_params": {"N": 100, "b": 0.82069170973121, "c": 0.792769824804352, "iss": 0.9, "lr": 0.08711686694860254, "reg": 0.30386480112810854, "sr": 2.8163360779898077}}