{"returned_dict": {"loss": 0.055451441556215286, "r2": 0.055451441556215286, "status": "ok", "start_time": 1671740365.0309503, "duration": 2.2436258792877197}, "current_params": {"N": 300, "b": 0.2592760022534301, "c": 0.7068101167401535, "iss": 0.9, "lr": 0.08352474609695261, "reg": 0.1427733138122855, "sr": 2.478032101458562}}