{"returned_dict": {"loss": 0.05114792287349701, "r2": 0.05114792287349701, "status": "ok", "start_time": 1671737610.3109486, "duration": 2.0819993019104004}, "current_params": {"N": 200, "b": 0.6797107563868042, "c": 0.11485770509764119, "iss": 0.9, "lr": 0.23962511288825838, "reg": 0.6964762404946465, "sr": 3.4169239349145406}}