{"returned_dict": {"loss": 0.05596287176012993, "r2": 0.05596287176012993, "status": "ok", "start_time": 1671741073.4664807, "duration": 2.2138233184814453}, "current_params": {"N": 300, "b": 0.9691348519354525, "c": 0.7855769153042802, "iss": 0.9, "lr": 0.0036941798248421487, "reg": 0.28059863958319403, "sr": 2.643191075644346}}