{"returned_dict": {"loss": 0.05750006064772606, "r2": 0.05750006064772606, "status": "ok", "start_time": 1671740603.5332508, "duration": 2.121764898300171}, "current_params": {"N": 300, "b": 0.4456366561455288, "c": 0.15748193727422222, "iss": 0.9, "lr": 0.002692758085247875, "reg": 0.14289713403003407, "sr": 2.188464049161246}}