{"returned_dict": {"loss": 0.0525146909058094, "r2": 0.0525146909058094, "status": "ok", "start_time": 1671740255.3188813, "duration": 2.1058430671691895}, "current_params": {"N": 100, "b": 0.22357666148836536, "c": 0.5908183419306297, "iss": 0.9, "lr": 0.1676676651988696, "reg": 0.20037505293073954, "sr": 3.0483684477413697}}