{"returned_dict": {"loss": 0.05926858261227608, "r2": 0.05926858261227608, "status": "ok", "start_time": 1671741889.7911174, "duration": 2.0621182918548584}, "current_params": {"N": 100, "b": 0.5264674757174114, "c": 0.32640995582667226, "iss": 0.9, "lr": 0.012234370834034261, "reg": 0.39658495482354345, "sr": 2.3915088603090924}}