{"returned_dict": {"loss": 0.05557155981659889, "r2": 0.05557155981659889, "status": "ok", "start_time": 1671742164.943169, "duration": 2.2229537963867188}, "current_params": {"N": 100, "b": 0.7756550137571472, "c": 0.4037848392541014, "iss": 0.9, "lr": 0.011183394820548408, "reg": 0.421354136402119, "sr": 2.8011304241651445}}