{"returned_dict": {"loss": 0.05106303095817566, "r2": 0.05106303095817566, "status": "ok", "start_time": 1671742121.8626149, "duration": 2.110879421234131}, "current_params": {"N": 100, "b": 0.482764566340949, "c": 0.11647005495089473, "iss": 0.9, "lr": 0.1760172430852425, "reg": 0.5813857560525434, "sr": 8.569651044142068}}