{"returned_dict": {"loss": 0.057760149240493774, "r2": 0.057760149240493774, "status": "ok", "start_time": 1671741156.7191558, "duration": 2.2350430488586426}, "current_params": {"N": 200, "b": 0.8647175138533394, "c": 0.2893994546665233, "iss": 0.9, "lr": 0.0026894561349567188, "reg": 0.2654386584858759, "sr": 3.6936308171251784}}