{"returned_dict": {"loss": 0.0553118921816349, "r2": 0.0553118921816349, "status": "ok", "start_time": 1671737756.0342367, "duration": 2.0852441787719727}, "current_params": {"N": 300, "b": 0.9660850551391233, "c": 0.9457929740733246, "iss": 0.9, "lr": 0.36345335286724, "reg": 0.2294158979458879, "sr": 3.928074544493675}}