{"returned_dict": {"loss": 0.0573711097240448, "r2": 0.0573711097240448, "status": "ok", "start_time": 1671742053.1959543, "duration": 2.125854730606079}, "current_params": {"N": 100, "b": 0.9435778830971117, "c": 0.18661226936062902, "iss": 0.9, "lr": 0.0012578111655569605, "reg": 0.5158612535797051, "sr": 5.585605814601281}}