{"returned_dict": {"loss": 0.051831070333719254, "r2": 0.051831070333719254, "status": "ok", "start_time": 1671741165.3922975, "duration": 2.368140459060669}, "current_params": {"N": 300, "b": 0.5479557544144761, "c": 0.5101365941099031, "iss": 0.9, "lr": 0.0028135088357644574, "reg": 0.6714866850796948, "sr": 2.312415464706778}}