{"returned_dict": {"loss": 0.0525113083422184, "r2": 0.0525113083422184, "status": "ok", "start_time": 1671742387.4063818, "duration": 2.1192665100097656}, "current_params": {"N": 100, "b": 0.5686899449399596, "c": 0.12338576719953084, "iss": 0.9, "lr": 0.002908831257426153, "reg": 0.9945414788837225, "sr": 9.535788258804581}}