{"returned_dict": {"loss": 0.05724550411105156, "r2": 0.05724550411105156, "status": "ok", "start_time": 1671740833.260511, "duration": 2.254549741744995}, "current_params": {"N": 300, "b": 0.29677904051746473, "c": 0.39744456476668394, "iss": 0.9, "lr": 0.12867995596580126, "reg": 0.4030939499507469, "sr": 2.3840311430334147}}