{"returned_dict": {"loss": 0.052052777260541916, "r2": 0.052052777260541916, "status": "ok", "start_time": 1671737620.8732421, "duration": 2.1498022079467773}, "current_params": {"N": 300, "b": 0.42116486562377015, "c": 0.17235779549531213, "iss": 0.9, "lr": 0.01146759760328504, "reg": 0.8949987338508635, "sr": 2.361067081535588}}