{"returned_dict": {"loss": 0.05904334783554077, "r2": 0.05904334783554077, "status": "ok", "start_time": 1671741994.6679313, "duration": 2.057492256164551}, "current_params": {"N": 100, "b": 0.23341137458297537, "c": 0.12686979726095268, "iss": 0.9, "lr": 0.0011872500467318813, "reg": 0.6760626187426886, "sr": 4.656003204365254}}