{"returned_dict": {"loss": 0.052288562059402466, "r2": 0.052288562059402466, "status": "ok", "start_time": 1671741595.1044621, "duration": 2.201077699661255}, "current_params": {"N": 100, "b": 0.995379373853544, "c": 0.8401419813164621, "iss": 0.9, "lr": 0.15428159953435763, "reg": 0.1886547297977578, "sr": 5.589152906744308}}