{"returned_dict": {"loss": 0.057656895369291306, "r2": 0.057656895369291306, "status": "ok", "start_time": 1671741383.171002, "duration": 2.025930643081665}, "current_params": {"N": 100, "b": 0.14015456260140555, "c": 0.9473823821180251, "iss": 0.9, "lr": 0.011273269250899024, "reg": 0.12678914293917806, "sr": 2.113241016112901}}