{"returned_dict": {"loss": 0.05659103021025658, "r2": 0.05659103021025658, "status": "ok", "start_time": 1671741405.9294126, "duration": 2.110213041305542}, "current_params": {"N": 100, "b": 0.10043714599703868, "c": 0.13563779841156404, "iss": 0.9, "lr": 0.1386462414118372, "reg": 0.4710332352759412, "sr": 7.935595683580345}}