{"returned_dict": {"loss": 0.051903460174798965, "r2": 0.051903460174798965, "status": "ok", "start_time": 1671740413.3841348, "duration": 2.2475552558898926}, "current_params": {"N": 300, "b": 0.9660850551391233, "c": 0.9457929740733246, "iss": 0.9, "lr": 0.36345335286724, "reg": 0.2294158979458879, "sr": 7.323633012309028}}