{"returned_dict": {"loss": 0.055129677057266235, "r2": 0.055129677057266235, "status": "ok", "start_time": 1671742216.6091828, "duration": 2.0750086307525635}, "current_params": {"N": 100, "b": 0.23232198498959236, "c": 0.8398860319280076, "iss": 0.9, "lr": 0.013986023182451174, "reg": 0.6565468447026389, "sr": 2.65628680835159}}