{"returned_dict": {"loss": 0.050395261496305466, "r2": 0.050395261496305466, "status": "ok", "start_time": 1671741927.4691968, "duration": 2.065027952194214}, "current_params": {"N": 100, "b": 0.25930653532098613, "c": 0.10359047234209853, "iss": 0.9, "lr": 0.001419804498824, "reg": 0.17031666943258858, "sr": 3.5830703795216405}}