{"returned_dict": {"loss": 0.060909975320100784, "r2": 0.060909975320100784, "status": "ok", "start_time": 1671745079.6427634, "duration": 2.3495044708251953}, "current_params": {"N": 100, "b": 0.15825593228295018, "c": 0.4724186768231733, "iss": 0.9, "lr": 0.0014402248070585332, "reg": 0.6712110295843444, "sr": 3.2880081930440737}}