{"returned_dict": {"loss": 0.06249609962105751, "r2": 0.06249609962105751, "status": "ok", "start_time": 1671740468.7039726, "duration": 2.11763334274292}, "current_params": {"N": 200, "b": 0.6009937897697135, "c": 0.7027965191300566, "iss": 0.9, "lr": 0.0016562209632395857, "reg": 0.18595095504852616, "sr": 8.47707799027724}}