{"returned_dict": {"loss": 0.06454985588788986, "r2": 0.06454985588788986, "status": "ok", "start_time": 1671741147.7167428, "duration": 2.282649040222168}, "current_params": {"N": 300, "b": 0.22508451714199343, "c": 0.4735822266782431, "iss": 0.9, "lr": 0.3222901380171819, "reg": 0.10670640757092822, "sr": 2.778728856483041}}