{"returned_dict": {"loss": 0.062709279358387, "r2": 0.062709279358387, "status": "ok", "start_time": 1671737509.7229123, "duration": 2.1814112663269043}, "current_params": {"N": 300, "b": 0.2043798548087772, "c": 0.28289527633115813, "iss": 0.9, "lr": 0.2824777807824228, "reg": 0.6517536431438731, "sr": 4.434072756135232}}