{"returned_dict": {"loss": 0.064644955098629, "r2": 0.064644955098629, "status": "ok", "start_time": 1671740774.7692997, "duration": 2.2674503326416016}, "current_params": {"N": 300, "b": 0.5801601994412748, "c": 0.2620934163105642, "iss": 0.9, "lr": 0.0011651970279849455, "reg": 0.17262373814905782, "sr": 4.29493479625417}}