{"returned_dict": {"loss": 0.06653981655836105, "r2": 0.06653981655836105, "status": "ok", "start_time": 1671742222.9480388, "duration": 2.113112688064575}, "current_params": {"N": 100, "b": 0.316061210134463, "c": 0.5017108166929558, "iss": 0.9, "lr": 0.12604542007461414, "reg": 0.33445110930598154, "sr": 9.744935520867308}}