{"returned_dict": {"loss": 0.06977441161870956, "r2": 0.06977441161870956, "status": "ok", "start_time": 1671742229.4942002, "duration": 2.141597032546997}, "current_params": {"N": 100, "b": 0.8924341177678581, "c": 0.1347151713029541, "iss": 0.9, "lr": 0.0019423548359328022, "reg": 0.324232729191941, "sr": 3.508960842509384}}