{"returned_dict": {"loss": 0.06064166501164436, "r2": 0.06064166501164436, "status": "ok", "start_time": 1671745206.624098, "duration": 2.4120724201202393}, "current_params": {"N": 100, "b": 0.43947239415332684, "c": 0.22011021102387257, "iss": 0.9, "lr": 0.0041823948500414754, "reg": 0.2726561823932927, "sr": 1.9304094121914932}}