{"returned_dict": {"loss": 0.06577127426862717, "r2": 0.06577127426862717, "status": "ok", "start_time": 1671741819.9728053, "duration": 2.033449411392212}, "current_params": {"N": 100, "b": 0.2396109345946111, "c": 0.5115148745248707, "iss": 0.9, "lr": 0.001952013025035884, "reg": 0.12098730349167153, "sr": 4.296870528516265}}