{"returned_dict": {"loss": 0.06390800327062607, "r2": 0.06390800327062607, "status": "ok", "start_time": 1671740663.8133912, "duration": 2.1036009788513184}, "current_params": {"N": 100, "b": 0.4162025974799321, "c": 0.960215420533247, "iss": 0.9, "lr": 0.06497302640989502, "reg": 0.35539596227111186, "sr": 3.0673000394079586}}