{"returned_dict": {"loss": 0.06325346976518631, "r2": 0.06325346976518631, "status": "ok", "start_time": 1671740244.250637, "duration": 2.19539737701416}, "current_params": {"N": 200, "b": 0.3650493688126172, "c": 0.41853870761797823, "iss": 0.9, "lr": 0.0029999570595545273, "reg": 0.1513882761881428, "sr": 3.365356113523481}}