{"returned_dict": {"loss": 0.06641758233308792, "r2": 0.06641758233308792, "status": "ok", "start_time": 1671741984.3059034, "duration": 2.027611255645752}, "current_params": {"N": 100, "b": 0.7390073520299196, "c": 0.14993052666549397, "iss": 0.9, "lr": 0.005013471331903317, "reg": 0.37364706030846073, "sr": 2.7956664167425913}}