{"returned_dict": {"loss": 0.06077886000275612, "r2": 0.06077886000275612, "status": "ok", "start_time": 1671742240.2757225, "duration": 2.1623713970184326}, "current_params": {"N": 100, "b": 0.2821203069758722, "c": 0.4463819038660079, "iss": 0.9, "lr": 0.15832774710377293, "reg": 0.22687017355447578, "sr": 6.348125838572588}}