{"returned_dict": {"loss": 0.06064882501959801, "r2": 0.06064882501959801, "status": "ok", "start_time": 1671738312.0964448, "duration": 1.9690895080566406}, "current_params": {"N": 100, "b": 0.3151875642402231, "c": 0.5192407396109194, "iss": 0.9, "lr": 0.002929308469923522, "reg": 0.7069216529032327, "sr": 3.5973979843850112}}