{"returned_dict": {"loss": 0.06676337867975235, "r2": 0.06676337867975235, "status": "ok", "start_time": 1671745028.5010226, "duration": 2.148772716522217}, "current_params": {"N": 100, "b": 0.32478177895657784, "c": 0.9598943842622467, "iss": 0.9, "lr": 0.006521274464604564, "reg": 0.8459272733558301, "sr": 3.883880040523889}}