{"returned_dict": {"loss": 0.06892674416303635, "r2": 0.06892674416303635, "status": "ok", "start_time": 1671741497.9671113, "duration": 2.1133828163146973}, "current_params": {"N": 100, "b": 0.1465535090096269, "c": 0.14059426681233755, "iss": 0.9, "lr": 0.0013818551895319936, "reg": 0.21191776766423057, "sr": 3.8470977739930228}}