{"returned_dict": {"loss": 0.06798816472291946, "r2": 0.06798816472291946, "status": "ok", "start_time": 1671741828.5811002, "duration": 2.191596269607544}, "current_params": {"N": 100, "b": 0.4456366561455288, "c": 0.15748193727422222, "iss": 0.9, "lr": 0.002692758085247875, "reg": 0.14289713403003407, "sr": 2.188464049161246}}