{"returned_dict": {"loss": 0.06485094130039215, "r2": 0.06485094130039215, "status": "ok", "start_time": 1671741426.6653085, "duration": 2.1655209064483643}, "current_params": {"N": 100, "b": 0.7646236276377149, "c": 0.7884491009935268, "iss": 0.9, "lr": 0.1298405957476471, "reg": 0.13776483095293854, "sr": 3.1431755515026114}}