{"returned_dict": {"loss": 0.06827425211668015, "r2": 0.06827425211668015, "status": "ok", "start_time": 1671740690.370982, "duration": 2.200599193572998}, "current_params": {"N": 200, "b": 0.1825517277903088, "c": 0.5085606768407495, "iss": 0.9, "lr": 0.0014990692927709303, "reg": 0.11788150580860186, "sr": 4.234144639493083}}