{"returned_dict": {"loss": 0.06507440656423569, "r2": 0.06507440656423569, "status": "ok", "start_time": 1671741098.006156, "duration": 2.222137928009033}, "current_params": {"N": 300, "b": 0.2036019805534976, "c": 0.2815790641858321, "iss": 0.9, "lr": 0.016961641137514163, "reg": 0.452164941897636, "sr": 2.018877888359117}}