{"returned_dict": {"loss": 0.06596902757883072, "r2": 0.06596902757883072, "status": "ok", "start_time": 1671742285.3418965, "duration": 2.1325931549072266}, "current_params": {"N": 100, "b": 0.4593088853129273, "c": 0.517892789401923, "iss": 0.9, "lr": 0.02656124145111163, "reg": 0.1414309301209633, "sr": 3.2101539945656254}}