{"returned_dict": {"loss": 0.06396623700857162, "r2": 0.06396623700857162, "status": "ok", "start_time": 1671741793.8273587, "duration": 2.4566526412963867}, "current_params": {"N": 100, "b": 0.3334743983892344, "c": 0.1927460946788603, "iss": 0.9, "lr": 0.0010766940981987293, "reg": 0.36683204140674386, "sr": 7.132403598378431}}