{"returned_dict": {"loss": 0.0633426234126091, "r2": 0.0633426234126091, "status": "ok", "start_time": 1671740400.2093415, "duration": 2.246655225753784}, "current_params": {"N": 200, "b": 0.1634813379207753, "c": 0.39114008309817844, "iss": 0.9, "lr": 0.09414420070801906, "reg": 0.7587268737911911, "sr": 2.370347697542116}}