{"returned_dict": {"loss": 0.06661555171012878, "r2": 0.06661555171012878, "status": "ok", "start_time": 1671740137.4002347, "duration": 2.309094190597534}, "current_params": {"N": 300, "b": 0.44954148964098073, "c": 0.5059808227620789, "iss": 0.9, "lr": 0.02018337832903292, "reg": 0.30238285884767574, "sr": 2.1136466845857496}}