{"returned_dict": {"loss": 0.06446067243814468, "r2": 0.06446067243814468, "status": "ok", "start_time": 1671741391.403245, "duration": 2.027008056640625}, "current_params": {"N": 100, "b": 0.9777455670909221, "c": 0.23730502986739818, "iss": 0.9, "lr": 0.14684610291088662, "reg": 0.14192477609769236, "sr": 4.790540664070417}}