{"returned_dict": {"loss": 0.06573641300201416, "r2": 0.06573641300201416, "status": "ok", "start_time": 1671742154.0566425, "duration": 2.1750292778015137}, "current_params": {"N": 100, "b": 0.6053433923685445, "c": 0.10208838043159156, "iss": 0.9, "lr": 0.001524642909822111, "reg": 0.9988859961635723, "sr": 3.5853652061905894}}