{"returned_dict": {"loss": 0.06503327190876007, "r2": 0.06503327190876007, "status": "ok", "start_time": 1671737764.3152528, "duration": 2.0106399059295654}, "current_params": {"N": 100, "b": 0.4688661285632797, "c": 0.2091463896600472, "iss": 0.9, "lr": 0.013663130602244231, "reg": 0.24545582290733942, "sr": 2.64114641301772}}