{"returned_dict": {"loss": 0.06894191354513168, "r2": 0.06894191354513168, "status": "ok", "start_time": 1671742381.0598636, "duration": 2.12835955619812}, "current_params": {"N": 100, "b": 0.3174282752817694, "c": 0.32518022551541625, "iss": 0.9, "lr": 0.011770376296020457, "reg": 0.9088909307705608, "sr": 2.769619342483156}}