{"returned_dict": {"loss": 0.06511259824037552, "r2": 0.06511259824037552, "status": "ok", "start_time": 1671742246.7947667, "duration": 2.1131694316864014}, "current_params": {"N": 100, "b": 0.10090704631153774, "c": 0.5152731117359162, "iss": 0.9, "lr": 0.0023017548762809597, "reg": 0.6729615987805105, "sr": 3.1502082131841873}}