{"returned_dict": {"loss": 0.0630125030875206, "r2": 0.0630125030875206, "status": "ok", "start_time": 1671738459.685556, "duration": 2.0360159873962402}, "current_params": {"N": 100, "b": 0.7612424150250956, "c": 0.10097529685133241, "iss": 0.9, "lr": 0.009715454405454007, "reg": 0.10062592001662156, "sr": 2.3226031361400623}}