{"returned_dict": {"loss": 0.06879285722970963, "r2": 0.06879285722970963, "status": "ok", "start_time": 1671740259.7288566, "duration": 2.194338798522949}, "current_params": {"N": 200, "b": 0.6797107563868042, "c": 0.11485770509764119, "iss": 0.9, "lr": 0.23962511288825838, "reg": 0.6964762404946465, "sr": 6.99109338990629}}