{"returned_dict": {"loss": 0.06144034489989281, "r2": 0.06144034489989281, "status": "ok", "start_time": 1671737823.2148783, "duration": 2.1331193447113037}, "current_params": {"N": 300, "b": 0.3827981755768622, "c": 0.8123396576686104, "iss": 0.9, "lr": 0.3079726626930137, "reg": 0.2034368770840364, "sr": 5.615522331680127}}