{"returned_dict": {"loss": 0.06415310502052307, "r2": 0.06415310502052307, "status": "ok", "start_time": 1671741702.8428013, "duration": 2.157628297805786}, "current_params": {"N": 100, "b": 0.2677535435229133, "c": 0.2314993617629025, "iss": 0.9, "lr": 0.001817436335305465, "reg": 0.3863839825804039, "sr": 3.777733252293689}}