{"returned_dict": {"loss": 0.06665665656328201, "r2": 0.06665665656328201, "status": "ok", "start_time": 1671744720.1260521, "duration": 2.2778358459472656}, "current_params": {"N": 100, "b": 0.984931496446067, "c": 0.37450788803627855, "iss": 0.9, "lr": 0.0014528929731718976, "reg": 0.5907188337611996, "sr": 5.288084711993284}}