{"returned_dict": {"loss": 0.062386274337768555, "r2": 0.062386274337768555, "status": "ok", "start_time": 1671741646.7656515, "duration": 2.2377774715423584}, "current_params": {"N": 100, "b": 0.11207768238488905, "c": 0.5021283836628881, "iss": 0.9, "lr": 0.005199088611116443, "reg": 0.7236121107339822, "sr": 2.5354996873806885}}