{"returned_dict": {"loss": 0.06084751710295677, "r2": 0.06084751710295677, "status": "ok", "start_time": 1671741035.8733435, "duration": 2.0988216400146484}, "current_params": {"N": 100, "b": 0.13636945347924315, "c": 0.16480302582815895, "iss": 0.9, "lr": 0.012057323966497589, "reg": 0.12186105450708876, "sr": 1.7779924140530463}}