{"returned_dict": {"loss": 0.06463617086410522, "r2": 0.06463617086410522, "status": "ok", "start_time": 1671740477.4064298, "duration": 2.0682833194732666}, "current_params": {"N": 100, "b": 0.9946799632677185, "c": 0.6548361302723514, "iss": 0.9, "lr": 0.07816106311699307, "reg": 0.49574559667488266, "sr": 4.404196330032324}}