{"returned_dict": {"loss": 0.06214340403676033, "r2": 0.06214340403676033, "status": "ok", "start_time": 1671738297.5361404, "duration": 1.9723775386810303}, "current_params": {"N": 100, "b": 0.14275543252355766, "c": 0.22468006825166328, "iss": 0.9, "lr": 0.06756447779136424, "reg": 0.14641346349073553, "sr": 2.850863454782713}}