{"returned_dict": {"loss": 0.06078106164932251, "r2": 0.06078106164932251, "status": "ok", "start_time": 1671742175.7098897, "duration": 2.0922787189483643}, "current_params": {"N": 100, "b": 0.26898854321332466, "c": 0.5557458245363439, "iss": 0.9, "lr": 0.13237830187556213, "reg": 0.3523903478139422, "sr": 3.9390876177332372}}