{"returned_dict": {"loss": 0.06636174768209457, "r2": 0.06636174768209457, "status": "ok", "start_time": 1671744790.1038587, "duration": 2.2831618785858154}, "current_params": {"N": 100, "b": 0.11717945830777778, "c": 0.306789009398213, "iss": 0.9, "lr": 0.0041878954202570285, "reg": 0.20509990571183287, "sr": 4.246289598132144}}