{"returned_dict": {"loss": 0.063970647752285, "r2": 0.063970647752285, "status": "ok", "start_time": 1671740665.9232914, "duration": 2.093743324279785}, "current_params": {"N": 200, "b": 0.5264674757174114, "c": 0.32640995582667226, "iss": 0.9, "lr": 0.012234370834034261, "reg": 0.39658495482354345, "sr": 2.3915088603090924}}