{"returned_dict": {"loss": 0.0727149173617363, "r2": 0.0727149173617363, "status": "ok", "start_time": 1671740303.355979, "duration": 2.1159071922302246}, "current_params": {"N": 100, "b": 0.17917603026506465, "c": 0.2816622994732934, "iss": 0.9, "lr": 0.009807938072620977, "reg": 0.13006685506532153, "sr": 1.7118136791121012}}