{"returned_dict": {"loss": 0.07241911441087723, "r2": 0.07241911441087723, "status": "ok", "start_time": 1671744987.6600146, "duration": 2.1461129188537598}, "current_params": {"N": 100, "b": 0.1634813379207753, "c": 0.39114008309817844, "iss": 0.9, "lr": 0.09414420070801906, "reg": 0.7587268737911911, "sr": 2.370347697542116}}