{"returned_dict": {"loss": 0.07821360975503922, "r2": 0.07821360975503922, "status": "ok", "start_time": 1671737633.9543786, "duration": 2.1609787940979004}, "current_params": {"N": 200, "b": 0.6375046855332097, "c": 0.9080578838096723, "iss": 0.9, "lr": 0.026802233205999445, "reg": 0.7054686499572371, "sr": 2.842433947836844}}