{"returned_dict": {"loss": 0.0796402171254158, "r2": 0.0796402171254158, "status": "ok", "start_time": 1671737709.347996, "duration": 1.9176979064941406}, "current_params": {"N": 100, "b": 0.9062382208078789, "c": 0.3807953140660558, "iss": 0.9, "lr": 0.005250222770550053, "reg": 0.5138157682334115, "sr": 2.6286963019006717}}