{"returned_dict": {"loss": 0.07788071781396866, "r2": 0.07788071781396866, "status": "ok", "start_time": 1671744828.4041188, "duration": 2.355907917022705}, "current_params": {"N": 100, "b": 0.50731415786505, "c": 0.10979388622392834, "iss": 0.9, "lr": 0.048306005915739574, "reg": 0.7111856829087281, "sr": 4.759936442807462}}