{"returned_dict": {"loss": 0.07010889798402786, "r2": 0.07010889798402786, "status": "ok", "start_time": 1671741672.748402, "duration": 2.1301727294921875}, "current_params": {"N": 100, "b": 0.18551283485482498, "c": 0.3037602486478769, "iss": 0.9, "lr": 0.0026215829905024274, "reg": 0.10451018161666008, "sr": 3.141166427753704}}