{"returned_dict": {"loss": 0.0711996853351593, "r2": 0.0711996853351593, "status": "ok", "start_time": 1671738262.323384, "duration": 2.0201544761657715}, "current_params": {"N": 200, "b": 0.26632826409656996, "c": 0.22136444481684922, "iss": 0.9, "lr": 0.0021069842510787135, "reg": 0.674065017207701, "sr": 3.8633183569441907}}