{"returned_dict": {"loss": 0.07618657499551773, "r2": 0.07618657499551773, "status": "ok", "start_time": 1671738508.3114438, "duration": 1.9549367427825928}, "current_params": {"N": 100, "b": 0.5031219897460688, "c": 0.13731820295115302, "iss": 0.9, "lr": 0.007709793650591136, "reg": 0.404845470195355, "sr": 2.992515493156992}}