{"returned_dict": {"loss": 0.07397625595331192, "r2": 0.07397625595331192, "status": "ok", "start_time": 1671740922.2812214, "duration": 2.2588679790496826}, "current_params": {"N": 100, "b": 0.14287757007260266, "c": 0.22891187274106323, "iss": 0.9, "lr": 0.06542938974102926, "reg": 0.44872428104591155, "sr": 3.900099841953956}}