{"returned_dict": {"loss": 0.0705217570066452, "r2": 0.0705217570066452, "status": "ok", "start_time": 1671744708.783061, "duration": 2.1982202529907227}, "current_params": {"N": 100, "b": 0.11855409109698968, "c": 0.5063607288068672, "iss": 0.9, "lr": 0.05989081733494548, "reg": 0.16301107708185072, "sr": 2.533831146277458}}