{"returned_dict": {"loss": 0.07202393561601639, "r2": 0.07202393561601639, "status": "ok", "start_time": 1671742374.7350812, "duration": 2.1011245250701904}, "current_params": {"N": 100, "b": 0.5378061726479668, "c": 0.41189034167782335, "iss": 0.9, "lr": 0.002917610057864252, "reg": 0.627098762722535, "sr": 3.8824424587013477}}