{"returned_dict": {"loss": 0.07603630423545837, "r2": 0.07603630423545837, "status": "ok", "start_time": 1671741817.8999004, "duration": 2.0669214725494385}, "current_params": {"N": 100, "b": 0.6512829363588604, "c": 0.6407381684200432, "iss": 0.9, "lr": 0.06255824090582882, "reg": 0.4723889064734738, "sr": 3.7907431893697336}}