{"returned_dict": {"loss": 0.07068035006523132, "r2": 0.07068035006523132, "status": "ok", "start_time": 1671744817.0114155, "duration": 2.1665666103363037}, "current_params": {"N": 100, "b": 0.8343095933850798, "c": 0.8166326749469057, "iss": 0.9, "lr": 0.10377622163746929, "reg": 0.7143565983916697, "sr": 4.897614794172343}}