{"returned_dict": {"loss": 0.07065591961145401, "r2": 0.07065591961145401, "status": "ok", "start_time": 1671741877.2205167, "duration": 2.287093162536621}, "current_params": {"N": 100, "b": 0.13732241855809105, "c": 0.29721934441971665, "iss": 0.9, "lr": 0.00400717474529995, "reg": 0.6193055412806869, "sr": 1.706665733167314}}