{"returned_dict": {"loss": 0.07116445153951645, "r2": 0.07116445153951645, "status": "ok", "start_time": 1671740777.0427585, "duration": 2.3206467628479004}, "current_params": {"N": 300, "b": 0.23341137458297537, "c": 0.12686979726095268, "iss": 0.9, "lr": 0.0011872500467318813, "reg": 0.6760626187426886, "sr": 4.656003204365254}}