{"returned_dict": {"loss": 0.07794421911239624, "r2": 0.07794421911239624, "status": "ok", "start_time": 1671742186.3929381, "duration": 2.1799113750457764}, "current_params": {"N": 100, "b": 0.12341258919760595, "c": 0.8421698788631394, "iss": 0.9, "lr": 0.011236511825371144, "reg": 0.366678698892483, "sr": 3.278597009664853}}