{"returned_dict": {"loss": 0.07547801733016968, "r2": 0.07547801733016968, "status": "ok", "start_time": 1671745220.1806788, "duration": 2.1022331714630127}, "current_params": {"N": 100, "b": 0.25974121577060777, "c": 0.11265535216530191, "iss": 0.9, "lr": 0.0010043617690336307, "reg": 0.18832227396704676, "sr": 5.119277398578343}}