{"returned_dict": {"loss": 0.07353908568620682, "r2": 0.07353908568620682, "status": "ok", "start_time": 1671745153.2501812, "duration": 2.167154550552368}, "current_params": {"N": 100, "b": 0.2021106271106483, "c": 0.27538221251302364, "iss": 0.9, "lr": 0.0012993040563268495, "reg": 0.13287908854439512, "sr": 9.156205334855912}}