{"returned_dict": {"loss": 0.07931704074144363, "r2": 0.07931704074144363, "status": "ok", "start_time": 1671737908.8274024, "duration": 2.186260938644409}, "current_params": {"N": 300, "b": 0.5246248628442286, "c": 0.26149011529700056, "iss": 0.9, "lr": 0.2542383950235754, "reg": 0.2483843703472321, "sr": 5.574834337795087}}