{"returned_dict": {"loss": 0.07699748873710632, "r2": 0.07699748873710632, "status": "ok", "start_time": 1671740955.554397, "duration": 2.277132511138916}, "current_params": {"N": 200, "b": 0.7756550137571472, "c": 0.4037848392541014, "iss": 0.9, "lr": 0.011183394820548408, "reg": 0.421354136402119, "sr": 2.8011304241651445}}