{"returned_dict": {"loss": 0.07088347524404526, "r2": 0.07088347524404526, "status": "ok", "start_time": 1671741975.9544187, "duration": 2.0249903202056885}, "current_params": {"N": 100, "b": 0.10699675825555802, "c": 0.2303990370010347, "iss": 0.9, "lr": 0.014389845835336803, "reg": 0.16428461796554553, "sr": 1.8082428001940167}}