{"returned_dict": {"loss": 0.07477471977472305, "r2": 0.07477471977472305, "status": "ok", "start_time": 1671741020.1754298, "duration": 2.283717393875122}, "current_params": {"N": 300, "b": 0.28001583555145365, "c": 0.2663262849148458, "iss": 0.9, "lr": 0.28326522129337195, "reg": 0.26448963167188727, "sr": 3.1819254928368648}}