{"returned_dict": {"loss": 0.07357701659202576, "r2": 0.07357701659202576, "status": "ok", "start_time": 1671741172.364047, "duration": 2.2454442977905273}, "current_params": {"N": 300, "b": 0.5902511379328823, "c": 0.49119917262859, "iss": 0.9, "lr": 0.0011081719028516583, "reg": 0.7674380988618066, "sr": 4.482602664707058}}