{"returned_dict": {"loss": 0.07021012902259827, "r2": 0.07021012902259827, "status": "ok", "start_time": 1671740745.584203, "duration": 2.3113889694213867}, "current_params": {"N": 300, "b": 0.22956097638932255, "c": 0.11626357542286822, "iss": 0.9, "lr": 0.010488505278647926, "reg": 0.12294300024692131, "sr": 2.322726553566309}}