{"returned_dict": {"loss": 0.0729600265622139, "r2": 0.0729600265622139, "status": "ok", "start_time": 1671740324.4581327, "duration": 2.432377815246582}, "current_params": {"N": 300, "b": 0.10508086967619851, "c": 0.2069628692911127, "iss": 0.9, "lr": 0.0016930941327325617, "reg": 0.6835109095280938, "sr": 2.8101330763287047}}