{"returned_dict": {"loss": 0.07065591961145401, "r2": 0.07065591961145401, "status": "ok", "start_time": 1671745246.7240949, "duration": 2.1647348403930664}, "current_params": {"N": 100, "b": 0.13732241855809105, "c": 0.29721934441971665, "iss": 0.9, "lr": 0.00400717474529995, "reg": 0.6193055412806869, "sr": 1.706665733167314}}