{"returned_dict": {"loss": 0.0722094476222992, "r2": 0.0722094476222992, "status": "ok", "start_time": 1671742032.3691316, "duration": 2.077838659286499}, "current_params": {"N": 100, "b": 0.4296439848177494, "c": 0.8476792425212076, "iss": 0.9, "lr": 0.06752581801795417, "reg": 0.6553361151263352, "sr": 3.882956852753032}}