{"returned_dict": {"loss": 0.07375608384609222, "r2": 0.07375608384609222, "status": "ok", "start_time": 1671745077.5201309, "duration": 2.114819288253784}, "current_params": {"N": 100, "b": 0.37625057722669664, "c": 0.4346549989586068, "iss": 0.9, "lr": 0.011295567117425407, "reg": 0.18678824292732296, "sr": 2.7535493006154113}}