{"returned_dict": {"loss": 0.07898825407028198, "r2": 0.07898825407028198, "status": "ok", "start_time": 1671740195.6984227, "duration": 2.185572862625122}, "current_params": {"N": 200, "b": 0.15012636913267152, "c": 0.22239181869103514, "iss": 0.9, "lr": 0.0017068361591199817, "reg": 0.2780223766130997, "sr": 4.279857400428996}}