{"returned_dict": {"loss": 0.07784321904182434, "r2": 0.07784321904182434, "status": "ok", "start_time": 1671741208.049038, "duration": 2.313282012939453}, "current_params": {"N": 300, "b": 0.11346977451934814, "c": 0.1434883347389886, "iss": 0.9, "lr": 0.03954094259084247, "reg": 0.15481662550110942, "sr": 1.797129636527508}}