{"returned_dict": {"loss": 0.0734686627984047, "r2": 0.0734686627984047, "status": "ok", "start_time": 1671740573.4822245, "duration": 2.229358434677124}, "current_params": {"N": 300, "b": 0.5246248628442286, "c": 0.26149011529700056, "iss": 0.9, "lr": 0.2542383950235754, "reg": 0.2483843703472321, "sr": 8.230205049251813}}