{"returned_dict": {"loss": 0.08537217974662781, "r2": 0.08537217974662781, "status": "ok", "start_time": 1671744715.5455532, "duration": 2.205629825592041}, "current_params": {"N": 100, "b": 0.32078260785556023, "c": 0.7402116503813236, "iss": 0.9, "lr": 0.0017588986916506517, "reg": 0.9930868012926426, "sr": 5.001250349555954}}