{"returned_dict": {"loss": 0.08936765044927597, "r2": 0.08936765044927597, "status": "ok", "start_time": 1671740911.2965875, "duration": 2.157229423522949}, "current_params": {"N": 200, "b": 0.482764566340949, "c": 0.11647005495089473, "iss": 0.9, "lr": 0.1760172430852425, "reg": 0.5813857560525434, "sr": 8.569651044142068}}