{"returned_dict": {"loss": 0.08737250417470932, "r2": 0.08737250417470932, "status": "ok", "start_time": 1671740612.0633724, "duration": 2.0865111351013184}, "current_params": {"N": 100, "b": 0.1818358555493185, "c": 0.4632328786895856, "iss": 0.9, "lr": 0.0486282544586548, "reg": 0.9526079692760457, "sr": 4.647883533648355}}