{"returned_dict": {"loss": 0.08443031460046768, "r2": 0.08443031460046768, "status": "ok", "start_time": 1671741969.6317947, "duration": 2.0874509811401367}, "current_params": {"N": 100, "b": 0.2304832403050253, "c": 0.23149403875640578, "iss": 0.9, "lr": 0.041351055886843374, "reg": 0.7981396944566106, "sr": 7.614500675936283}}