{"returned_dict": {"loss": 0.08511408418416977, "r2": 0.08511408418416977, "status": "ok", "start_time": 1671742304.5897746, "duration": 2.1228082180023193}, "current_params": {"N": 100, "b": 0.18343436955831863, "c": 0.1237261471791992, "iss": 0.9, "lr": 0.06283002967069397, "reg": 0.15692002619245599, "sr": 3.2201819753190235}}