{"returned_dict": {"loss": 0.08271171152591705, "r2": 0.08271171152591705, "status": "ok", "start_time": 1671741040.2466369, "duration": 2.2250373363494873}, "current_params": {"N": 300, "b": 0.10090704631153774, "c": 0.5152731117359162, "iss": 0.9, "lr": 0.0023017548762809597, "reg": 0.6729615987805105, "sr": 3.1502082131841873}}