{"returned_dict": {"loss": 0.08240208774805069, "r2": 0.08240208774805069, "status": "ok", "start_time": 1671741779.445608, "duration": 2.0866639614105225}, "current_params": {"N": 100, "b": 0.15646629084850977, "c": 0.33558604269795417, "iss": 0.9, "lr": 0.1019392333699251, "reg": 0.35394720058810003, "sr": 4.177309995728665}}