{"returned_dict": {"loss": 0.08403012901544571, "r2": 0.08403012901544571, "status": "ok", "start_time": 1671741504.3880932, "duration": 2.123284101486206}, "current_params": {"N": 100, "b": 0.6375046855332097, "c": 0.9080578838096723, "iss": 0.9, "lr": 0.026802233205999445, "reg": 0.7054686499572371, "sr": 6.575015694150664}}