{"returned_dict": {"loss": 0.08553927391767502, "r2": 0.08553927391767502, "status": "ok", "start_time": 1671742160.5237517, "duration": 2.2552690505981445}, "current_params": {"N": 100, "b": 0.10965924886552393, "c": 0.4362929713209454, "iss": 0.9, "lr": 0.1410548949238564, "reg": 0.2933547988411321, "sr": 5.721960572719053}}