{"returned_dict": {"loss": 0.08008868247270584, "r2": 0.08008868247270584, "status": "ok", "start_time": 1671737991.6506033, "duration": 2.066704511642456}, "current_params": {"N": 300, "b": 0.5356517519338442, "c": 0.8501465621861978, "iss": 0.9, "lr": 0.0014544356244038587, "reg": 0.16464281893950014, "sr": 2.650078202328348}}