{"returned_dict": {"loss": 0.08431760221719742, "r2": 0.08431760221719742, "status": "ok", "start_time": 1671738136.8847682, "duration": 2.2156822681427}, "current_params": {"N": 300, "b": 0.7459633164858185, "c": 0.4394082478156582, "iss": 0.9, "lr": 0.051325573913067135, "reg": 0.5431384678507599, "sr": 3.2190497363544592}}