{"returned_dict": {"loss": 0.08314355462789536, "r2": 0.08314355462789536, "status": "ok", "start_time": 1671740208.7557452, "duration": 2.220698356628418}, "current_params": {"N": 200, "b": 0.6784161935144015, "c": 0.9780875884995625, "iss": 0.9, "lr": 0.18948823050344044, "reg": 0.8960046279002518, "sr": 5.806610085489866}}