{"returned_dict": {"loss": 0.08295460790395737, "r2": 0.08295460790395737, "status": "ok", "start_time": 1671738243.570498, "duration": 2.158820152282715}, "current_params": {"N": 200, "b": 0.307298460623749, "c": 0.530717632183387, "iss": 0.9, "lr": 0.0068799055882288246, "reg": 0.7726239073249466, "sr": 2.420787591782433}}