{"returned_dict": {"loss": 0.0857827439904213, "r2": 0.0857827439904213, "status": "ok", "start_time": 1671740668.0230436, "duration": 2.043274402618408}, "current_params": {"N": 100, "b": 0.3457167627231447, "c": 0.9229625473280196, "iss": 0.9, "lr": 0.09311705071498222, "reg": 0.20089340396180166, "sr": 9.331004223474078}}