{"returned_dict": {"loss": 0.08791182190179825, "r2": 0.08791182190179825, "status": "ok", "start_time": 1671737898.5242276, "duration": 1.9861407279968262}, "current_params": {"N": 200, "b": 0.2021106271106483, "c": 0.27538221251302364, "iss": 0.9, "lr": 0.0012993040563268495, "reg": 0.13287908854439512, "sr": 7.676205106760254}}