{"returned_dict": {"loss": 0.08671080321073532, "r2": 0.08671080321073532, "status": "ok", "start_time": 1671745209.0451727, "duration": 2.3296027183532715}, "current_params": {"N": 100, "b": 0.37841629305036983, "c": 0.2516944589534234, "iss": 0.9, "lr": 0.0022413456835949823, "reg": 0.6921016833030303, "sr": 2.610197482774561}}