{"returned_dict": {"loss": 0.08914915472269058, "r2": 0.08914915472269058, "status": "ok", "start_time": 1671742220.7966845, "duration": 2.125955820083618}, "current_params": {"N": 100, "b": 0.8674055149704053, "c": 0.2176359751749329, "iss": 0.9, "lr": 0.002357208571041795, "reg": 0.7434893772674745, "sr": 5.287666877227245}}