{"returned_dict": {"loss": 0.08344129472970963, "r2": 0.08344129472970963, "status": "ok", "start_time": 1671740902.1599164, "duration": 2.389413356781006}, "current_params": {"N": 300, "b": 0.5352096419057459, "c": 0.5992470209764726, "iss": 0.9, "lr": 0.20032581938401453, "reg": 0.14290569823915847, "sr": 3.2936654303718678}}