{"returned_dict": {"loss": 0.08760986477136612, "r2": 0.08760986477136612, "status": "ok", "start_time": 1671738484.3736484, "duration": 1.9836852550506592}, "current_params": {"N": 100, "b": 0.5686899449399596, "c": 0.12338576719953084, "iss": 0.9, "lr": 0.002908831257426153, "reg": 0.9945414788837225, "sr": 8.671012196937681}}