{"returned_dict": {"loss": 0.08812377601861954, "r2": 0.08812377601861954, "status": "ok", "start_time": 1671742343.012415, "duration": 2.101757526397705}, "current_params": {"N": 100, "b": 0.32121512558070475, "c": 0.13413676473855488, "iss": 0.9, "lr": 0.0013617499844976507, "reg": 0.35792792136944973, "sr": 8.822566824645719}}