{"returned_dict": {"loss": 0.08018545061349869, "r2": 0.08018545061349869, "status": "ok", "start_time": 1671740155.3802824, "duration": 2.202047824859619}, "current_params": {"N": 200, "b": 0.14015456260140555, "c": 0.9473823821180251, "iss": 0.9, "lr": 0.011273269250899024, "reg": 0.12678914293917806, "sr": 2.113241016112901}}