{"returned_dict": {"loss": 0.08996880054473877, "r2": 0.08996880054473877, "status": "ok", "start_time": 1671745151.0489244, "duration": 2.1934654712677}, "current_params": {"N": 100, "b": 0.2541972532188809, "c": 0.6895033857929539, "iss": 0.9, "lr": 0.002206362162974575, "reg": 0.10664898129058091, "sr": 3.4772306917803766}}