{"returned_dict": {"loss": 0.08035609126091003, "r2": 0.08035609126091003, "status": "ok", "start_time": 1671741013.4656355, "duration": 2.3134121894836426}, "current_params": {"N": 200, "b": 0.8674055149704053, "c": 0.2176359751749329, "iss": 0.9, "lr": 0.002357208571041795, "reg": 0.7434893772674745, "sr": 5.287666877227245}}