{"returned_dict": {"loss": 0.0809624120593071, "r2": 0.0809624120593071, "status": "ok", "start_time": 1671740837.6672785, "duration": 2.3181347846984863}, "current_params": {"N": 300, "b": 0.36255120554644504, "c": 0.6654419170557391, "iss": 0.9, "lr": 0.0020322817673548523, "reg": 0.16550442042099292, "sr": 3.139338753432436}}