{"returned_dict": {"loss": 0.08159187436103821, "r2": 0.08159187436103821, "status": "ok", "start_time": 1671741051.2557173, "duration": 2.1368014812469482}, "current_params": {"N": 200, "b": 0.22538741892635064, "c": 0.48467336455717347, "iss": 0.9, "lr": 0.18943682395527758, "reg": 0.22536645366382835, "sr": 9.294212065631978}}