{"returned_dict": {"loss": 0.08057551831007004, "r2": 0.08057551831007004, "status": "ok", "start_time": 1671740419.8743293, "duration": 2.239030361175537}, "current_params": {"N": 300, "b": 0.9791217760198553, "c": 0.14406547171085018, "iss": 0.9, "lr": 0.0013530394390112253, "reg": 0.4505920381025818, "sr": 4.942321762210675}}