{"returned_dict": {"loss": 0.08409377932548523, "r2": 0.08409377932548523, "status": "ok", "start_time": 1671741700.6904082, "duration": 2.1453940868377686}, "current_params": {"N": 100, "b": 0.22589003861138518, "c": 0.7312890185229031, "iss": 0.9, "lr": 0.056175796579322756, "reg": 0.26390029229568324, "sr": 5.467695916830662}}