{"returned_dict": {"loss": 0.08383491635322571, "r2": 0.08383491635322571, "status": "ok", "start_time": 1671742158.364727, "duration": 2.151883363723755}, "current_params": {"N": 100, "b": 0.26632826409656996, "c": 0.22136444481684922, "iss": 0.9, "lr": 0.0021069842510787135, "reg": 0.674065017207701, "sr": 7.283165283274894}}