{"returned_dict": {"loss": 0.08541550487279892, "r2": 0.08541550487279892, "status": "ok", "start_time": 1671742069.87082, "duration": 2.1242096424102783}, "current_params": {"N": 100, "b": 0.1319012940910559, "c": 0.38554729928388065, "iss": 0.9, "lr": 0.00664632906689143, "reg": 0.2970254125442147, "sr": 4.821792435518739}}