{"returned_dict": {"loss": 0.08858552575111389, "r2": 0.08858552575111389, "status": "ok", "start_time": 1671740301.1900523, "duration": 2.1629345417022705}, "current_params": {"N": 300, "b": 0.1910436382533824, "c": 0.6439619084132303, "iss": 0.9, "lr": 0.010820249488204384, "reg": 0.4160426929177107, "sr": 2.7114950122458463}}