{"returned_dict": {"loss": 0.08076731115579605, "r2": 0.08076731115579605, "status": "ok", "start_time": 1671737904.659978, "duration": 2.0850629806518555}, "current_params": {"N": 200, "b": 0.3334743983892344, "c": 0.1927460946788603, "iss": 0.9, "lr": 0.0010766940981987293, "reg": 0.36683204140674386, "sr": 3.6283379506122935}}