{"returned_dict": {"loss": 0.08348524570465088, "r2": 0.08348524570465088, "status": "ok", "start_time": 1671745162.1392376, "duration": 2.127002239227295}, "current_params": {"N": 100, "b": 0.2228410941698721, "c": 0.25201362433128505, "iss": 0.9, "lr": 0.0026600589333919127, "reg": 0.4672603934018851, "sr": 4.449562077925569}}