{"returned_dict": {"loss": 0.08150049299001694, "r2": 0.08150049299001694, "status": "ok", "start_time": 1671744925.222211, "duration": 2.0676562786102295}, "current_params": {"N": 100, "b": 0.4799012259354159, "c": 0.38138725588591577, "iss": 0.9, "lr": 0.0010387024872592213, "reg": 0.23806367075707752, "sr": 4.7350611555129944}}