{"returned_dict": {"loss": 0.08050481230020523, "r2": 0.08050481230020523, "status": "ok", "start_time": 1671741006.4524662, "duration": 2.50679612159729}, "current_params": {"N": 300, "b": 0.21242915453712113, "c": 0.35191814109060643, "iss": 0.9, "lr": 0.04988261099169484, "reg": 0.4804082735300303, "sr": 2.2793275693342054}}