{"returned_dict": {"loss": 0.08919782191514969, "r2": 0.08919782191514969, "status": "ok", "start_time": 1671738480.373802, "duration": 1.927952527999878}, "current_params": {"N": 100, "b": 0.34394718882259384, "c": 0.33144001221783764, "iss": 0.9, "lr": 0.0017601031734422643, "reg": 0.34298468776750285, "sr": 2.797719589996005}}