{"returned_dict": {"loss": 0.09550263732671738, "r2": 0.09550263732671738, "status": "ok", "start_time": 1671741885.6405995, "duration": 2.051898717880249}, "current_params": {"N": 100, "b": 0.13336741313666323, "c": 0.7059116588922302, "iss": 0.9, "lr": 0.003205017806363386, "reg": 0.1335260089909686, "sr": 2.7866907606608295}}