{"returned_dict": {"loss": 0.09227794408798218, "r2": 0.09227794408798218, "status": "ok", "start_time": 1671738226.7782059, "duration": 2.2409067153930664}, "current_params": {"N": 200, "b": 0.482764566340949, "c": 0.11647005495089473, "iss": 0.9, "lr": 0.1760172430852425, "reg": 0.5813857560525434, "sr": 6.293459090463981}}