{"returned_dict": {"loss": 0.0980566143989563, "r2": 0.0980566143989563, "status": "ok", "start_time": 1671737543.3808994, "duration": 2.036468982696533}, "current_params": {"N": 100, "b": 0.38763969293727446, "c": 0.3147534131905473, "iss": 0.9, "lr": 0.005473899359991359, "reg": 0.9962137323248021, "sr": 4.574545330611019}}