{"returned_dict": {"loss": 0.09914290904998779, "r2": 0.09914290904998779, "status": "ok", "start_time": 1671741420.4915462, "duration": 2.0605509281158447}, "current_params": {"N": 100, "b": 0.15012636913267152, "c": 0.22239181869103514, "iss": 0.9, "lr": 0.0017068361591199817, "reg": 0.2780223766130997, "sr": 4.279857400428996}}