{"returned_dict": {"loss": 0.09364879876375198, "r2": 0.09364879876375198, "status": "ok", "start_time": 1671742212.2644732, "duration": 2.08142352104187}, "current_params": {"N": 100, "b": 0.4923649288990864, "c": 0.19474097050943504, "iss": 0.9, "lr": 0.05783466929407284, "reg": 0.13598186824595912, "sr": 8.4254367467512}}