{"returned_dict": {"loss": 0.09521082788705826, "r2": 0.09521082788705826, "status": "ok", "start_time": 1671738357.832409, "duration": 2.076153039932251}, "current_params": {"N": 200, "b": 0.22538741892635064, "c": 0.48467336455717347, "iss": 0.9, "lr": 0.18943682395527758, "reg": 0.22536645366382835, "sr": 8.028561391307731}}