{"returned_dict": {"loss": 0.09752494096755981, "r2": 0.09752494096755981, "status": "ok", "start_time": 1671740130.53062, "duration": 2.23984694480896}, "current_params": {"N": 300, "b": 0.32078260785556023, "c": 0.7402116503813236, "iss": 0.9, "lr": 0.0017588986916506517, "reg": 0.9930868012926426, "sr": 5.001250349555954}}