{"returned_dict": {"loss": 0.09857648611068726, "r2": 0.09857648611068726, "status": "ok", "start_time": 1671741967.5072112, "duration": 2.1176016330718994}, "current_params": {"N": 100, "b": 0.24748102968823424, "c": 0.5637502500985688, "iss": 0.9, "lr": 0.046867297084523946, "reg": 0.1648179826437044, "sr": 3.438508798622473}}