{"returned_dict": {"loss": 0.098823182284832, "r2": 0.098823182284832, "status": "ok", "start_time": 1671741904.4634562, "duration": 2.082132339477539}, "current_params": {"N": 100, "b": 0.24231718053135512, "c": 0.5035333162886751, "iss": 0.9, "lr": 0.06852848147461756, "reg": 0.37674456949221685, "sr": 5.264435222460685}}