{"returned_dict": {"loss": 0.09683960676193237, "r2": 0.09683960676193237, "status": "ok", "start_time": 1671741912.9874718, "duration": 2.033564567565918}, "current_params": {"N": 100, "b": 0.1825517277903088, "c": 0.5085606768407495, "iss": 0.9, "lr": 0.0014990692927709303, "reg": 0.11788150580860186, "sr": 4.234144639493083}}