{"returned_dict": {"loss": 0.09095948189496994, "r2": 0.09095948189496994, "status": "ok", "start_time": 1671741000.070603, "duration": 2.1220271587371826}, "current_params": {"N": 100, "b": 0.6295556338211084, "c": 0.6858631299174325, "iss": 0.9, "lr": 0.09134912023535252, "reg": 0.14627485891274003, "sr": 4.804334183385023}}