{"returned_dict": {"loss": 0.09792118519544601, "r2": 0.09792118519544601, "status": "ok", "start_time": 1671737618.690787, "duration": 2.17732310295105}, "current_params": {"N": 300, "b": 0.21600269810915268, "c": 0.1619084489740398, "iss": 0.9, "lr": 0.20792063760808677, "reg": 0.11359227417096769, "sr": 3.3229413943755635}}