{"returned_dict": {"loss": 0.09197580069303513, "r2": 0.09197580069303513, "status": "ok", "start_time": 1671742201.5301442, "duration": 2.1097960472106934}, "current_params": {"N": 100, "b": 0.5012534313657634, "c": 0.5355068724107468, "iss": 0.9, "lr": 0.009895801286049062, "reg": 0.3514642944713503, "sr": 3.351044987914814}}