{"returned_dict": {"loss": 0.09919407218694687, "r2": 0.09919407218694687, "status": "ok", "start_time": 1671742084.9295835, "duration": 2.3090102672576904}, "current_params": {"N": 100, "b": 0.44885531241314114, "c": 0.7471733619914357, "iss": 0.9, "lr": 0.0016599469297046768, "reg": 0.11428958820236489, "sr": 5.422787421024062}}