{"returned_dict": {"loss": 0.09337067604064941, "r2": 0.09337067604064941, "status": "ok", "start_time": 1671740473.0035026, "duration": 2.2760677337646484}, "current_params": {"N": 300, "b": 0.6275957410108015, "c": 0.34006990565467643, "iss": 0.9, "lr": 0.17759507504958919, "reg": 0.5799756146422038, "sr": 8.85966180937148}}