{"returned_dict": {"loss": 0.09680680185556412, "r2": 0.09680680185556412, "status": "ok", "start_time": 1671740672.3805153, "duration": 2.2393503189086914}, "current_params": {"N": 300, "b": 0.15755372250124675, "c": 0.43950149273215067, "iss": 0.9, "lr": 0.0014462292557666065, "reg": 0.294214946520445, "sr": 8.10683510528745}}