{"returned_dict": {"loss": 0.0923222079873085, "r2": 0.0923222079873085, "status": "ok", "start_time": 1671740535.2337995, "duration": 2.2146949768066406}, "current_params": {"N": 200, "b": 0.13566531645923985, "c": 0.8419343339605643, "iss": 0.9, "lr": 0.026818040062708853, "reg": 0.2583083935046456, "sr": 2.074748718973935}}