{"returned_dict": {"loss": 0.09215471148490906, "r2": 0.09215471148490906, "status": "ok", "start_time": 1671740268.6564267, "duration": 2.2891201972961426}, "current_params": {"N": 300, "b": 0.21600269810915268, "c": 0.1619084489740398, "iss": 0.9, "lr": 0.20792063760808677, "reg": 0.11359227417096769, "sr": 6.926399874697367}}