{"returned_dict": {"loss": 0.0968393087387085, "r2": 0.0968393087387085, "status": "ok", "start_time": 1671742067.7018328, "duration": 2.1614949703216553}, "current_params": {"N": 100, "b": 0.1570259208747479, "c": 0.16479148004952845, "iss": 0.9, "lr": 0.06668244556782627, "reg": 0.21205831375774, "sr": 5.330116864462736}}