{"returned_dict": {"loss": 0.097525455057621, "r2": 0.097525455057621, "status": "ok", "start_time": 1671737572.7197623, "duration": 1.994211196899414}, "current_params": {"N": 100, "b": 0.7906998662511192, "c": 0.11080428840613966, "iss": 0.9, "lr": 0.01935540965604909, "reg": 0.649395157474003, "sr": 4.425195681471678}}