{"returned_dict": {"loss": 0.09978527575731277, "r2": 0.09978527575731277, "status": "ok", "start_time": 1671741033.6207266, "duration": 2.24646258354187}, "current_params": {"N": 200, "b": 0.2821203069758722, "c": 0.4463819038660079, "iss": 0.9, "lr": 0.15832774710377293, "reg": 0.22687017355447578, "sr": 6.348125838572588}}