{"returned_dict": {"loss": 0.09254494309425354, "r2": 0.09254494309425354, "status": "ok", "start_time": 1671740175.533934, "duration": 2.303865671157837}, "current_params": {"N": 300, "b": 0.5655843825702401, "c": 0.3275899478747668, "iss": 0.9, "lr": 0.034790822993190244, "reg": 0.9401573811723053, "sr": 2.817849314577345}}