{"returned_dict": {"loss": 0.09645035117864609, "r2": 0.09645035117864609, "status": "ok", "start_time": 1671741946.32078, "duration": 2.056424140930176}, "current_params": {"N": 100, "b": 0.7063607431604215, "c": 0.6311785729452114, "iss": 0.9, "lr": 0.07269665299339613, "reg": 0.4066799763542243, "sr": 4.616028214747305}}