{"returned_dict": {"loss": 0.09828966856002808, "r2": 0.09828966856002808, "status": "ok", "start_time": 1671740594.8770118, "duration": 2.136810064315796}, "current_params": {"N": 300, "b": 0.2396109345946111, "c": 0.5115148745248707, "iss": 0.9, "lr": 0.001952013025035884, "reg": 0.12098730349167153, "sr": 4.296870528516265}}