{"returned_dict": {"loss": 0.10428280383348465, "r2": 0.10428280383348465, "status": "ok", "start_time": 1671740977.7065241, "duration": 2.1657748222351074}, "current_params": {"N": 200, "b": 0.12341258919760595, "c": 0.8421698788631394, "iss": 0.9, "lr": 0.011236511825371144, "reg": 0.366678698892483, "sr": 3.278597009664853}}