{"returned_dict": {"loss": 0.10576645284891129, "r2": 0.10576645284891129, "status": "ok", "start_time": 1671741915.0280168, "duration": 2.0393362045288086}, "current_params": {"N": 100, "b": 0.8507423168656332, "c": 0.11893736060894118, "iss": 0.9, "lr": 0.05249770316208663, "reg": 0.25540104286606347, "sr": 3.8617077724461}}