{"returned_dict": {"loss": 0.10610940307378769, "r2": 0.10610940307378769, "status": "ok", "start_time": 1671738224.5965834, "duration": 2.1771304607391357}, "current_params": {"N": 300, "b": 0.8312479171763649, "c": 0.5013975590119712, "iss": 0.9, "lr": 0.006858129388298765, "reg": 0.1402837485736772, "sr": 3.543582316321642}}