{"returned_dict": {"loss": 0.10273141413927078, "r2": 0.10273141413927078, "status": "ok", "start_time": 1671744747.5581782, "duration": 2.218618154525757}, "current_params": {"N": 100, "b": 0.3671504084922098, "c": 0.19034874015391315, "iss": 0.9, "lr": 0.050891035673396985, "reg": 0.49144065986301433, "sr": 9.967787150882925}}