{"returned_dict": {"loss": 0.10515174269676208, "r2": 0.10515174269676208, "status": "ok", "start_time": 1671737741.8041196, "duration": 1.9959557056427002}, "current_params": {"N": 200, "b": 0.7500413258928623, "c": 0.25212693909911466, "iss": 0.9, "lr": 0.023565820546423054, "reg": 0.7127178255418706, "sr": 5.987530745926844}}