{"returned_dict": {"loss": 0.10001534223556519, "r2": 0.10001534223556519, "status": "ok", "start_time": 1671740233.2580464, "duration": 2.1698734760284424}, "current_params": {"N": 200, "b": 0.30413645603062983, "c": 0.16171469724981855, "iss": 0.9, "lr": 0.07729401267577381, "reg": 0.47627438340683814, "sr": 2.768109331793993}}