{"returned_dict": {"loss": 0.10463080555200577, "r2": 0.10463080555200577, "status": "ok", "start_time": 1671741992.5521395, "duration": 2.1078126430511475}, "current_params": {"N": 100, "b": 0.5801601994412748, "c": 0.2620934163105642, "iss": 0.9, "lr": 0.0011651970279849455, "reg": 0.17262373814905782, "sr": 4.29493479625417}}