{"returned_dict": {"loss": 0.10130751878023148, "r2": 0.10130751878023148, "status": "ok", "start_time": 1671737915.1048856, "duration": 2.182537794113159}, "current_params": {"N": 200, "b": 0.13215626588766852, "c": 0.14843443211322474, "iss": 0.9, "lr": 0.02942052470600702, "reg": 0.2358905841064786, "sr": 2.539477457357376}}