{"returned_dict": {"loss": 0.10259100794792175, "r2": 0.10259100794792175, "status": "ok", "start_time": 1671741822.0122387, "duration": 2.138000249862671}, "current_params": {"N": 100, "b": 0.5643821329495936, "c": 0.1457636330808847, "iss": 0.9, "lr": 0.08147759376551585, "reg": 0.27979187208417866, "sr": 5.505195349465581}}