{"returned_dict": {"loss": 0.10532764345407486, "r2": 0.10532764345407486, "status": "ok", "start_time": 1671737813.0540268, "duration": 2.074976682662964}, "current_params": {"N": 300, "b": 0.6275957410108015, "c": 0.34006990565467643, "iss": 0.9, "lr": 0.17759507504958919, "reg": 0.5799756146422038, "sr": 6.954268155528045}}