{"returned_dict": {"loss": 0.10045447200536728, "r2": 0.10045447200536728, "status": "ok", "start_time": 1671742136.8300655, "duration": 2.0881710052490234}, "current_params": {"N": 100, "b": 0.4291811917444591, "c": 0.6581401754364358, "iss": 0.9, "lr": 0.004584358341331775, "reg": 0.2607594750966047, "sr": 3.1551062391711096}}