{"returned_dict": {"loss": 0.10067664831876755, "r2": 0.10067664831876755, "status": "ok", "start_time": 1671741759.3417444, "duration": 2.1512110233306885}, "current_params": {"N": 100, "b": 0.1390602979545292, "c": 0.5284369304324074, "iss": 0.9, "lr": 0.02801415255330273, "reg": 0.12112019327704544, "sr": 2.754624322391073}}