{"returned_dict": {"loss": 0.10449335724115372, "r2": 0.10449335724115372, "status": "ok", "start_time": 1671740993.1661744, "duration": 2.206195592880249}, "current_params": {"N": 300, "b": 0.5012534313657634, "c": 0.5355068724107468, "iss": 0.9, "lr": 0.009895801286049062, "reg": 0.3514642944713503, "sr": 3.351044987914814}}