{"returned_dict": {"loss": 0.10003439337015152, "r2": 0.10003439337015152, "status": "ok", "start_time": 1671745213.639011, "duration": 2.173004627227783}, "current_params": {"N": 100, "b": 0.12095045555427175, "c": 0.2993213454618205, "iss": 0.9, "lr": 0.0034091289862712786, "reg": 0.672001797061605, "sr": 2.0515763563590856}}