{"returned_dict": {"loss": 0.10296106338500977, "r2": 0.10296106338500977, "status": "ok", "start_time": 1671742210.125773, "duration": 2.12841534614563}, "current_params": {"N": 100, "b": 0.3151875642402231, "c": 0.5192407396109194, "iss": 0.9, "lr": 0.002929308469923522, "reg": 0.7069216529032327, "sr": 7.112072289976441}}