{"returned_dict": {"loss": 0.10168657451868057, "r2": 0.10168657451868057, "status": "ok", "start_time": 1671737705.1702518, "duration": 1.9689948558807373}, "current_params": {"N": 100, "b": 0.13094250183297018, "c": 0.26512700260643596, "iss": 0.9, "lr": 0.001055234755253992, "reg": 0.160863067552842, "sr": 6.700381333753656}}