{"returned_dict": {"loss": 0.10643917322158813, "r2": 0.10643917322158813, "status": "ok", "start_time": 1671740801.5505762, "duration": 2.3147623538970947}, "current_params": {"N": 300, "b": 0.9687361396689896, "c": 0.1745156998469274, "iss": 0.9, "lr": 0.15145260176264067, "reg": 0.31348219773582847, "sr": 5.279748421222008}}