{"returned_dict": {"loss": 0.10893548280000687, "r2": 0.10893548280000687, "status": "ok", "start_time": 1671740743.3583827, "duration": 2.21972918510437}, "current_params": {"N": 200, "b": 0.11492617620634782, "c": 0.72799003772971, "iss": 0.9, "lr": 0.027282917589189125, "reg": 0.6739061770328106, "sr": 3.1454543449725483}}