{"returned_dict": {"loss": 0.100521020591259, "r2": 0.100521020591259, "status": "ok", "start_time": 1671737534.985478, "duration": 2.092376708984375}, "current_params": {"N": 300, "b": 0.10043714599703868, "c": 0.13563779841156404, "iss": 0.9, "lr": 0.1386462414118372, "reg": 0.4710332352759412, "sr": 4.997336540870969}}