{"returned_dict": {"loss": 0.10501420497894287, "r2": 0.10501420497894287, "status": "ok", "start_time": 1671740186.8460422, "duration": 2.1439154148101807}, "current_params": {"N": 100, "b": 0.5613176913793263, "c": 0.1747291482045501, "iss": 0.9, "lr": 0.06703300913405119, "reg": 0.17072191427743394, "sr": 6.52167610126316}}