{"returned_dict": {"loss": 0.11101927608251572, "r2": 0.11101927608251572, "status": "ok", "start_time": 1671742300.4067981, "duration": 2.123422622680664}, "current_params": {"N": 100, "b": 0.2271061122636949, "c": 0.9141603428068512, "iss": 0.9, "lr": 0.061880908273659545, "reg": 0.3867971032088218, "sr": 5.2305396656064165}}