{"returned_dict": {"loss": 0.11111549288034439, "r2": 0.11111549288034439, "status": "ok", "start_time": 1671737888.0278642, "duration": 2.0873959064483643}, "current_params": {"N": 200, "b": 0.9292666170093176, "c": 0.4286783803776698, "iss": 0.9, "lr": 0.005129387471264332, "reg": 0.10675429689597166, "sr": 3.402843095812316}}