{"returned_dict": {"loss": 0.11004969477653503, "r2": 0.11004969477653503, "status": "ok", "start_time": 1671738314.0702748, "duration": 2.0518581867218018}, "current_params": {"N": 100, "b": 0.4923649288990864, "c": 0.19474097050943504, "iss": 0.9, "lr": 0.05783466929407284, "reg": 0.13598186824595912, "sr": 5.981047721183329}}