{"returned_dict": {"loss": 0.11556965112686157, "r2": 0.11556965112686157, "status": "ok", "start_time": 1671740498.601767, "duration": 2.131955862045288}, "current_params": {"N": 200, "b": 0.14425945272763419, "c": 0.38718644133856495, "iss": 0.9, "lr": 0.017942623962965615, "reg": 0.8679737875786887, "sr": 2.165143143856677}}