{"returned_dict": {"loss": 0.11303702741861343, "r2": 0.11303702741861343, "status": "ok", "start_time": 1671745084.2043374, "duration": 2.1557095050811768}, "current_params": {"N": 100, "b": 0.1444658150545725, "c": 0.41177434210486613, "iss": 0.9, "lr": 0.01646090380035458, "reg": 0.3917730305147618, "sr": 4.055958692692669}}