{"returned_dict": {"loss": 0.11653333902359009, "r2": 0.11653333902359009, "status": "ok", "start_time": 1671740230.9415638, "duration": 2.311476945877075}, "current_params": {"N": 300, "b": 0.8343095933850798, "c": 0.8166326749469057, "iss": 0.9, "lr": 0.10377622163746929, "reg": 0.7143565983916697, "sr": 4.897614794172343}}