{"returned_dict": {"loss": 0.11640094965696335, "r2": 0.11640094965696335, "status": "ok", "start_time": 1671737747.8140042, "duration": 2.178175926208496}, "current_params": {"N": 300, "b": 0.22521508280358848, "c": 0.2262813883349643, "iss": 0.9, "lr": 0.02580145195828277, "reg": 0.49711934255450335, "sr": 3.116205128636743}}