{"returned_dict": {"loss": 0.11822772026062012, "r2": 0.11822772026062012, "status": "ok", "start_time": 1671740975.3540752, "duration": 2.3452951908111572}, "current_params": {"N": 300, "b": 0.25124751405673124, "c": 0.1175378671185825, "iss": 0.9, "lr": 0.026882977141601313, "reg": 0.4036035329938374, "sr": 2.339693496557448}}