{"returned_dict": {"loss": 0.11469272524118423, "r2": 0.11469272524118423, "status": "ok", "start_time": 1671740714.8458242, "duration": 2.124312162399292}, "current_params": {"N": 200, "b": 0.14187091031538468, "c": 0.37170646001155927, "iss": 0.9, "lr": 0.007576719552761974, "reg": 0.35043151802562655, "sr": 3.358953316714961}}