{"returned_dict": {"loss": 0.11251657456159592, "r2": 0.11251657456159592, "status": "ok", "start_time": 1671740496.4527159, "duration": 2.143904685974121}, "current_params": {"N": 200, "b": 0.1444658150545725, "c": 0.41177434210486613, "iss": 0.9, "lr": 0.01646090380035458, "reg": 0.3917730305147618, "sr": 4.055958692692669}}