{"returned_dict": {"loss": 0.11354053020477295, "r2": 0.11354053020477295, "status": "ok", "start_time": 1671740164.2772467, "duration": 2.2667853832244873}, "current_params": {"N": 200, "b": 0.9777455670909221, "c": 0.23730502986739818, "iss": 0.9, "lr": 0.14684610291088662, "reg": 0.14192477609769236, "sr": 4.790540664070417}}