{"returned_dict": {"loss": 0.11652278900146484, "r2": 0.11652278900146484, "status": "ok", "start_time": 1671740817.5612502, "duration": 2.2340610027313232}, "current_params": {"N": 200, "b": 0.4296439848177494, "c": 0.8476792425212076, "iss": 0.9, "lr": 0.06752581801795417, "reg": 0.6553361151263352, "sr": 3.882956852753032}}