{"returned_dict": {"loss": 0.11766444891691208, "r2": 0.11766444891691208, "status": "ok", "start_time": 1671741080.1162238, "duration": 2.3262429237365723}, "current_params": {"N": 300, "b": 0.4593088853129273, "c": 0.517892789401923, "iss": 0.9, "lr": 0.02656124145111163, "reg": 0.1414309301209633, "sr": 3.2101539945656254}}