{"returned_dict": {"loss": 0.11640515178442001, "r2": 0.11640515178442001, "status": "ok", "start_time": 1671740180.108335, "duration": 2.3365070819854736}, "current_params": {"N": 300, "b": 0.10043714599703868, "c": 0.13563779841156404, "iss": 0.9, "lr": 0.1386462414118372, "reg": 0.4710332352759412, "sr": 7.935595683580345}}