{"returned_dict": {"loss": 0.11996683478355408, "r2": 0.11996683478355408, "status": "ok", "start_time": 1671740873.2227497, "duration": 2.1330323219299316}, "current_params": {"N": 200, "b": 0.44885531241314114, "c": 0.7471733619914357, "iss": 0.9, "lr": 0.0016599469297046768, "reg": 0.11428958820236489, "sr": 5.422787421024062}}