{"returned_dict": {"loss": 0.11409807950258255, "r2": 0.11409807950258255, "status": "ok", "start_time": 1671737547.4627018, "duration": 2.0795884132385254}, "current_params": {"N": 200, "b": 0.5168982205563806, "c": 0.12829608939510231, "iss": 0.9, "lr": 0.04203563441395582, "reg": 0.25964158050171177, "sr": 3.6652347285793736}}