{"returned_dict": {"loss": 0.11167927831411362, "r2": 0.11167927831411362, "status": "ok", "start_time": 1671740692.576567, "duration": 2.3649020195007324}, "current_params": {"N": 200, "b": 0.8507423168656332, "c": 0.11893736060894118, "iss": 0.9, "lr": 0.05249770316208663, "reg": 0.25540104286606347, "sr": 3.8617077724461}}