{"returned_dict": {"loss": 0.110970638692379, "r2": 0.110970638692379, "status": "ok", "start_time": 1671740297.0114906, "duration": 2.164339065551758}, "current_params": {"N": 200, "b": 0.46952618963508747, "c": 0.1318092914793634, "iss": 0.9, "lr": 0.16859893208998253, "reg": 0.1295736084886555, "sr": 6.153272817705805}}