{"returned_dict": {"loss": 0.11255792528390884, "r2": 0.11255792528390884, "status": "ok", "start_time": 1671742026.018168, "duration": 2.2028355598449707}, "current_params": {"N": 100, "b": 0.2713167771240334, "c": 0.29826716932542785, "iss": 0.9, "lr": 0.06557566363846862, "reg": 0.2690843397870629, "sr": 4.709990537044534}}