{"returned_dict": {"loss": 0.12730975449085236, "r2": 0.12730975449085236, "status": "ok", "start_time": 1671737999.8981733, "duration": 2.09262752532959}, "current_params": {"N": 100, "b": 0.3457167627231447, "c": 0.9229625473280196, "iss": 0.9, "lr": 0.09311705071498222, "reg": 0.20089340396180166, "sr": 8.124285148742603}}