{"returned_dict": {"loss": 0.12869499623775482, "r2": 0.12869499623775482, "status": "ok", "start_time": 1671740979.8782837, "duration": 2.2599332332611084}, "current_params": {"N": 300, "b": 0.26110537996490446, "c": 0.3605072426357226, "iss": 0.9, "lr": 0.0026605844574292235, "reg": 0.302429621665854, "sr": 5.478841145396529}}