{"returned_dict": {"loss": 0.12189211696386337, "r2": 0.12189211696386337, "status": "ok", "start_time": 1671742147.5920012, "duration": 2.092646598815918}, "current_params": {"N": 100, "b": 0.9442724673213714, "c": 0.5448779499296549, "iss": 0.9, "lr": 0.0010390007938857451, "reg": 0.2066646166346815, "sr": 7.427492802221456}}