{"returned_dict": {"loss": 0.12822990119457245, "r2": 0.12822990119457245, "status": "ok", "start_time": 1671742072.0030084, "duration": 2.0282680988311768}, "current_params": {"N": 100, "b": 0.30941847308231807, "c": 0.28636053613101153, "iss": 0.9, "lr": 0.004852265249673947, "reg": 0.17930712440365473, "sr": 7.322370753275035}}