{"returned_dict": {"loss": 0.12444762140512466, "r2": 0.12444762140512466, "status": "ok", "start_time": 1671742357.7266188, "duration": 2.2095913887023926}, "current_params": {"N": 100, "b": 0.8647175138533394, "c": 0.2893994546665233, "iss": 0.9, "lr": 0.0026894561349567188, "reg": 0.2654386584858759, "sr": 3.6936308171251784}}