{"returned_dict": {"loss": 0.12276742607355118, "r2": 0.12276742607355118, "status": "ok", "start_time": 1671738189.372318, "duration": 2.138458251953125}, "current_params": {"N": 200, "b": 0.1432037629143728, "c": 0.17844674275830158, "iss": 0.9, "lr": 0.018924335451938, "reg": 0.4540193914614637, "sr": 2.620186887899173}}