{"returned_dict": {"loss": 0.12311365455389023, "r2": 0.12311365455389023, "status": "ok", "start_time": 1671740951.1726058, "duration": 2.1291251182556152}, "current_params": {"N": 200, "b": 0.10965924886552393, "c": 0.4362929713209454, "iss": 0.9, "lr": 0.1410548949238564, "reg": 0.2933547988411321, "sr": 5.721960572719053}}