{"returned_dict": {"loss": 0.12126018851995468, "r2": 0.12126018851995468, "status": "ok", "start_time": 1671742171.359753, "duration": 2.1820266246795654}, "current_params": {"N": 100, "b": 0.23378525715984622, "c": 0.4228128056360456, "iss": 0.9, "lr": 0.06856350733458151, "reg": 0.7012744303233724, "sr": 8.2990478722179}}