{"returned_dict": {"loss": 0.12483558803796768, "r2": 0.12483558803796768, "status": "ok", "start_time": 1671742030.3196044, "duration": 2.0425453186035156}, "current_params": {"N": 100, "b": 0.7459633164858185, "c": 0.4394082478156582, "iss": 0.9, "lr": 0.051325573913067135, "reg": 0.5431384678507599, "sr": 6.853449688615406}}