{"returned_dict": {"loss": 0.1267746388912201, "r2": 0.1267746388912201, "status": "ok", "start_time": 1671741022.4654605, "duration": 2.2359278202056885}, "current_params": {"N": 200, "b": 0.8924341177678581, "c": 0.1347151713029541, "iss": 0.9, "lr": 0.0019423548359328022, "reg": 0.324232729191941, "sr": 3.508960842509384}}