{"returned_dict": {"loss": 0.12871123850345612, "r2": 0.12871123850345612, "status": "ok", "start_time": 1671741935.9251747, "duration": 2.035878896713257}, "current_params": {"N": 100, "b": 0.14187091031538468, "c": 0.37170646001155927, "iss": 0.9, "lr": 0.007576719552761974, "reg": 0.35043151802562655, "sr": 3.358953316714961}}