{"returned_dict": {"loss": 0.12611828744411469, "r2": 0.12611828744411469, "status": "ok", "start_time": 1671740373.8502088, "duration": 2.1056385040283203}, "current_params": {"N": 200, "b": 0.995379373853544, "c": 0.8401419813164621, "iss": 0.9, "lr": 0.15428159953435763, "reg": 0.1886547297977578, "sr": 5.589152906744308}}