{"returned_dict": {"loss": 0.12483599781990051, "r2": 0.12483599781990051, "status": "ok", "start_time": 1671745135.477121, "duration": 2.2086212635040283}, "current_params": {"N": 100, "b": 0.22051723987088492, "c": 0.5142656579838233, "iss": 0.9, "lr": 0.014953523366352304, "reg": 0.8746996690289743, "sr": 5.757825023427763}}