{"returned_dict": {"loss": 0.12374561280012131, "r2": 0.12374561280012131, "status": "ok", "start_time": 1671741990.4832094, "duration": 2.0619499683380127}, "current_params": {"N": 100, "b": 0.11248005126838483, "c": 0.7517792533952482, "iss": 0.9, "lr": 0.08420155059625796, "reg": 0.17667797575638816, "sr": 3.276614056110574}}