{"returned_dict": {"loss": 0.12203872203826904, "r2": 0.12203872203826904, "status": "ok", "start_time": 1671745062.5931003, "duration": 2.1088500022888184}, "current_params": {"N": 100, "b": 0.27582790662421386, "c": 0.1823443373988989, "iss": 0.9, "lr": 0.004924674001327178, "reg": 0.1131971343861383, "sr": 3.07097829020848}}