{"returned_dict": {"loss": 0.12405797094106674, "r2": 0.12405797094106674, "status": "ok", "start_time": 1671737778.5253568, "duration": 1.9833014011383057}, "current_params": {"N": 100, "b": 0.11397054723771277, "c": 0.10184281168829636, "iss": 0.9, "lr": 0.010013001344096625, "reg": 0.3518078333243298, "sr": 3.1803793940136518}}