{"returned_dict": {"loss": 0.125313863158226, "r2": 0.125313863158226, "status": "ok", "start_time": 1671737658.8819578, "duration": 2.137652635574341}, "current_params": {"N": 300, "b": 0.2938826844826707, "c": 0.21955091071110946, "iss": 0.9, "lr": 0.024081733532461607, "reg": 0.11287814194505481, "sr": 2.5402477361159956}}