{"returned_dict": {"loss": 0.12791131436824799, "r2": 0.12791131436824799, "status": "ok", "start_time": 1671741122.7574358, "duration": 2.2023708820343018}, "current_params": {"N": 200, "b": 0.2085378556601877, "c": 0.15318359821094882, "iss": 0.9, "lr": 0.008986470115451558, "reg": 0.35126848591840243, "sr": 3.5771689141680865}}