{"returned_dict": {"loss": 0.13530482351779938, "r2": 0.13530482351779938, "status": "ok", "start_time": 1671740135.1600318, "duration": 2.2352306842803955}, "current_params": {"N": 200, "b": 0.984931496446067, "c": 0.37450788803627855, "iss": 0.9, "lr": 0.0014528929731718976, "reg": 0.5907188337611996, "sr": 5.288084711993284}}