{"returned_dict": {"loss": 0.1355961412191391, "r2": 0.1355961412191391, "status": "ok", "start_time": 1671741835.0369704, "duration": 2.1697468757629395}, "current_params": {"N": 100, "b": 0.5331041340227792, "c": 0.41699902386878396, "iss": 0.9, "lr": 0.007130701686299744, "reg": 0.13788412569545336, "sr": 4.246226493283501}}