{"returned_dict": {"loss": 0.13910603523254395, "r2": 0.13910603523254395, "status": "ok", "start_time": 1671740284.1861238, "duration": 2.1901323795318604}, "current_params": {"N": 200, "b": 0.6375046855332097, "c": 0.9080578838096723, "iss": 0.9, "lr": 0.026802233205999445, "reg": 0.7054686499572371, "sr": 6.575015694150664}}