{"returned_dict": {"loss": 0.13668498396873474, "r2": 0.13668498396873474, "status": "ok", "start_time": 1671738111.5631657, "duration": 2.0213165283203125}, "current_params": {"N": 200, "b": 0.28316592974079946, "c": 0.2528972672589762, "iss": 0.9, "lr": 0.002980494580652544, "reg": 0.777241434173803, "sr": 8.664948648531027}}