{"returned_dict": {"loss": 0.13704238831996918, "r2": 0.13704238831996918, "status": "ok", "start_time": 1671740217.55319, "duration": 2.2072980403900146}, "current_params": {"N": 300, "b": 0.48661918700375706, "c": 0.2877598019205282, "iss": 0.9, "lr": 0.008993216326780393, "reg": 0.4381232811916335, "sr": 4.6997399963038715}}