{"returned_dict": {"loss": 0.13773603737354279, "r2": 0.13773603737354279, "status": "ok", "start_time": 1671742036.4661024, "duration": 2.11118483543396}, "current_params": {"N": 100, "b": 0.2522660886319988, "c": 0.12305486658093537, "iss": 0.9, "lr": 0.030277284489947397, "reg": 0.39911444040549926, "sr": 3.404158137960625}}