{"returned_dict": {"loss": 0.13400450348854065, "r2": 0.13400450348854065, "status": "ok", "start_time": 1671738178.9322324, "duration": 2.115283966064453}, "current_params": {"N": 200, "b": 0.30941847308231807, "c": 0.28636053613101153, "iss": 0.9, "lr": 0.004852265249673947, "reg": 0.17930712440365473, "sr": 3.9260438338972232}}