{"returned_dict": {"loss": 0.13734182715415955, "r2": 0.13734182715415955, "status": "ok", "start_time": 1671742082.6689537, "duration": 2.254615545272827}, "current_params": {"N": 100, "b": 0.1432037629143728, "c": 0.17844674275830158, "iss": 0.9, "lr": 0.018924335451938, "reg": 0.4540193914614637, "sr": 6.398980052224478}}