{"returned_dict": {"loss": 0.13455994427204132, "r2": 0.13455994427204132, "status": "ok", "start_time": 1671742325.8398156, "duration": 2.2887935638427734}, "current_params": {"N": 100, "b": 0.2085378556601877, "c": 0.15318359821094882, "iss": 0.9, "lr": 0.008986470115451558, "reg": 0.35126848591840243, "sr": 3.5771689141680865}}