{"returned_dict": {"loss": 0.13736791908740997, "r2": 0.13736791908740997, "status": "ok", "start_time": 1671745111.2158642, "duration": 2.2480547428131104}, "current_params": {"N": 100, "b": 0.9326733291978175, "c": 0.5551988029287707, "iss": 0.9, "lr": 0.0020459627481612115, "reg": 0.14956866792972265, "sr": 4.907752392788322}}