{"returned_dict": {"loss": 0.13650169968605042, "r2": 0.13650169968605042, "status": "ok", "start_time": 1671742372.5720737, "duration": 2.155517816543579}, "current_params": {"N": 100, "b": 0.5902511379328823, "c": 0.49119917262859, "iss": 0.9, "lr": 0.0011081719028516583, "reg": 0.7674380988618066, "sr": 4.482602664707058}}