{"returned_dict": {"loss": 0.13275931775569916, "r2": 0.13275931775569916, "status": "ok", "start_time": 1671745093.4241662, "duration": 2.1944310665130615}, "current_params": {"N": 100, "b": 0.39839486600317464, "c": 0.3548712659629885, "iss": 0.9, "lr": 0.005273335540171085, "reg": 0.1260286049721552, "sr": 3.4181509421340395}}