{"returned_dict": {"loss": 0.13166145980358124, "r2": 0.13166145980358124, "status": "ok", "start_time": 1671742315.2691998, "duration": 2.0900650024414062}, "current_params": {"N": 100, "b": 0.5759507075108757, "c": 0.28320855517287336, "iss": 0.9, "lr": 0.0030614396963717628, "reg": 0.1464981437997267, "sr": 4.387254533430475}}