{"returned_dict": {"loss": 0.13325504958629608, "r2": 0.13325504958629608, "status": "ok", "start_time": 1671742279.0548341, "duration": 2.075409412384033}, "current_params": {"N": 100, "b": 0.9691348519354525, "c": 0.7855769153042802, "iss": 0.9, "lr": 0.0036941798248421487, "reg": 0.28059863958319403, "sr": 2.643191075644346}}