{"returned_dict": {"loss": 0.13386045396327972, "r2": 0.13386045396327972, "status": "ok", "start_time": 1671742263.7316878, "duration": 2.187997817993164}, "current_params": {"N": 100, "b": 0.581172693085933, "c": 0.5214868731068342, "iss": 0.9, "lr": 0.0012065082929866335, "reg": 0.9425000543265661, "sr": 6.389363912654746}}