{"returned_dict": {"loss": 0.13367745280265808, "r2": 0.13367745280265808, "status": "ok", "start_time": 1671740571.4036405, "duration": 2.0735418796539307}, "current_params": {"N": 200, "b": 0.2228410941698721, "c": 0.25201362433128505, "iss": 0.9, "lr": 0.0026600589333919127, "reg": 0.4672603934018851, "sr": 4.449562077925569}}