{"returned_dict": {"loss": 0.1413431614637375, "r2": 0.1413431614637375, "status": "ok", "start_time": 1671742370.454554, "duration": 2.1097357273101807}, "current_params": {"N": 100, "b": 0.10614524481926702, "c": 0.1489210585259753, "iss": 0.9, "lr": 0.027529354667117274, "reg": 0.8338425856275485, "sr": 4.023269496990859}}