{"returned_dict": {"loss": 0.14524666965007782, "r2": 0.14524666965007782, "status": "ok", "start_time": 1671738130.5144837, "duration": 2.178006887435913}, "current_params": {"N": 300, "b": 0.5968927357691607, "c": 0.5966961545619561, "iss": 0.9, "lr": 0.024693212214303244, "reg": 0.3029300708619324, "sr": 3.342525124239368}}