{"returned_dict": {"loss": 0.14983102679252625, "r2": 0.14983102679252625, "status": "ok", "start_time": 1671740712.6242175, "duration": 2.216616630554199}, "current_params": {"N": 100, "b": 0.16876139496921155, "c": 0.2293949687310976, "iss": 0.9, "lr": 0.0017229512081109878, "reg": 0.6924630048124206, "sr": 7.320379478806805}}