{"returned_dict": {"loss": 0.14082807302474976, "r2": 0.14082807302474976, "status": "ok", "start_time": 1671740475.2835345, "duration": 2.1163995265960693}, "current_params": {"N": 300, "b": 0.27582790662421386, "c": 0.1823443373988989, "iss": 0.9, "lr": 0.004924674001327178, "reg": 0.1131971343861383, "sr": 3.07097829020848}}