{"returned_dict": {"loss": 0.14340955018997192, "r2": 0.14340955018997192, "status": "ok", "start_time": 1671741069.0130603, "duration": 2.1278164386749268}, "current_params": {"N": 100, "b": 0.25220801155156886, "c": 0.587998862893945, "iss": 0.9, "lr": 0.005637122924748199, "reg": 0.17450939088036224, "sr": 4.476536007644574}}