{"returned_dict": {"loss": 0.14870773255825043, "r2": 0.14870773255825043, "status": "ok", "start_time": 1671745217.9751058, "duration": 2.1957948207855225}, "current_params": {"N": 100, "b": 0.5494618196781179, "c": 0.1536607221561436, "iss": 0.9, "lr": 0.03150553788299122, "reg": 0.2465053185856484, "sr": 4.56035049120171}}