{"returned_dict": {"loss": 0.14070774614810944, "r2": 0.14070774614810944, "status": "ok", "start_time": 1671740938.0129955, "duration": 2.133697032928467}, "current_params": {"N": 300, "b": 0.9442724673213714, "c": 0.5448779499296549, "iss": 0.9, "lr": 0.0010390007938857451, "reg": 0.2066646166346815, "sr": 7.427492802221456}}