{"returned_dict": {"loss": 0.1471308320760727, "r2": 0.1471308320760727, "status": "ok", "start_time": 1671741908.7040749, "duration": 2.1724748611450195}, "current_params": {"N": 100, "b": 0.10082092869583459, "c": 0.13991173018624667, "iss": 0.9, "lr": 0.07890687148679476, "reg": 0.4231628439269794, "sr": 6.662569816233053}}