{"returned_dict": {"loss": 0.14195998013019562, "r2": 0.14195998013019562, "status": "ok", "start_time": 1671738440.9819863, "duration": 2.1093947887420654}, "current_params": {"N": 200, "b": 0.32121512558070475, "c": 0.13413676473855488, "iss": 0.9, "lr": 0.0013617499844976507, "reg": 0.35792792136944973, "sr": 6.86728180699679}}