{"returned_dict": {"loss": 0.14174053072929382, "r2": 0.14174053072929382, "status": "ok", "start_time": 1671741642.533434, "duration": 2.0939643383026123}, "current_params": {"N": 100, "b": 0.4688661285632797, "c": 0.2091463896600472, "iss": 0.9, "lr": 0.013663130602244231, "reg": 0.24545582290733942, "sr": 6.415997101146584}}