{"returned_dict": {"loss": 0.14402945339679718, "r2": 0.14402945339679718, "status": "ok", "start_time": 1671745007.0799892, "duration": 2.1322453022003174}, "current_params": {"N": 100, "b": 0.9791217760198553, "c": 0.14406547171085018, "iss": 0.9, "lr": 0.0013530394390112253, "reg": 0.4505920381025818, "sr": 4.942321762210675}}