{"returned_dict": {"loss": 0.14202338457107544, "r2": 0.14202338457107544, "status": "ok", "start_time": 1671738076.5791547, "duration": 2.086817741394043}, "current_params": {"N": 200, "b": 0.2304832403050253, "c": 0.23149403875640578, "iss": 0.9, "lr": 0.041351055886843374, "reg": 0.7981396944566106, "sr": 4.414934743222301}}