{"returned_dict": {"loss": 0.14608214795589447, "r2": 0.14608214795589447, "status": "ok", "start_time": 1671737808.905385, "duration": 1.9734318256378174}, "current_params": {"N": 200, "b": 0.6009937897697135, "c": 0.7027965191300566, "iss": 0.9, "lr": 0.0016562209632395857, "reg": 0.18595095504852616, "sr": 6.091700405214507}}