{"returned_dict": {"loss": 0.1438574343919754, "r2": 0.1438574343919754, "status": "ok", "start_time": 1671741140.8200161, "duration": 2.235085964202881}, "current_params": {"N": 200, "b": 0.32121512558070475, "c": 0.13413676473855488, "iss": 0.9, "lr": 0.0013617499844976507, "reg": 0.35792792136944973, "sr": 8.822566824645719}}