{"returned_dict": {"loss": 0.1432752013206482, "r2": 0.1432752013206482, "status": "ok", "start_time": 1671741015.7850378, "duration": 2.21108078956604}, "current_params": {"N": 300, "b": 0.316061210134463, "c": 0.5017108166929558, "iss": 0.9, "lr": 0.12604542007461414, "reg": 0.33445110930598154, "sr": 9.744935520867308}}