{"returned_dict": {"loss": 0.14383409917354584, "r2": 0.14383409917354584, "status": "ok", "start_time": 1671742283.2614324, "duration": 2.0726523399353027}, "current_params": {"N": 100, "b": 0.1516336206233104, "c": 0.13185247682050752, "iss": 0.9, "lr": 0.06721134863476651, "reg": 0.36140627916382634, "sr": 5.536683715205898}}