{"returned_dict": {"loss": 0.14527897536754608, "r2": 0.14527897536754608, "status": "ok", "start_time": 1671740537.4529884, "duration": 2.164466619491577}, "current_params": {"N": 300, "b": 0.1390602979545292, "c": 0.5284369304324074, "iss": 0.9, "lr": 0.02801415255330273, "reg": 0.12112019327704544, "sr": 2.754624322391073}}