{"returned_dict": {"loss": 0.14500008523464203, "r2": 0.14500008523464203, "status": "ok", "start_time": 1671740346.0026364, "duration": 2.2721896171569824}, "current_params": {"N": 300, "b": 0.2983152512960275, "c": 0.2598964183753533, "iss": 0.9, "lr": 0.005647264982798819, "reg": 0.32248617869186963, "sr": 5.962550883982945}}