{"returned_dict": {"loss": 0.14353470504283905, "r2": 0.14353470504283905, "status": "ok", "start_time": 1671737636.1228993, "duration": 2.018986225128174}, "current_params": {"N": 100, "b": 0.6876279553445324, "c": 0.8722856055216105, "iss": 0.9, "lr": 0.02207977188453779, "reg": 0.6920483867201932, "sr": 6.83359616790843}}