{"returned_dict": {"loss": 0.14629580080509186, "r2": 0.14629580080509186, "status": "ok", "start_time": 1671738001.993822, "duration": 2.0754377841949463}, "current_params": {"N": 200, "b": 0.15982914520800953, "c": 0.9089609189786857, "iss": 0.9, "lr": 0.002061965156656183, "reg": 0.1055563701465822, "sr": 4.728906376183976}}