{"returned_dict": {"loss": 0.14580059051513672, "r2": 0.14580059051513672, "status": "ok", "start_time": 1671740750.0254757, "duration": 2.201242685317993}, "current_params": {"N": 200, "b": 0.2304832403050253, "c": 0.23149403875640578, "iss": 0.9, "lr": 0.041351055886843374, "reg": 0.7981396944566106, "sr": 7.614500675936283}}