{"returned_dict": {"loss": 0.15815144777297974, "r2": 0.15815144777297974, "status": "ok", "start_time": 1671742195.0458336, "duration": 2.176363468170166}, "current_params": {"N": 100, "b": 0.14275543252355766, "c": 0.22468006825166328, "iss": 0.9, "lr": 0.06756447779136424, "reg": 0.14641346349073553, "sr": 6.581508890129453}}