{"returned_dict": {"loss": 0.1528560072183609, "r2": 0.1528560072183609, "status": "ok", "start_time": 1671740670.0721843, "duration": 2.302217483520508}, "current_params": {"N": 200, "b": 0.15982914520800953, "c": 0.9089609189786857, "iss": 0.9, "lr": 0.002061965156656183, "reg": 0.1055563701465822, "sr": 7.79088699912577}}