{"returned_dict": {"loss": 0.1525946408510208, "r2": 0.1525946408510208, "status": "ok", "start_time": 1671742334.4865272, "duration": 2.084149122238159}, "current_params": {"N": 100, "b": 0.4785591915558265, "c": 0.10697614022494589, "iss": 0.9, "lr": 0.028598793011358484, "reg": 0.16608849752432628, "sr": 6.728314265410328}}