{"returned_dict": {"loss": 0.15138547122478485, "r2": 0.15138547122478485, "status": "ok", "start_time": 1671740592.6947324, "duration": 2.1772923469543457}, "current_params": {"N": 300, "b": 0.6512829363588604, "c": 0.6407381684200432, "iss": 0.9, "lr": 0.06255824090582882, "reg": 0.4723889064734738, "sr": 3.7907431893697336}}