{"returned_dict": {"loss": 0.15824253857135773, "r2": 0.15824253857135773, "status": "ok", "start_time": 1671740821.9984488, "duration": 2.3826332092285156}, "current_params": {"N": 300, "b": 0.2522660886319988, "c": 0.12305486658093537, "iss": 0.9, "lr": 0.030277284489947397, "reg": 0.39911444040549926, "sr": 3.404158137960625}}