{"returned_dict": {"loss": 0.15936394035816193, "r2": 0.15936394035816193, "status": "ok", "start_time": 1671740772.3781106, "duration": 2.3841943740844727}, "current_params": {"N": 300, "b": 0.11248005126838483, "c": 0.7517792533952482, "iss": 0.9, "lr": 0.08420155059625796, "reg": 0.17667797575638816, "sr": 3.276614056110574}}