{"returned_dict": {"loss": 0.15041126310825348, "r2": 0.15041126310825348, "status": "ok", "start_time": 1671742138.9242206, "duration": 2.094871759414673}, "current_params": {"N": 100, "b": 0.307298460623749, "c": 0.530717632183387, "iss": 0.9, "lr": 0.0068799055882288246, "reg": 0.7726239073249466, "sr": 6.232355646816888}}