{"returned_dict": {"loss": 0.15489421784877777, "r2": 0.15489421784877777, "status": "ok", "start_time": 1671740397.8835702, "duration": 2.3197529315948486}, "current_params": {"N": 200, "b": 0.7500413258928623, "c": 0.25212693909911466, "iss": 0.9, "lr": 0.023565820546423054, "reg": 0.7127178255418706, "sr": 8.42847983628859}}