{"returned_dict": {"loss": 0.15410573780536652, "r2": 0.15410573780536652, "status": "ok", "start_time": 1671741657.558266, "duration": 2.236272096633911}, "current_params": {"N": 100, "b": 0.11397054723771277, "c": 0.10184281168829636, "iss": 0.9, "lr": 0.010013001344096625, "reg": 0.3518078333243298, "sr": 6.825895632404203}}