{"returned_dict": {"loss": 0.15462720394134521, "r2": 0.15462720394134521, "status": "ok", "start_time": 1671741741.778107, "duration": 2.233328104019165}, "current_params": {"N": 100, "b": 0.2536948874939323, "c": 0.14418163350017554, "iss": 0.9, "lr": 0.00792332805983459, "reg": 0.3151994980968775, "sr": 3.8603248934095435}}