{"returned_dict": {"loss": 0.1502484828233719, "r2": 0.1502484828233719, "status": "ok", "start_time": 1671742028.227985, "duration": 2.0664360523223877}, "current_params": {"N": 100, "b": 0.4751499921733964, "c": 0.5430134095487957, "iss": 0.9, "lr": 0.03848183471535186, "reg": 0.22100465959585605, "sr": 4.898496248040048}}