{"returned_dict": {"loss": 0.1594705879688263, "r2": 0.1594705879688263, "status": "ok", "start_time": 1671744985.5573106, "duration": 2.0938923358917236}, "current_params": {"N": 100, "b": 0.7500413258928623, "c": 0.25212693909911466, "iss": 0.9, "lr": 0.023565820546423054, "reg": 0.7127178255418706, "sr": 8.42847983628859}}