{"returned_dict": {"loss": 0.16822557151317596, "r2": 0.16822557151317596, "status": "ok", "start_time": 1671742188.5801592, "duration": 2.149111747741699}, "current_params": {"N": 100, "b": 0.26110537996490446, "c": 0.3605072426357226, "iss": 0.9, "lr": 0.0026605844574292235, "reg": 0.302429621665854, "sr": 5.478841145396529}}