{"returned_dict": {"loss": 0.1666785478591919, "r2": 0.1666785478591919, "status": "ok", "start_time": 1671738334.8813837, "duration": 2.4092280864715576}, "current_params": {"N": 300, "b": 0.8195511069274896, "c": 0.2687072602305069, "iss": 0.9, "lr": 0.00416367220681825, "reg": 0.34124038544916646, "sr": 6.40029103553207}}