{"returned_dict": {"loss": 0.1649661660194397, "r2": 0.1649661660194397, "status": "ok", "start_time": 1671744927.2977073, "duration": 2.1127421855926514}, "current_params": {"N": 100, "b": 0.29110730695044396, "c": 0.14256070933143725, "iss": 0.9, "lr": 0.0019431745080725833, "reg": 0.25026977532696504, "sr": 9.406582568167266}}