{"returned_dict": {"loss": 0.164621040225029, "r2": 0.164621040225029, "status": "ok", "start_time": 1671738285.0322518, "duration": 2.0069971084594727}, "current_params": {"N": 100, "b": 0.19404670209402472, "c": 0.23066559810052467, "iss": 0.9, "lr": 0.03124019934323712, "reg": 0.25885735384066716, "sr": 6.101608262012824}}