{"returned_dict": {"loss": 0.1643800288438797, "r2": 0.1643800288438797, "status": "ok", "start_time": 1671744882.2713046, "duration": 2.157639741897583}, "current_params": {"N": 100, "b": 0.7897255223968852, "c": 0.6804836684055193, "iss": 0.9, "lr": 0.026162881037661297, "reg": 0.22657764468506036, "sr": 6.198953326625668}}