{"returned_dict": {"loss": 0.16335298120975494, "r2": 0.16335298120975494, "status": "ok", "start_time": 1671740569.2933328, "duration": 2.105064868927002}, "current_params": {"N": 200, "b": 0.3334743983892344, "c": 0.1927460946788603, "iss": 0.9, "lr": 0.0010766940981987293, "reg": 0.36683204140674386, "sr": 7.132403598378431}}