{"returned_dict": {"loss": 0.16565051674842834, "r2": 0.16565051674842834, "status": "ok", "start_time": 1671738324.433109, "duration": 2.216071367263794}, "current_params": {"N": 300, "b": 0.316061210134463, "c": 0.5017108166929558, "iss": 0.9, "lr": 0.12604542007461414, "reg": 0.33445110930598154, "sr": 9.25415798959201}}