{"returned_dict": {"loss": 0.16536764800548553, "r2": 0.16536764800548553, "status": "ok", "start_time": 1671737745.7795444, "duration": 2.0223333835601807}, "current_params": {"N": 200, "b": 0.9360330161706649, "c": 0.3394871433915327, "iss": 0.9, "lr": 0.010754552393914138, "reg": 0.8798722806719587, "sr": 7.505573307332535}}