{"returned_dict": {"loss": 0.16375191509723663, "r2": 0.16375191509723663, "status": "ok", "start_time": 1671738432.5875282, "duration": 2.111760139465332}, "current_params": {"N": 300, "b": 0.4785591915558265, "c": 0.10697614022494589, "iss": 0.9, "lr": 0.028598793011358484, "reg": 0.16608849752432628, "sr": 3.045922189445651}}