{"returned_dict": {"loss": 0.16937761008739471, "r2": 0.16937761008739471, "status": "ok", "start_time": 1671740685.9034579, "duration": 2.293623685836792}, "current_params": {"N": 300, "b": 0.10082092869583459, "c": 0.13991173018624667, "iss": 0.9, "lr": 0.07890687148679476, "reg": 0.4231628439269794, "sr": 6.662569816233053}}