{"returned_dict": {"loss": 0.16119875013828278, "r2": 0.16119875013828278, "status": "ok", "start_time": 1671740973.2240136, "duration": 2.115492582321167}, "current_params": {"N": 100, "b": 0.19404670209402472, "c": 0.23066559810052467, "iss": 0.9, "lr": 0.03124019934323712, "reg": 0.25885735384066716, "sr": 8.481671353665725}}