{"returned_dict": {"loss": 0.1615801751613617, "r2": 0.1615801751613617, "status": "ok", "start_time": 1671740123.6629238, "duration": 2.297714948654175}, "current_params": {"N": 300, "b": 0.11855409109698968, "c": 0.5063607288068672, "iss": 0.9, "lr": 0.05989081733494548, "reg": 0.16301107708185072, "sr": 2.533831146277458}}