{"returned_dict": {"loss": 0.16120867431163788, "r2": 0.16120867431163788, "status": "ok", "start_time": 1671738016.7891717, "duration": 2.1521756649017334}, "current_params": {"N": 300, "b": 0.10082092869583459, "c": 0.13991173018624667, "iss": 0.9, "lr": 0.07890687148679476, "reg": 0.4231628439269794, "sr": 2.9575038518672168}}