{"returned_dict": {"loss": 0.16851909458637238, "r2": 0.16851909458637238, "status": "ok", "start_time": 1671738274.6909528, "duration": 2.2075560092926025}, "current_params": {"N": 300, "b": 0.23378525715984622, "c": 0.4228128056360456, "iss": 0.9, "lr": 0.06856350733458151, "reg": 0.7012744303233724, "sr": 5.715902463234381}}