{"returned_dict": {"loss": 0.1612599939107895, "r2": 0.1612599939107895, "status": "ok", "start_time": 1671740219.7736006, "duration": 2.1892995834350586}, "current_params": {"N": 100, "b": 0.7906998662511192, "c": 0.11080428840613966, "iss": 0.9, "lr": 0.01935540965604909, "reg": 0.649395157474003, "sr": 7.620395173733741}}