{"returned_dict": {"loss": 0.163102388381958, "r2": 0.163102388381958, "status": "ok", "start_time": 1671741102.4262726, "duration": 2.335386037826538}, "current_params": {"N": 300, "b": 0.10142228994482533, "c": 0.7633489277866008, "iss": 0.9, "lr": 0.015073753459248728, "reg": 0.25411008227808907, "sr": 6.9589395740255116}}