{"returned_dict": {"loss": 0.16548050940036774, "r2": 0.16548050940036774, "status": "ok", "start_time": 1671742005.0445259, "duration": 2.1490302085876465}, "current_params": {"N": 100, "b": 0.28316592974079946, "c": 0.2528972672589762, "iss": 0.9, "lr": 0.002980494580652544, "reg": 0.777241434173803, "sr": 9.53356498138955}}