{"returned_dict": {"loss": 0.17935949563980103, "r2": 0.17935949563980103, "status": "ok", "start_time": 1671740609.9721658, "duration": 2.086050271987915}, "current_params": {"N": 200, "b": 0.5331041340227792, "c": 0.41699902386878396, "iss": 0.9, "lr": 0.007130701686299744, "reg": 0.13788412569545336, "sr": 4.246226493283501}}