{"returned_dict": {"loss": 0.17306552827358246, "r2": 0.17306552827358246, "status": "ok", "start_time": 1671744955.2264986, "duration": 2.107454776763916}, "current_params": {"N": 100, "b": 0.11005045871766199, "c": 0.9788354149714845, "iss": 0.9, "lr": 0.011152501138346385, "reg": 0.23972522638284083, "sr": 5.197097321435694}}