{"returned_dict": {"loss": 0.1731889843940735, "r2": 0.1731889843940735, "status": "ok", "start_time": 1671741441.3143814, "duration": 2.085127592086792}, "current_params": {"N": 100, "b": 0.48661918700375706, "c": 0.2877598019205282, "iss": 0.9, "lr": 0.008993216326780393, "reg": 0.4381232811916335, "sr": 4.6997399963038715}}