{"returned_dict": {"loss": 0.1772318035364151, "r2": 0.1772318035364151, "status": "ok", "start_time": 1671737687.2878344, "duration": 1.8933334350585938}, "current_params": {"N": 100, "b": 0.29110730695044396, "c": 0.14256070933143725, "iss": 0.9, "lr": 0.0019431745080725833, "reg": 0.25026977532696504, "sr": 8.323301293667457}}