{"returned_dict": {"loss": 0.17264674603939056, "r2": 0.17264674603939056, "status": "ok", "start_time": 1671741883.5623777, "duration": 2.071240186691284}, "current_params": {"N": 100, "b": 0.5356517519338442, "c": 0.8501465621861978, "iss": 0.9, "lr": 0.0014544356244038587, "reg": 0.16464281893950014, "sr": 6.423221471077153}}