{"returned_dict": {"loss": 0.1759885996580124, "r2": 0.1759885996580124, "status": "ok", "start_time": 1671741543.1429346, "duration": 2.193131446838379}, "current_params": {"N": 100, "b": 0.2913718848169036, "c": 0.10161834449727572, "iss": 0.9, "lr": 0.012836594720886337, "reg": 0.10551494454686726, "sr": 4.271702489927248}}