{"returned_dict": {"loss": 0.1706877201795578, "r2": 0.1706877201795578, "status": "ok", "start_time": 1671741183.4122972, "duration": 2.11287522315979}, "current_params": {"N": 100, "b": 0.34394718882259384, "c": 0.33144001221783764, "iss": 0.9, "lr": 0.0017601031734422643, "reg": 0.34298468776750285, "sr": 6.540356096971201}}