{"returned_dict": {"loss": 0.17270945012569427, "r2": 0.17270945012569427, "status": "ok", "start_time": 1671740948.975174, "duration": 2.1911237239837646}, "current_params": {"N": 200, "b": 0.26632826409656996, "c": 0.22136444481684922, "iss": 0.9, "lr": 0.0021069842510787135, "reg": 0.674065017207701, "sr": 7.283165283274894}}