{"returned_dict": {"loss": 0.17852865159511566, "r2": 0.17852865159511566, "status": "ok", "start_time": 1671740909.0567791, "duration": 2.2348217964172363}, "current_params": {"N": 300, "b": 0.8312479171763649, "c": 0.5013975590119712, "iss": 0.9, "lr": 0.006858129388298765, "reg": 0.1402837485736772, "sr": 7.076429352449008}}