{"returned_dict": {"loss": 0.1711634397506714, "r2": 0.1711634397506714, "status": "ok", "start_time": 1671741356.111464, "duration": 2.0691564083099365}, "current_params": {"N": 100, "b": 0.2178540216220906, "c": 0.22188022501356255, "iss": 0.9, "lr": 0.0072789537441323385, "reg": 0.1249236444725879, "sr": 3.183491940086409}}