{"returned_dict": {"loss": 0.17289330065250397, "r2": 0.17289330065250397, "status": "ok", "start_time": 1671744826.136612, "duration": 2.2422688007354736}, "current_params": {"N": 100, "b": 0.20374808389483057, "c": 0.6891537123949979, "iss": 0.9, "lr": 0.023226759313516834, "reg": 0.2634815949563998, "sr": 5.644785973826236}}