{"returned_dict": {"loss": 0.17770498991012573, "r2": 0.17770498991012573, "status": "ok", "start_time": 1671738107.4825315, "duration": 2.0323922634124756}, "current_params": {"N": 200, "b": 0.30830640805427273, "c": 0.5841112973576059, "iss": 0.9, "lr": 0.0016844873138533159, "reg": 0.19775581357198083, "sr": 5.702245636285762}}