{"returned_dict": {"loss": 0.1767454296350479, "r2": 0.1767454296350479, "status": "ok", "start_time": 1671742296.0894463, "duration": 2.131662607192993}, "current_params": {"N": 100, "b": 0.36655984531074254, "c": 0.6138675783852107, "iss": 0.9, "lr": 0.04138018486863133, "reg": 0.18864541061654583, "sr": 5.233451481460306}}