{"returned_dict": {"loss": 0.17059707641601562, "r2": 0.17059707641601562, "status": "ok", "start_time": 1671741026.9833853, "duration": 2.2133243083953857}, "current_params": {"N": 300, "b": 0.8195511069274896, "c": 0.2687072602305069, "iss": 0.9, "lr": 0.00416367220681825, "reg": 0.34124038544916646, "sr": 8.617869386698821}}