{"returned_dict": {"loss": 0.17014296352863312, "r2": 0.17014296352863312, "status": "ok", "start_time": 1671744778.9742417, "duration": 2.182488203048706}, "current_params": {"N": 100, "b": 0.5168982205563806, "c": 0.12829608939510231, "iss": 0.9, "lr": 0.04203563441395582, "reg": 0.25964158050171177, "sr": 7.156498715042303}}