{"returned_dict": {"loss": 0.17756588757038116, "r2": 0.17756588757038116, "status": "ok", "start_time": 1671740193.465843, "duration": 2.2283875942230225}, "current_params": {"N": 200, "b": 0.5168982205563806, "c": 0.12829608939510231, "iss": 0.9, "lr": 0.04203563441395582, "reg": 0.25964158050171177, "sr": 7.156498715042303}}