{"returned_dict": {"loss": 0.17381374537944794, "r2": 0.17381374537944794, "status": "ok", "start_time": 1671741491.6166582, "duration": 2.118800640106201}, "current_params": {"N": 100, "b": 0.42116486562377015, "c": 0.17235779549531213, "iss": 0.9, "lr": 0.01146759760328504, "reg": 0.8949987338508635, "sr": 6.180677862909481}}