{"returned_dict": {"loss": 0.17802990972995758, "r2": 0.17802990972995758, "status": "ok", "start_time": 1671741549.776055, "duration": 2.1373519897460938}, "current_params": {"N": 100, "b": 0.11983991993935068, "c": 0.12648708388604232, "iss": 0.9, "lr": 0.0022976484367460367, "reg": 0.13046926426864755, "sr": 4.885161375912481}}