{"returned_dict": {"loss": 0.17793850600719452, "r2": 0.17793850600719452, "status": "ok", "start_time": 1671741580.062965, "duration": 2.0781219005584717}, "current_params": {"N": 100, "b": 0.13094250183297018, "c": 0.26512700260643596, "iss": 0.9, "lr": 0.001055234755253992, "reg": 0.160863067552842, "sr": 8.750506129636344}}