{"returned_dict": {"loss": 0.1870410442352295, "r2": 0.1870410442352295, "status": "ok", "start_time": 1671740597.0193312, "duration": 2.338996648788452}, "current_params": {"N": 300, "b": 0.5643821329495936, "c": 0.1457636330808847, "iss": 0.9, "lr": 0.08147759376551585, "reg": 0.27979187208417866, "sr": 5.505195349465581}}