{"returned_dict": {"loss": 0.18854385614395142, "r2": 0.18854385614395142, "status": "ok", "start_time": 1671744713.3321629, "duration": 2.2061405181884766}, "current_params": {"N": 100, "b": 0.8063819407616476, "c": 0.5286252754402889, "iss": 0.9, "lr": 0.021175330384294096, "reg": 0.14488522802077136, "sr": 5.684959305880698}}