{"returned_dict": {"loss": 0.1810808926820755, "r2": 0.1810808926820755, "status": "ok", "start_time": 1671740162.0576138, "duration": 2.2150702476501465}, "current_params": {"N": 200, "b": 0.3671504084922098, "c": 0.19034874015391315, "iss": 0.9, "lr": 0.050891035673396985, "reg": 0.49144065986301433, "sr": 9.967787150882925}}