{"returned_dict": {"loss": 0.18236219882965088, "r2": 0.18236219882965088, "status": "ok", "start_time": 1671741095.6916032, "duration": 2.3085689544677734}, "current_params": {"N": 300, "b": 0.2271061122636949, "c": 0.9141603428068512, "iss": 0.9, "lr": 0.061880908273659545, "reg": 0.3867971032088218, "sr": 5.2305396656064165}}