{"returned_dict": {"loss": 0.18266300857067108, "r2": 0.18266300857067108, "status": "ok", "start_time": 1671740270.949057, "duration": 2.2159430980682373}, "current_params": {"N": 300, "b": 0.42116486562377015, "c": 0.17235779549531213, "iss": 0.9, "lr": 0.01146759760328504, "reg": 0.8949987338508635, "sr": 6.180677862909481}}