{"returned_dict": {"loss": 0.18502362072467804, "r2": 0.18502362072467804, "status": "ok", "start_time": 1671741805.1833715, "duration": 2.2089602947235107}, "current_params": {"N": 100, "b": 0.13215626588766852, "c": 0.14843443211322474, "iss": 0.9, "lr": 0.02942052470600702, "reg": 0.2358905841064786, "sr": 6.332591213402681}}