{"returned_dict": {"loss": 0.18764491379261017, "r2": 0.18764491379261017, "status": "ok", "start_time": 1671737608.162898, "duration": 2.142275094985962}, "current_params": {"N": 300, "b": 0.48529354049224066, "c": 0.27027744563802075, "iss": 0.9, "lr": 0.012600442759985371, "reg": 0.2842106119612373, "sr": 7.954497739510182}}