{"returned_dict": {"loss": 0.1845979541540146, "r2": 0.1845979541540146, "status": "ok", "start_time": 1671740648.7534196, "duration": 2.185948371887207}, "current_params": {"N": 300, "b": 0.2924833521319556, "c": 0.6059824453338131, "iss": 0.9, "lr": 0.011495771561683863, "reg": 0.31995597316760627, "sr": 4.822777492875878}}