{"returned_dict": {"loss": 0.18826889991760254, "r2": 0.18826889991760254, "status": "ok", "start_time": 1671741931.6761277, "duration": 2.1204211711883545}, "current_params": {"N": 100, "b": 0.5241232818210698, "c": 0.20690284555807978, "iss": 0.9, "lr": 0.004256033099586216, "reg": 0.1277563556781231, "sr": 8.964183936704483}}