{"returned_dict": {"loss": 0.18512600660324097, "r2": 0.18512600660324097, "status": "ok", "start_time": 1671740125.9646287, "duration": 2.2936205863952637}, "current_params": {"N": 200, "b": 0.2178540216220906, "c": 0.22188022501356255, "iss": 0.9, "lr": 0.0072789537441323385, "reg": 0.1249236444725879, "sr": 3.183491940086409}}