{"returned_dict": {"loss": 0.18359877169132233, "r2": 0.18359877169132233, "status": "ok", "start_time": 1671741971.726227, "duration": 2.129026412963867}, "current_params": {"N": 100, "b": 0.20072019657788776, "c": 0.30946766213196425, "iss": 0.9, "lr": 0.030652330086062815, "reg": 0.23122467262626642, "sr": 4.6715417467756595}}