{"returned_dict": {"loss": 0.18068856000900269, "r2": 0.18068856000900269, "status": "ok", "start_time": 1671740815.2615142, "duration": 2.293736219406128}, "current_params": {"N": 300, "b": 0.7459633164858185, "c": 0.4394082478156582, "iss": 0.9, "lr": 0.051325573913067135, "reg": 0.5431384678507599, "sr": 6.853449688615406}}