{"returned_dict": {"loss": 0.19222433865070343, "r2": 0.19222433865070343, "status": "ok", "start_time": 1671744970.3620467, "duration": 2.1580910682678223}, "current_params": {"N": 100, "b": 0.1041513622294488, "c": 0.15353085193200222, "iss": 0.9, "lr": 0.06289522081324316, "reg": 0.1593172554857215, "sr": 8.974084749791272}}