{"returned_dict": {"loss": 0.19877968728542328, "r2": 0.19877968728542328, "status": "ok", "start_time": 1671740362.9550462, "duration": 2.0716166496276855}, "current_params": {"N": 100, "b": 0.9062382208078789, "c": 0.3807953140660558, "iss": 0.9, "lr": 0.005250222770550053, "reg": 0.5138157682334115, "sr": 6.40589975332519}}