{"returned_dict": {"loss": 0.19005484879016876, "r2": 0.19005484879016876, "status": "ok", "start_time": 1671742362.1027398, "duration": 2.129742383956909}, "current_params": {"N": 100, "b": 0.7612424150250956, "c": 0.10097529685133241, "iss": 0.9, "lr": 0.009715454405454007, "reg": 0.10062592001662156, "sr": 6.146930970219669}}