{"returned_dict": {"loss": 0.19617553055286407, "r2": 0.19617553055286407, "status": "ok", "start_time": 1671745242.2449577, "duration": 2.198312759399414}, "current_params": {"N": 100, "b": 0.2924833521319556, "c": 0.6059824453338131, "iss": 0.9, "lr": 0.011495771561683863, "reg": 0.31995597316760627, "sr": 4.822777492875878}}