{"returned_dict": {"loss": 0.19351954758167267, "r2": 0.19351954758167267, "status": "ok", "start_time": 1671740761.093245, "duration": 2.2269580364227295}, "current_params": {"N": 100, "b": 0.32456535397056274, "c": 0.6166839999322756, "iss": 0.9, "lr": 0.0024981795079276627, "reg": 0.21868209592249468, "sr": 4.459017187457016}}