{"returned_dict": {"loss": 0.19914083182811737, "r2": 0.19914083182811737, "status": "ok", "start_time": 1671737727.6256185, "duration": 2.0094223022460938}, "current_params": {"N": 100, "b": 0.1041513622294488, "c": 0.15353085193200222, "iss": 0.9, "lr": 0.06289522081324316, "reg": 0.1593172554857215, "sr": 7.227207099998132}}