{"returned_dict": {"loss": 0.19649775326251984, "r2": 0.19649775326251984, "status": "ok", "start_time": 1671740752.2327197, "duration": 2.256303310394287}, "current_params": {"N": 300, "b": 0.20072019657788776, "c": 0.30946766213196425, "iss": 0.9, "lr": 0.030652330086062815, "reg": 0.23122467262626642, "sr": 4.6715417467756595}}