{"returned_dict": {"loss": 0.19440585374832153, "r2": 0.19440585374832153, "status": "ok", "start_time": 1671740402.4616299, "duration": 2.1391353607177734}, "current_params": {"N": 200, "b": 0.9360330161706649, "c": 0.3394871433915327, "iss": 0.9, "lr": 0.010754552393914138, "reg": 0.8798722806719587, "sr": 9.087852933934817}}