{"returned_dict": {"loss": 0.19845104217529297, "r2": 0.19845104217529297, "status": "ok", "start_time": 1671742009.2933729, "duration": 2.0715880393981934}, "current_params": {"N": 100, "b": 0.6082503054059358, "c": 0.5789123838365018, "iss": 0.9, "lr": 0.004882742174485581, "reg": 0.1723696835727332, "sr": 4.966300844023014}}