{"returned_dict": {"loss": 0.1981632560491562, "r2": 0.1981632560491562, "status": "ok", "start_time": 1671740855.5389345, "duration": 2.1648004055023193}, "current_params": {"N": 200, "b": 0.1570259208747479, "c": 0.16479148004952845, "iss": 0.9, "lr": 0.06668244556782627, "reg": 0.21205831375774, "sr": 5.330116864462736}}