{"returned_dict": {"loss": 0.1943666934967041, "r2": 0.1943666934967041, "status": "ok", "start_time": 1671738451.4295907, "duration": 2.1552977561950684}, "current_params": {"N": 200, "b": 0.16870873329714312, "c": 0.3865099265994641, "iss": 0.9, "lr": 0.00952111965168405, "reg": 0.5442424698958884, "sr": 6.228743136034903}}