{"returned_dict": {"loss": 0.20070116221904755, "r2": 0.20070116221904755, "status": "ok", "start_time": 1671741625.2901206, "duration": 2.180935859680176}, "current_params": {"N": 100, "b": 0.22521508280358848, "c": 0.2262813883349643, "iss": 0.9, "lr": 0.02580145195828277, "reg": 0.49711934255450335, "sr": 6.7796719389452775}}