{"returned_dict": {"loss": 0.20436733961105347, "r2": 0.20436733961105347, "status": "ok", "start_time": 1671741100.234598, "duration": 2.185692548751831}, "current_params": {"N": 200, "b": 0.18343436955831863, "c": 0.1237261471791992, "iss": 0.9, "lr": 0.06283002967069397, "reg": 0.15692002619245599, "sr": 3.2201819753190235}}