{"returned_dict": {"loss": 0.20728670060634613, "r2": 0.20728670060634613, "status": "ok", "start_time": 1671737597.7983606, "duration": 1.9587950706481934}, "current_params": {"N": 100, "b": 0.2787889498356468, "c": 0.7185666946240731, "iss": 0.9, "lr": 0.004666278320192311, "reg": 0.6563163288976398, "sr": 9.019468988959575}}