{"returned_dict": {"loss": 0.20043176412582397, "r2": 0.20043176412582397, "status": "ok", "start_time": 1671745104.5482857, "duration": 2.1746957302093506}, "current_params": {"N": 100, "b": 0.2680475374494001, "c": 0.6452873059192099, "iss": 0.9, "lr": 0.04708253287367831, "reg": 0.19097511129002925, "sr": 8.976035245425354}}