{"returned_dict": {"loss": 0.20945073664188385, "r2": 0.20945073664188385, "status": "ok", "start_time": 1671741898.2199602, "duration": 2.1031863689422607}, "current_params": {"N": 100, "b": 0.8200256517876319, "c": 0.4821020162594311, "iss": 0.9, "lr": 0.016947408441461354, "reg": 0.16118073879749095, "sr": 8.09181517395053}}