{"returned_dict": {"loss": 0.20052261650562286, "r2": 0.20052261650562286, "status": "ok", "start_time": 1671741170.0381076, "duration": 2.318925619125366}, "current_params": {"N": 300, "b": 0.10614524481926702, "c": 0.1489210585259753, "iss": 0.9, "lr": 0.027529354667117274, "reg": 0.8338425856275485, "sr": 4.023269496990859}}