{"returned_dict": {"loss": 0.2073799967765808, "r2": 0.2073799967765808, "status": "ok", "start_time": 1671744933.7005346, "duration": 2.1890358924865723}, "current_params": {"N": 100, "b": 0.2983152512960275, "c": 0.2598964183753533, "iss": 0.9, "lr": 0.005647264982798819, "reg": 0.32248617869186963, "sr": 5.962550883982945}}