{"returned_dict": {"loss": 0.2081819623708725, "r2": 0.2081819623708725, "status": "ok", "start_time": 1671744726.9426117, "duration": 2.5695314407348633}, "current_params": {"N": 100, "b": 0.18018724218097829, "c": 0.2031442802976158, "iss": 0.9, "lr": 0.0020629649586181636, "reg": 0.4056508449331986, "sr": 6.0407078700841605}}