{"returned_dict": {"loss": 0.21636104583740234, "r2": 0.21636104583740234, "status": "ok", "start_time": 1671742317.3673244, "duration": 2.066432476043701}, "current_params": {"N": 100, "b": 0.3672781261891739, "c": 0.7275638568688911, "iss": 0.9, "lr": 0.00902729894708131, "reg": 0.15152308368900141, "sr": 4.785677753611007}}