{"returned_dict": {"loss": 0.21277739107608795, "r2": 0.21277739107608795, "status": "ok", "start_time": 1671737987.469533, "duration": 2.0332863330841064}, "current_params": {"N": 100, "b": 0.1250827164291319, "c": 0.11767539736504354, "iss": 0.9, "lr": 0.024674137771081867, "reg": 0.7255218753189868, "sr": 7.040789457597895}}