{"returned_dict": {"loss": 0.21372906863689423, "r2": 0.21372906863689423, "status": "ok", "start_time": 1671741500.0849931, "duration": 2.2254183292388916}, "current_params": {"N": 100, "b": 0.11630125151705328, "c": 0.10702763852895608, "iss": 0.9, "lr": 0.015679192953865242, "reg": 0.4395773453629808, "sr": 9.200706406180482}}