{"returned_dict": {"loss": 0.21396596729755402, "r2": 0.21396596729755402, "status": "ok", "start_time": 1671742098.0790377, "duration": 2.2412045001983643}, "current_params": {"N": 100, "b": 0.15385588404745448, "c": 0.3529057677589233, "iss": 0.9, "lr": 0.011071317153343148, "reg": 0.48838672080640794, "sr": 7.788937461423231}}