{"returned_dict": {"loss": 0.21420972049236298, "r2": 0.21420972049236298, "status": "ok", "start_time": 1671742100.3272274, "duration": 2.1477980613708496}, "current_params": {"N": 100, "b": 0.19541922830897812, "c": 0.6324242343657897, "iss": 0.9, "lr": 0.049164229924096706, "reg": 0.1514291611817301, "sr": 7.051533048269367}}