{"returned_dict": {"loss": 0.21801279485225677, "r2": 0.21801279485225677, "status": "ok", "start_time": 1671742023.8681312, "duration": 2.1400623321533203}, "current_params": {"N": 100, "b": 0.5968927357691607, "c": 0.5966961545619561, "iss": 0.9, "lr": 0.024693212214303244, "reg": 0.3029300708619324, "sr": 6.939980126179061}}