{"returned_dict": {"loss": 0.21116679906845093, "r2": 0.21116679906845093, "status": "ok", "start_time": 1671741879.513595, "duration": 2.028275489807129}, "current_params": {"N": 100, "b": 0.1250827164291319, "c": 0.11767539736504354, "iss": 0.9, "lr": 0.024674137771081867, "reg": 0.7255218753189868, "sr": 8.896252875980922}}