{"returned_dict": {"loss": 0.2157253623008728, "r2": 0.2157253623008728, "status": "ok", "start_time": 1671740928.9915628, "duration": 2.2308387756347656}, "current_params": {"N": 200, "b": 0.307298460623749, "c": 0.530717632183387, "iss": 0.9, "lr": 0.0068799055882288246, "reg": 0.7726239073249466, "sr": 6.232355646816888}}