{"returned_dict": {"loss": 0.21121591329574585, "r2": 0.21121591329574585, "status": "ok", "start_time": 1671740322.3590715, "duration": 2.0940113067626953}, "current_params": {"N": 200, "b": 0.2913718848169036, "c": 0.10161834449727572, "iss": 0.9, "lr": 0.012836594720886337, "reg": 0.10551494454686726, "sr": 4.271702489927248}}