{"returned_dict": {"loss": 0.21492822468280792, "r2": 0.21492822468280792, "status": "ok", "start_time": 1671737616.6343393, "duration": 2.051577091217041}, "current_params": {"N": 200, "b": 0.15446558188721798, "c": 0.7760727095861242, "iss": 0.9, "lr": 0.029602141041308122, "reg": 0.16062240457741953, "sr": 3.998119826570732}}