{"returned_dict": {"loss": 0.21427100896835327, "r2": 0.21427100896835327, "status": "ok", "start_time": 1671740168.8992999, "duration": 2.1331517696380615}, "current_params": {"N": 100, "b": 0.9302878436609177, "c": 0.16758795508292568, "iss": 0.9, "lr": 0.012042080474948267, "reg": 0.5122400860765063, "sr": 5.808441267923934}}