{"returned_dict": {"loss": 0.2188999056816101, "r2": 0.2188999056816101, "status": "ok", "start_time": 1671740367.2786665, "duration": 2.146688461303711}, "current_params": {"N": 200, "b": 0.11005045871766199, "c": 0.9788354149714845, "iss": 0.9, "lr": 0.011152501138346385, "reg": 0.23972522638284083, "sr": 5.197097321435694}}