{"returned_dict": {"loss": 0.2253507822751999, "r2": 0.2253507822751999, "status": "ok", "start_time": 1671740886.6623333, "duration": 2.283267021179199}, "current_params": {"N": 200, "b": 0.15385588404745448, "c": 0.3529057677589233, "iss": 0.9, "lr": 0.011071317153343148, "reg": 0.48838672080640794, "sr": 7.788937461423231}}