{"returned_dict": {"loss": 0.22404678165912628, "r2": 0.22404678165912628, "status": "ok", "start_time": 1671741152.1257868, "duration": 2.1923561096191406}, "current_params": {"N": 200, "b": 0.16870873329714312, "c": 0.3865099265994641, "iss": 0.9, "lr": 0.00952111965168405, "reg": 0.5442424698958884, "sr": 8.54017573000964}}