{"returned_dict": {"loss": 0.22940397262573242, "r2": 0.22940397262573242, "status": "ok", "start_time": 1671740286.3812652, "duration": 2.16499400138855}, "current_params": {"N": 100, "b": 0.6876279553445324, "c": 0.8722856055216105, "iss": 0.9, "lr": 0.02207977188453779, "reg": 0.6920483867201932, "sr": 8.808117581888563}}