{"returned_dict": {"loss": 0.22974848747253418, "r2": 0.22974848747253418, "status": "ok", "start_time": 1671740562.8067327, "duration": 2.142298460006714}, "current_params": {"N": 200, "b": 0.2021106271106483, "c": 0.27538221251302364, "iss": 0.9, "lr": 0.0012993040563268495, "reg": 0.13287908854439512, "sr": 9.156205334855912}}