{"returned_dict": {"loss": 0.22584719955921173, "r2": 0.22584719955921173, "status": "ok", "start_time": 1671742308.7869954, "duration": 2.174060106277466}, "current_params": {"N": 100, "b": 0.36537837976623627, "c": 0.7499045802479918, "iss": 0.9, "lr": 0.011362329543763997, "reg": 0.41839337378155306, "sr": 9.34135864138805}}