{"returned_dict": {"loss": 0.22807176411151886, "r2": 0.22807176411151886, "status": "ok", "start_time": 1671744833.1330206, "duration": 2.2680320739746094}, "current_params": {"N": 100, "b": 0.2787889498356468, "c": 0.7185666946240731, "iss": 0.9, "lr": 0.004666278320192311, "reg": 0.6563163288976398, "sr": 9.661850721737718}}