{"returned_dict": {"loss": 0.22113101184368134, "r2": 0.22113101184368134, "status": "ok", "start_time": 1671738205.9528902, "duration": 2.054414987564087}, "current_params": {"N": 200, "b": 0.19541922830897812, "c": 0.6324242343657897, "iss": 0.9, "lr": 0.049164229924096706, "reg": 0.1514291611817301, "sr": 3.506312637059401}}