{"returned_dict": {"loss": 0.22168226540088654, "r2": 0.22168226540088654, "status": "ok", "start_time": 1671740404.604755, "duration": 2.379152774810791}, "current_params": {"N": 300, "b": 0.22521508280358848, "c": 0.2262813883349643, "iss": 0.9, "lr": 0.02580145195828277, "reg": 0.49711934255450335, "sr": 6.7796719389452775}}