{"returned_dict": {"loss": 0.23834776878356934, "r2": 0.23834776878356934, "status": "ok", "start_time": 1671744976.7775145, "duration": 2.1557209491729736}, "current_params": {"N": 100, "b": 0.2435588337317628, "c": 0.3284066638700974, "iss": 0.9, "lr": 0.005362066549925435, "reg": 0.17688194108424993, "sr": 5.545467716533142}}