{"returned_dict": {"loss": 0.23871809244155884, "r2": 0.23871809244155884, "status": "ok", "start_time": 1671742276.8589113, "duration": 2.187770366668701}, "current_params": {"N": 100, "b": 0.43647050917229313, "c": 0.350865802568936, "iss": 0.9, "lr": 0.005736345818049351, "reg": 0.10709317996455056, "sr": 5.809101632033478}}