{"returned_dict": {"loss": 0.23842458426952362, "r2": 0.23842458426952362, "status": "ok", "start_time": 1671744736.107504, "duration": 2.1947684288024902}, "current_params": {"N": 100, "b": 0.7198731172963174, "c": 0.21620219278925643, "iss": 0.9, "lr": 0.004100650502354604, "reg": 0.972158800428616, "sr": 7.503218767724468}}