{"returned_dict": {"loss": 0.238750621676445, "r2": 0.238750621676445, "status": "ok", "start_time": 1671741854.1763928, "duration": 2.0863795280456543}, "current_params": {"N": 100, "b": 0.7371629266959782, "c": 0.741757643266903, "iss": 0.9, "lr": 0.02564599849690829, "reg": 0.1948662968773091, "sr": 8.117665522817854}}