{"returned_dict": {"loss": 0.237479567527771, "r2": 0.237479567527771, "status": "ok", "start_time": 1671741113.7756805, "duration": 2.1907835006713867}, "current_params": {"N": 200, "b": 0.3672781261891739, "c": 0.7275638568688911, "iss": 0.9, "lr": 0.00902729894708131, "reg": 0.15152308368900141, "sr": 4.785677753611007}}