{"returned_dict": {"loss": 0.23150373995304108, "r2": 0.23150373995304108, "status": "ok", "start_time": 1671737517.9895082, "duration": 2.1609604358673096}, "current_params": {"N": 200, "b": 0.3671504084922098, "c": 0.19034874015391315, "iss": 0.9, "lr": 0.050891035673396985, "reg": 0.49144065986301433, "sr": 9.903672418680925}}