{"returned_dict": {"loss": 0.23834776878356934, "r2": 0.23834776878356934, "status": "ok", "start_time": 1671741610.338058, "duration": 2.1038875579833984}, "current_params": {"N": 100, "b": 0.2435588337317628, "c": 0.3284066638700974, "iss": 0.9, "lr": 0.005362066549925435, "reg": 0.17688194108424993, "sr": 5.545467716533142}}