{"returned_dict": {"loss": 0.2330199033021927, "r2": 0.2330199033021927, "status": "ok", "start_time": 1671740239.8131764, "duration": 2.2217893600463867}, "current_params": {"N": 200, "b": 0.20374808389483057, "c": 0.6891537123949979, "iss": 0.9, "lr": 0.023226759313516834, "reg": 0.2634815949563998, "sr": 5.644785973826236}}