{"returned_dict": {"loss": 0.23540234565734863, "r2": 0.23540234565734863, "status": "ok", "start_time": 1671737629.6614447, "duration": 2.2283871173858643}, "current_params": {"N": 200, "b": 0.11630125151705328, "c": 0.10702763852895608, "iss": 0.9, "lr": 0.015679192953865242, "reg": 0.4395773453629808, "sr": 7.788673844303673}}