{"returned_dict": {"loss": 0.24169142544269562, "r2": 0.24169142544269562, "status": "ok", "start_time": 1671744974.624982, "duration": 2.1442031860351562}, "current_params": {"N": 100, "b": 0.139416451690119, "c": 0.1233437919639785, "iss": 0.9, "lr": 0.019364061327381353, "reg": 0.1612144564615147, "sr": 8.763523634089317}}