{"returned_dict": {"loss": 0.24738162755966187, "r2": 0.24738162755966187, "status": "ok", "start_time": 1671737973.0622416, "duration": 1.9772179126739502}, "current_params": {"N": 100, "b": 0.12082663749976547, "c": 0.9606948420068147, "iss": 0.9, "lr": 0.0012463383450310916, "reg": 0.12534792137085246, "sr": 8.52119709713092}}