{"returned_dict": {"loss": 0.24450866878032684, "r2": 0.24450866878032684, "status": "ok", "start_time": 1671741104.768182, "duration": 2.3287124633789062}, "current_params": {"N": 300, "b": 0.36537837976623627, "c": 0.7499045802479918, "iss": 0.9, "lr": 0.011362329543763997, "reg": 0.41839337378155306, "sr": 9.34135864138805}}