{"returned_dict": {"loss": 0.24773842096328735, "r2": 0.24773842096328735, "status": "ok", "start_time": 1671741414.2108188, "duration": 2.0850064754486084}, "current_params": {"N": 100, "b": 0.38763969293727446, "c": 0.3147534131905473, "iss": 0.9, "lr": 0.005473899359991359, "reg": 0.9962137323248021, "sr": 7.705177453775664}}