{"returned_dict": {"loss": 0.24567626416683197, "r2": 0.24567626416683197, "status": "ok", "start_time": 1671742119.7212393, "duration": 2.1338813304901123}, "current_params": {"N": 100, "b": 0.8312479171763649, "c": 0.5013975590119712, "iss": 0.9, "lr": 0.006858129388298765, "reg": 0.1402837485736772, "sr": 7.076429352449008}}