{"returned_dict": {"loss": 0.2405547946691513, "r2": 0.2405547946691513, "status": "ok", "start_time": 1671745142.109135, "duration": 2.1631052494049072}, "current_params": {"N": 100, "b": 0.9292666170093176, "c": 0.4286783803776698, "iss": 0.9, "lr": 0.005129387471264332, "reg": 0.10675429689597166, "sr": 6.981476943951333}}