{"returned_dict": {"loss": 0.2459418773651123, "r2": 0.2459418773651123, "status": "ok", "start_time": 1671740870.9498801, "duration": 2.266547441482544}, "current_params": {"N": 200, "b": 0.1432037629143728, "c": 0.17844674275830158, "iss": 0.9, "lr": 0.018924335451938, "reg": 0.4540193914614637, "sr": 6.398980052224478}}