{"returned_dict": {"loss": 0.24199466407299042, "r2": 0.24199466407299042, "status": "ok", "start_time": 1671740479.4800928, "duration": 2.1672651767730713}, "current_params": {"N": 300, "b": 0.22589003861138518, "c": 0.7312890185229031, "iss": 0.9, "lr": 0.056175796579322756, "reg": 0.26390029229568324, "sr": 5.467695916830662}}