{"returned_dict": {"loss": 0.24558021128177643, "r2": 0.24558021128177643, "status": "ok", "start_time": 1671737853.4602025, "duration": 1.986084222793579}, "current_params": {"N": 100, "b": 0.2680475374494001, "c": 0.6452873059192099, "iss": 0.9, "lr": 0.04708253287367831, "reg": 0.19097511129002925, "sr": 7.231920572306453}}