{"returned_dict": {"loss": 0.249564066529274, "r2": 0.249564066529274, "status": "ok", "start_time": 1671740257.42973, "duration": 2.2943553924560547}, "current_params": {"N": 300, "b": 0.48529354049224066, "c": 0.27027744563802075, "iss": 0.9, "lr": 0.012600442759985371, "reg": 0.2842106119612373, "sr": 9.265543960602415}}