{"returned_dict": {"loss": 0.24003750085830688, "r2": 0.24003750085830688, "status": "ok", "start_time": 1671740788.096157, "duration": 2.2185351848602295}, "current_params": {"N": 200, "b": 0.28316592974079946, "c": 0.2528972672589762, "iss": 0.9, "lr": 0.002980494580652544, "reg": 0.777241434173803, "sr": 9.53356498138955}}