{"returned_dict": {"loss": 0.24008828401565552, "r2": 0.24008828401565552, "status": "ok", "start_time": 1671738203.821469, "duration": 2.1267943382263184}, "current_params": {"N": 200, "b": 0.15385588404745448, "c": 0.3529057677589233, "iss": 0.9, "lr": 0.011071317153343148, "reg": 0.48838672080640794, "sr": 4.725357277915157}}