{"returned_dict": {"loss": 0.2443864345550537, "r2": 0.2443864345550537, "status": "ok", "start_time": 1671740579.996168, "duration": 2.175516128540039}, "current_params": {"N": 200, "b": 0.13215626588766852, "c": 0.14843443211322474, "iss": 0.9, "lr": 0.02942052470600702, "reg": 0.2358905841064786, "sr": 6.332591213402681}}