{"returned_dict": {"loss": 0.2598259150981903, "r2": 0.2598259150981903, "status": "ok", "start_time": 1671741196.8482294, "duration": 2.227982521057129}, "current_params": {"N": 100, "b": 0.40960416929076987, "c": 0.6518919562037829, "iss": 0.9, "lr": 0.006451232306112841, "reg": 0.10751774033589687, "sr": 5.686059161991335}}