{"returned_dict": {"loss": 0.2576363980770111, "r2": 0.2576363980770111, "status": "ok", "start_time": 1671737962.8306613, "duration": 2.0136735439300537}, "current_params": {"N": 200, "b": 0.7371629266959782, "c": 0.741757643266903, "iss": 0.9, "lr": 0.02564599849690829, "reg": 0.1948662968773091, "sr": 5.349256936870532}}