{"returned_dict": {"loss": 0.2502957582473755, "r2": 0.2502957582473755, "status": "ok", "start_time": 1671737631.8948183, "duration": 2.053251028060913}, "current_params": {"N": 100, "b": 0.12188305977657692, "c": 0.27479647103029703, "iss": 0.9, "lr": 0.003493503890213215, "reg": 0.275664392031955, "sr": 5.126759566939397}}