{"returned_dict": {"loss": 0.2503868043422699, "r2": 0.2503868043422699, "status": "ok", "start_time": 1671744989.8141277, "duration": 2.099785327911377}, "current_params": {"N": 100, "b": 0.9360330161706649, "c": 0.3394871433915327, "iss": 0.9, "lr": 0.010754552393914138, "reg": 0.8798722806719587, "sr": 9.087852933934817}}