{"returned_dict": {"loss": 0.25097355246543884, "r2": 0.25097355246543884, "status": "ok", "start_time": 1671738006.2380676, "duration": 2.158043384552002}, "current_params": {"N": 200, "b": 0.8200256517876319, "c": 0.4821020162594311, "iss": 0.9, "lr": 0.016947408441461354, "reg": 0.16118073879749095, "sr": 5.298316080308422}}