{"returned_dict": {"loss": 0.25226473808288574, "r2": 0.25226473808288574, "status": "ok", "start_time": 1671742347.202715, "duration": 2.0712828636169434}, "current_params": {"N": 100, "b": 0.29568012366577445, "c": 0.584102868184035, "iss": 0.9, "lr": 0.054068015220374396, "reg": 0.17226661615228653, "sr": 8.307806940767396}}