{"returned_dict": {"loss": 0.25240448117256165, "r2": 0.25240448117256165, "status": "ok", "start_time": 1671742353.4950738, "duration": 2.1510369777679443}, "current_params": {"N": 100, "b": 0.16870873329714312, "c": 0.3865099265994641, "iss": 0.9, "lr": 0.00952111965168405, "reg": 0.5442424698958884, "sr": 8.54017573000964}}