{"returned_dict": {"loss": 0.256899356842041, "r2": 0.256899356842041, "status": "ok", "start_time": 1671738405.489126, "duration": 2.0991768836975098}, "current_params": {"N": 300, "b": 0.10142228994482533, "c": 0.7633489277866008, "iss": 0.9, "lr": 0.015073753459248728, "reg": 0.25411008227808907, "sr": 3.3699945328577785}}