{"returned_dict": {"loss": 0.2576223313808441, "r2": 0.2576223313808441, "status": "ok", "start_time": 1671741199.083218, "duration": 2.142951726913452}, "current_params": {"N": 100, "b": 0.607562328548828, "c": 0.12754829805044496, "iss": 0.9, "lr": 0.005863017562287192, "reg": 0.21707262526299742, "sr": 4.5727683330439755}}