{"returned_dict": {"loss": 0.25998222827911377, "r2": 0.25998222827911377, "status": "ok", "start_time": 1671740369.4304981, "duration": 2.177872896194458}, "current_params": {"N": 300, "b": 0.15222471601951496, "c": 0.6723094298565843, "iss": 0.9, "lr": 0.00921134174257873, "reg": 0.1851738913674148, "sr": 6.662900003512446}}