{"returned_dict": {"loss": 0.2530245780944824, "r2": 0.2530245780944824, "status": "ok", "start_time": 1671740962.1468694, "duration": 2.2625746726989746}, "current_params": {"N": 300, "b": 0.23378525715984622, "c": 0.4228128056360456, "iss": 0.9, "lr": 0.06856350733458151, "reg": 0.7012744303233724, "sr": 8.2990478722179}}