{"returned_dict": {"loss": 0.2536473572254181, "r2": 0.2536473572254181, "status": "ok", "start_time": 1671740810.786203, "duration": 2.310310125350952}, "current_params": {"N": 300, "b": 0.2713167771240334, "c": 0.29826716932542785, "iss": 0.9, "lr": 0.06557566363846862, "reg": 0.2690843397870629, "sr": 4.709990537044534}}