{"returned_dict": {"loss": 0.25503286719322205, "r2": 0.25503286719322205, "status": "ok", "start_time": 1671740150.823364, "duration": 2.23700213432312}, "current_params": {"N": 200, "b": 0.7198731172963174, "c": 0.21620219278925643, "iss": 0.9, "lr": 0.004100650502354604, "reg": 0.972158800428616, "sr": 7.503218767724468}}