{"returned_dict": {"loss": 0.25686973333358765, "r2": 0.25686973333358765, "status": "ok", "start_time": 1671740466.4277658, "duration": 2.2536277770996094}, "current_params": {"N": 300, "b": 0.1148428743045548, "c": 0.4007982587134028, "iss": 0.9, "lr": 0.012445144152847186, "reg": 0.21822858164372408, "sr": 9.751356293157903}}