{"returned_dict": {"loss": 0.25988876819610596, "r2": 0.25988876819610596, "status": "ok", "start_time": 1671737731.6330733, "duration": 2.072402000427246}, "current_params": {"N": 200, "b": 0.139416451690119, "c": 0.1233437919639785, "iss": 0.9, "lr": 0.019364061327381353, "reg": 0.1612144564615147, "sr": 6.730328880060327}}