{"returned_dict": {"loss": 0.2508375346660614, "r2": 0.2508375346660614, "status": "ok", "start_time": 1671745056.2949963, "duration": 2.0493106842041016}, "current_params": {"N": 100, "b": 0.6009937897697135, "c": 0.7027965191300566, "iss": 0.9, "lr": 0.0016562209632395857, "reg": 0.18595095504852616, "sr": 8.47707799027724}}