{"returned_dict": {"loss": 0.26572921872138977, "r2": 0.26572921872138977, "status": "ok", "start_time": 1671738407.5933416, "duration": 2.183997392654419}, "current_params": {"N": 300, "b": 0.36537837976623627, "c": 0.7499045802479918, "iss": 0.9, "lr": 0.011362329543763997, "reg": 0.41839337378155306, "sr": 8.151361214148194}}