{"returned_dict": {"loss": 0.2670563757419586, "r2": 0.2670563757419586, "status": "ok", "start_time": 1671741214.6243844, "duration": 2.1402699947357178}, "current_params": {"N": 100, "b": 0.5031219897460688, "c": 0.13731820295115302, "iss": 0.9, "lr": 0.007709793650591136, "reg": 0.404845470195355, "sr": 6.688757780856916}}