{"returned_dict": {"loss": 0.26322701573371887, "r2": 0.26322701573371887, "status": "ok", "start_time": 1671740808.4900982, "duration": 2.2901194095611572}, "current_params": {"N": 300, "b": 0.5968927357691607, "c": 0.5966961545619561, "iss": 0.9, "lr": 0.024693212214303244, "reg": 0.3029300708619324, "sr": 6.939980126179061}}