{"returned_dict": {"loss": 0.27048489451408386, "r2": 0.27048489451408386, "status": "ok", "start_time": 1671741864.6366248, "duration": 2.0664312839508057}, "current_params": {"N": 100, "b": 0.12082663749976547, "c": 0.9606948420068147, "iss": 0.9, "lr": 0.0012463383450310916, "reg": 0.12534792137085246, "sr": 9.480550085112053}}