{"returned_dict": {"loss": 0.27075323462486267, "r2": 0.27075323462486267, "status": "ok", "start_time": 1671741091.2292027, "duration": 2.235055446624756}, "current_params": {"N": 200, "b": 0.36655984531074254, "c": 0.6138675783852107, "iss": 0.9, "lr": 0.04138018486863133, "reg": 0.18864541061654583, "sr": 5.233451481460306}}