{"returned_dict": {"loss": 0.27346357703208923, "r2": 0.27346357703208923, "status": "ok", "start_time": 1671740386.4741504, "duration": 2.106919765472412}, "current_params": {"N": 200, "b": 0.139416451690119, "c": 0.1233437919639785, "iss": 0.9, "lr": 0.019364061327381353, "reg": 0.1612144564615147, "sr": 8.763523634089317}}