{"returned_dict": {"loss": 0.2759173512458801, "r2": 0.2759173512458801, "status": "ok", "start_time": 1671740488.0307505, "duration": 2.1056201457977295}, "current_params": {"N": 200, "b": 0.6765811346502715, "c": 0.889674363075758, "iss": 0.9, "lr": 0.03448518184164638, "reg": 0.10113853229942482, "sr": 4.212782972264045}}