{"returned_dict": {"loss": 0.27132073044776917, "r2": 0.27132073044776917, "status": "ok", "start_time": 1671741896.1089675, "duration": 2.104011297225952}, "current_params": {"N": 100, "b": 0.15755372250124675, "c": 0.43950149273215067, "iss": 0.9, "lr": 0.0014462292557666065, "reg": 0.294214946520445, "sr": 8.10683510528745}}