{"returned_dict": {"loss": 0.27714261412620544, "r2": 0.27714261412620544, "status": "ok", "start_time": 1671740552.2770605, "duration": 2.069213390350342}, "current_params": {"N": 200, "b": 0.9292666170093176, "c": 0.4286783803776698, "iss": 0.9, "lr": 0.005129387471264332, "reg": 0.10675429689597166, "sr": 6.981476943951333}}