{"returned_dict": {"loss": 0.2886468768119812, "r2": 0.2886468768119812, "status": "ok", "start_time": 1671741071.1468618, "duration": 2.3136353492736816}, "current_params": {"N": 300, "b": 0.43647050917229313, "c": 0.350865802568936, "iss": 0.9, "lr": 0.005736345818049351, "reg": 0.10709317996455056, "sr": 5.809101632033478}}