{"returned_dict": {"loss": 0.2812647521495819, "r2": 0.2812647521495819, "status": "ok", "start_time": 1671740328.998322, "duration": 2.1210250854492188}, "current_params": {"N": 200, "b": 0.11983991993935068, "c": 0.12648708388604232, "iss": 0.9, "lr": 0.0022976484367460367, "reg": 0.13046926426864755, "sr": 4.885161375912481}}