{"returned_dict": {"loss": 0.2818680703639984, "r2": 0.2818680703639984, "status": "ok", "start_time": 1671741131.7166011, "duration": 2.2084288597106934}, "current_params": {"N": 300, "b": 0.4785591915558265, "c": 0.10697614022494589, "iss": 0.9, "lr": 0.028598793011358484, "reg": 0.16608849752432628, "sr": 6.728314265410328}}