{"returned_dict": {"loss": 0.2885938882827759, "r2": 0.2885938882827759, "status": "ok", "start_time": 1671740783.7071698, "duration": 2.1568968296051025}, "current_params": {"N": 200, "b": 0.30830640805427273, "c": 0.5841112973576059, "iss": 0.9, "lr": 0.0016844873138533159, "reg": 0.19775581357198083, "sr": 8.292433049398507}}