{"returned_dict": {"loss": 0.2807823121547699, "r2": 0.2807823121547699, "status": "ok", "start_time": 1671738222.3493855, "duration": 2.2432069778442383}, "current_params": {"N": 300, "b": 0.7966899929715147, "c": 0.2934287419279188, "iss": 0.9, "lr": 0.0025512185167810976, "reg": 0.16915079615594247, "sr": 9.089878947495396}}