{"returned_dict": {"loss": 0.29820239543914795, "r2": 0.29820239543914795, "status": "ok", "start_time": 1671742306.7205915, "duration": 2.0588860511779785}, "current_params": {"N": 100, "b": 0.10142228994482533, "c": 0.7633489277866008, "iss": 0.9, "lr": 0.015073753459248728, "reg": 0.25411008227808907, "sr": 6.9589395740255116}}