{"returned_dict": {"loss": 0.29720279574394226, "r2": 0.29720279574394226, "status": "ok", "start_time": 1671737507.5517762, "duration": 2.168635129928589}, "current_params": {"N": 200, "b": 0.7198731172963174, "c": 0.21620219278925643, "iss": 0.9, "lr": 0.004100650502354604, "reg": 0.972158800428616, "sr": 4.224184001973294}}