{"returned_dict": {"loss": 0.29407671093940735, "r2": 0.29407671093940735, "status": "ok", "start_time": 1671741893.9917204, "duration": 2.1107568740844727}, "current_params": {"N": 100, "b": 0.15982914520800953, "c": 0.9089609189786857, "iss": 0.9, "lr": 0.002061965156656183, "reg": 0.1055563701465822, "sr": 7.79088699912577}}