{"returned_dict": {"loss": 0.29799309372901917, "r2": 0.29799309372901917, "status": "ok", "start_time": 1671741590.8454432, "duration": 2.149035930633545}, "current_params": {"N": 100, "b": 0.15222471601951496, "c": 0.6723094298565843, "iss": 0.9, "lr": 0.00921134174257873, "reg": 0.1851738913674148, "sr": 6.662900003512446}}