{"returned_dict": {"loss": 0.3085768222808838, "r2": 0.3085768222808838, "status": "ok", "start_time": 1671741478.322019, "duration": 2.499645471572876}, "current_params": {"N": 100, "b": 0.48529354049224066, "c": 0.27027744563802075, "iss": 0.9, "lr": 0.012600442759985371, "reg": 0.2842106119612373, "sr": 9.265543960602415}}