{"returned_dict": {"loss": 0.30292001366615295, "r2": 0.30292001366615295, "status": "ok", "start_time": 1671741487.2292945, "duration": 2.1740269660949707}, "current_params": {"N": 100, "b": 0.15446558188721798, "c": 0.7760727095861242, "iss": 0.9, "lr": 0.029602141041308122, "reg": 0.16062240457741953, "sr": 7.36690837999909}}