{"returned_dict": {"loss": 0.3066033124923706, "r2": 0.3066033124923706, "status": "ok", "start_time": 1671740906.7662292, "duration": 2.283893346786499}, "current_params": {"N": 300, "b": 0.7966899929715147, "c": 0.2934287419279188, "iss": 0.9, "lr": 0.0025512185167810976, "reg": 0.16915079615594247, "sr": 9.68692713998413}}