{"returned_dict": {"loss": 0.3061513602733612, "r2": 0.3061513602733612, "status": "ok", "start_time": 1671740375.9605587, "duration": 2.1807825565338135}, "current_params": {"N": 300, "b": 0.6012626813664704, "c": 0.2820738569973246, "iss": 0.9, "lr": 0.03709140133925175, "reg": 0.1147727579416876, "sr": 5.501683792223441}}