{"returned_dict": {"loss": 0.30886685848236084, "r2": 0.30886685848236084, "status": "ok", "start_time": 1671740792.544408, "duration": 2.221803903579712}, "current_params": {"N": 300, "b": 0.6082503054059358, "c": 0.5789123838365018, "iss": 0.9, "lr": 0.004882742174485581, "reg": 0.1723696835727332, "sr": 4.966300844023014}}