{"returned_dict": {"loss": 0.31309443712234497, "r2": 0.31309443712234497, "status": "ok", "start_time": 1671737806.793946, "duration": 2.0964324474334717}, "current_params": {"N": 300, "b": 0.1148428743045548, "c": 0.4007982587134028, "iss": 0.9, "lr": 0.012445144152847186, "reg": 0.21822858164372408, "sr": 9.272462266637495}}