{"returned_dict": {"loss": 0.3129942715167999, "r2": 0.3129942715167999, "status": "ok", "start_time": 1671744869.2514277, "duration": 2.157942295074463}, "current_params": {"N": 100, "b": 0.12188305977657692, "c": 0.27479647103029703, "iss": 0.9, "lr": 0.003493503890213215, "reg": 0.275664392031955, "sr": 8.00351905958142}}