{"returned_dict": {"loss": 0.3137240409851074, "r2": 0.3137240409851074, "status": "ok", "start_time": 1671738445.1756666, "duration": 2.1576051712036133}, "current_params": {"N": 300, "b": 0.29568012366577445, "c": 0.584102868184035, "iss": 0.9, "lr": 0.054068015220374396, "reg": 0.17226661615228653, "sr": 5.73401978537489}}