{"returned_dict": {"loss": 0.3170156478881836, "r2": 0.3170156478881836, "status": "ok", "start_time": 1671744792.3947985, "duration": 2.3224284648895264}, "current_params": {"N": 100, "b": 0.5524956449276068, "c": 0.46337764074945414, "iss": 0.9, "lr": 0.006866394122619609, "reg": 0.136221641094246, "sr": 6.0869957474968475}}