{"returned_dict": {"loss": 0.311531662940979, "r2": 0.311531662940979, "status": "ok", "start_time": 1671744897.2522953, "duration": 2.1572351455688477}, "current_params": {"N": 100, "b": 0.2938826844826707, "c": 0.21955091071110946, "iss": 0.9, "lr": 0.024081733532461607, "reg": 0.11287814194505481, "sr": 6.333231419570633}}