{"returned_dict": {"loss": 0.32072708010673523, "r2": 0.32072708010673523, "status": "ok", "start_time": 1671740859.8111775, "duration": 2.2274858951568604}, "current_params": {"N": 200, "b": 0.30941847308231807, "c": 0.28636053613101153, "iss": 0.9, "lr": 0.004852265249673947, "reg": 0.17930712440365473, "sr": 7.322370753275035}}