{"returned_dict": {"loss": 0.32955116033554077, "r2": 0.32955116033554077, "status": "ok", "start_time": 1671737921.3243606, "duration": 2.1649017333984375}, "current_params": {"N": 300, "b": 0.4899356371528563, "c": 0.5113060434146426, "iss": 0.9, "lr": 0.017595032042260785, "reg": 0.19197020668348522, "sr": 8.266620124096498}}