{"returned_dict": {"loss": 0.33418726921081543, "r2": 0.33418726921081543, "status": "ok", "start_time": 1671740266.398737, "duration": 2.2536990642547607}, "current_params": {"N": 200, "b": 0.15446558188721798, "c": 0.7760727095861242, "iss": 0.9, "lr": 0.029602141041308122, "reg": 0.16062240457741953, "sr": 7.36690837999909}}