{"returned_dict": {"loss": 0.33876490592956543, "r2": 0.33876490592956543, "status": "ok", "start_time": 1671741811.5398731, "duration": 2.0765068531036377}, "current_params": {"N": 100, "b": 0.4899356371528563, "c": 0.5113060434146426, "iss": 0.9, "lr": 0.017595032042260785, "reg": 0.19197020668348522, "sr": 9.385181164188932}}