{"returned_dict": {"loss": 0.3329584002494812, "r2": 0.3329584002494812, "status": "ok", "start_time": 1671745054.1259832, "duration": 2.160224676132202}, "current_params": {"N": 100, "b": 0.1148428743045548, "c": 0.4007982587134028, "iss": 0.9, "lr": 0.012445144152847186, "reg": 0.21822858164372408, "sr": 9.751356293157903}}