{"returned_dict": {"loss": 0.34605565667152405, "r2": 0.34605565667152405, "status": "ok", "start_time": 1671738474.437304, "duration": 2.0129683017730713}, "current_params": {"N": 100, "b": 0.10112970220181215, "c": 0.8974155433088121, "iss": 0.9, "lr": 0.009264502404470208, "reg": 0.7352726533426328, "sr": 7.304915376758167}}