{"returned_dict": {"loss": 0.35600534081459045, "r2": 0.35600534081459045, "status": "ok", "start_time": 1671740888.952118, "duration": 2.192671775817871}, "current_params": {"N": 200, "b": 0.19541922830897812, "c": 0.6324242343657897, "iss": 0.9, "lr": 0.049164229924096706, "reg": 0.1514291611817301, "sr": 7.051533048269367}}