{"returned_dict": {"loss": 0.3677040636539459, "r2": 0.3677040636539459, "status": "ok", "start_time": 1671741176.9774575, "duration": 2.17724609375}, "current_params": {"N": 100, "b": 0.10112970220181215, "c": 0.8974155433088121, "iss": 0.9, "lr": 0.009264502404470208, "reg": 0.7352726533426328, "sr": 9.006133833741961}}