{"returned_dict": {"loss": 0.36067211627960205, "r2": 0.36067211627960205, "status": "ok", "start_time": 1671741145.4012346, "duration": 2.3095197677612305}, "current_params": {"N": 300, "b": 0.29568012366577445, "c": 0.584102868184035, "iss": 0.9, "lr": 0.054068015220374396, "reg": 0.17226661615228653, "sr": 8.307806940767396}}