{"returned_dict": {"loss": 0.36186930537223816, "r2": 0.36186930537223816, "status": "ok", "start_time": 1671738039.482324, "duration": 2.0421078205108643}, "current_params": {"N": 200, "b": 0.5241232818210698, "c": 0.20690284555807978, "iss": 0.9, "lr": 0.004256033099586216, "reg": 0.1277563556781231, "sr": 7.2033128601521685}}