{"returned_dict": {"loss": 0.3652888834476471, "r2": 0.3652888834476471, "status": "ok", "start_time": 1671741597.3113549, "duration": 2.1206183433532715}, "current_params": {"N": 100, "b": 0.6012626813664704, "c": 0.2820738569973246, "iss": 0.9, "lr": 0.03709140133925175, "reg": 0.1147727579416876, "sr": 5.501683792223441}}