{"returned_dict": {"loss": 0.37068402767181396, "r2": 0.37068402767181396, "status": "ok", "start_time": 1671740629.3681803, "duration": 2.3501882553100586}, "current_params": {"N": 200, "b": 0.7371629266959782, "c": 0.741757643266903, "iss": 0.9, "lr": 0.02564599849690829, "reg": 0.1948662968773091, "sr": 8.117665522817854}}