{"returned_dict": {"loss": 0.38943204283714294, "r2": 0.38943204283714294, "status": "ok", "start_time": 1671740279.9585414, "duration": 2.121579170227051}, "current_params": {"N": 200, "b": 0.11630125151705328, "c": 0.10702763852895608, "iss": 0.9, "lr": 0.015679192953865242, "reg": 0.4395773453629808, "sr": 9.200706406180482}}