{"returned_dict": {"loss": 0.38382625579833984, "r2": 0.38382625579833984, "status": "ok", "start_time": 1671742000.8697467, "duration": 2.0382113456726074}, "current_params": {"N": 100, "b": 0.30830640805427273, "c": 0.5841112973576059, "iss": 0.9, "lr": 0.0016844873138533159, "reg": 0.19775581357198083, "sr": 8.292433049398507}}