{"returned_dict": {"loss": 0.3973374664783478, "r2": 0.3973374664783478, "status": "ok", "start_time": 1671740309.6695976, "duration": 2.2131569385528564}, "current_params": {"N": 300, "b": 0.2938826844826707, "c": 0.21955091071110946, "iss": 0.9, "lr": 0.024081733532461607, "reg": 0.11287814194505481, "sr": 6.333231419570633}}