{"returned_dict": {"loss": 0.39565297961235046, "r2": 0.39565297961235046, "status": "ok", "start_time": 1671740674.6253605, "duration": 2.2171788215637207}, "current_params": {"N": 200, "b": 0.8200256517876319, "c": 0.4821020162594311, "iss": 0.9, "lr": 0.016947408441461354, "reg": 0.16118073879749095, "sr": 8.09181517395053}}