{"returned_dict": {"loss": 0.43544697761535645, "r2": 0.43544697761535645, "status": "ok", "start_time": 1671742233.8379319, "duration": 2.127976655960083}, "current_params": {"N": 100, "b": 0.8195511069274896, "c": 0.2687072602305069, "iss": 0.9, "lr": 0.00416367220681825, "reg": 0.34124038544916646, "sr": 8.617869386698821}}