{"returned_dict": {"loss": 0.43890443444252014, "r2": 0.43890443444252014, "status": "ok", "start_time": 1671742117.5292044, "duration": 2.1840357780456543}, "current_params": {"N": 100, "b": 0.7966899929715147, "c": 0.2934287419279188, "iss": 0.9, "lr": 0.0025512185167810976, "reg": 0.16915079615594247, "sr": 9.68692713998413}}