{"returned_dict": {"loss": 0.4622969925403595, "r2": 0.4622969925403595, "status": "ok", "start_time": 1671740710.4561536, "duration": 2.162998676300049}, "current_params": {"N": 200, "b": 0.5241232818210698, "c": 0.20690284555807978, "iss": 0.9, "lr": 0.004256033099586216, "reg": 0.1277563556781231, "sr": 8.964183936704483}}