{"returned_dict": {"loss": 0.5244948267936707, "r2": 0.5244948267936707, "status": "ok", "start_time": 1671740586.3671978, "duration": 2.2766544818878174}, "current_params": {"N": 300, "b": 0.4899356371528563, "c": 0.5113060434146426, "iss": 0.9, "lr": 0.017595032042260785, "reg": 0.19197020668348522, "sr": 9.385181164188932}}