{"returned_dict": {"loss": 0.796420156955719, "r2": 0.796420156955719, "status": "ok", "start_time": 1671737825.351183, "duration": 1.986821174621582}, "current_params": {"N": 100, "b": 0.15285407612139212, "c": 0.13827837264959808, "iss": 0.9, "lr": 0.004542545207344772, "reg": 0.10842822434319677, "sr": 9.335710032985542}}