{"returned_dict": {"loss": 0.8517338633537292, "r2": 0.8517338633537292, "status": "ok", "start_time": 1671745073.2184625, "duration": 2.08768630027771}, "current_params": {"N": 100, "b": 0.15285407612139212, "c": 0.13827837264959808, "iss": 0.9, "lr": 0.004542545207344772, "reg": 0.10842822434319677, "sr": 9.773477511973784}}